{
  "epoch": 2,
  "aggregate": 0.05515218817969745,
  "metrics": {
    "ner_precision": 0.5106580166821131,
    "ner_recall": 0.05377183565921733,
    "ner_f1": 0.09729825180999471,
    "norm_top1": 0.010592255125284738,
    "norm_ancestor": 0.1284738041002278,
    "norm_evaluated": 8780.0,
    "rel_macro_f1": 0.043517369727047145,
    "rel_pairs": 4420.0,
    "epoch": 2,
    "tau": 0.19999999999999996,
    "train_loss": 3.4216170101165773,
    "aggregate": 0.05515218817969745,
    "elapsed_sec": 216.35
  }
}