mesh_uri,snomed_uri,skos_property,confidence,mapping_method,mesh_id,snomed_id,snomed_term,frequency,entity_classes,corpora
http://id.nlm.nih.gov/mesh/D012640,http://snomed.info/id/91175000,skos:closeMatch,0.90,shared_cui,D012640,91175000,Seizure,556,disease,"BC5CDR,BioRED"
http://id.nlm.nih.gov/mesh/D007674,http://snomed.info/id/90708001,skos:closeMatch,0.90,shared_cui,D007674,90708001,Kidney disease,488,disease,"BC5CDR,BioRED"
http://id.nlm.nih.gov/mesh/D009369,http://snomed.info/id/108369006,skos:closeMatch,0.90,shared_cui,D009369,108369006,Neoplasm,474,disease,"BC5CDR,BioRED"
http://id.nlm.nih.gov/mesh/D004317,http://snomed.info/id/372817009,skos:closeMatch,0.90,shared_cui,D004317,372817009,Doxorubicin,410,chemical,"BC5CDR,BioRED"
http://id.nlm.nih.gov/mesh/D006973,http://snomed.info/id/38341003,skos:closeMatch,0.90,shared_cui,D006973,38341003,Hypertensive disorder,343,disease,"BC5CDR,BioRED"
http://id.nlm.nih.gov/mesh/D003042,http://snomed.info/id/387085005,skos:closeMatch,0.90,shared_cui,D003042,387085005,Cocaine,294,chemical,"BC5CDR,BioRED"
http://id.nlm.nih.gov/mesh/D064420,http://snomed.info/id/264519003,skos:closeMatch,0.90,shared_cui,D064420,264519003,Drug reaction,284,disease,"BC5CDR,BioRED"
http://id.nlm.nih.gov/mesh/D007022,http://snomed.info/id/45007003,skos:closeMatch,0.90,shared_cui,D007022,45007003,Low blood pressure,277,disease,"BC5CDR,BioRED"
http://id.nlm.nih.gov/mesh/D004409,http://snomed.info/id/102448004,skos:closeMatch,0.90,shared_cui,D004409,102448004,Drug-induced dyskinesia,207,disease,"BC5CDR,BioRED"
http://id.nlm.nih.gov/mesh/D056486,http://snomed.info/id/197352008,skos:closeMatch,0.90,shared_cui,D056486,197352008,Toxic hepatitis,207,disease,"BC5CDR,BioRED"
http://id.nlm.nih.gov/mesh/D004298,http://snomed.info/id/412383006,skos:closeMatch,0.90,shared_cui,D004298,412383006,Dopamine,205,chemical,"BC5CDR,BioRED"
http://id.nlm.nih.gov/mesh/D010146,http://snomed.info/id/22253000,skos:closeMatch,0.90,shared_cui,D010146,22253000,Pain,199,disease,"BC5CDR,BioRED"
http://id.nlm.nih.gov/mesh/D008094,http://snomed.info/id/85899009,skos:closeMatch,0.90,shared_cui,D008094,85899009,Lithium,196,chemical,"BC5CDR,BioRED"
http://id.nlm.nih.gov/mesh/D002118,http://snomed.info/id/5540006,skos:closeMatch,0.90,shared_cui,D002118,5540006,Calcium,191,chemical,"BC5CDR,BioRED"
http://id.nlm.nih.gov/mesh/D009020,http://snomed.info/id/373529000,skos:closeMatch,0.90,shared_cui,D009020,373529000,Morphine,191,chemical,"BC5CDR,BioRED"
http://id.nlm.nih.gov/mesh/D010300,http://snomed.info/id/49049000,skos:closeMatch,0.90,shared_cui,D010300,49049000,Parkinson's disease,190,disease,"BC5CDR,BioRED"
http://id.nlm.nih.gov/mesh/D003520,http://snomed.info/id/387420009,skos:closeMatch,0.90,shared_cui,D003520,387420009,Cyclophosphamide,181,chemical,"BC5CDR,BioRED"
http://id.nlm.nih.gov/mesh/D003907,http://snomed.info/id/372584003,skos:closeMatch,0.90,shared_cui,D003907,372584003,Dexamethasone,181,chemical,"BC5CDR,BioRED"
http://id.nlm.nih.gov/mesh/D007980,http://snomed.info/id/387086006,skos:closeMatch,0.90,shared_cui,D007980,387086006,Levodopa,176,chemical,"BC5CDR,BioRED"
http://id.nlm.nih.gov/mesh/D007545,http://snomed.info/id/372781009,skos:closeMatch,0.90,shared_cui,D007545,372781009,Isoproterenol,175,chemical,"BC5CDR,BioRED"
http://id.nlm.nih.gov/mesh/D000082,http://snomed.info/id/387517004,skos:closeMatch,0.90,shared_cui,D000082,387517004,Acetaminophen,165,chemical,"BC5CDR,BioRED"
http://id.nlm.nih.gov/mesh/D010862,http://snomed.info/id/372895002,skos:closeMatch,0.90,shared_cui,D010862,372895002,Pilocarpine,165,chemical,"BC5CDR,BioRED"
http://id.nlm.nih.gov/mesh/D008694,http://snomed.info/id/387499002,skos:closeMatch,0.90,shared_cui,D008694,387499002,Methamphetamine,163,chemical,"BC5CDR,BioRED"
http://id.nlm.nih.gov/mesh/D066126,http://snomed.info/id/863954001,skos:closeMatch,0.93,shared_cui_strict,D066126,863954001,Cardiotoxicity,162,disease,"BC5CDR,BioRED"
http://id.nlm.nih.gov/mesh/D009203,http://snomed.info/id/22298006,skos:closeMatch,0.90,shared_cui,D009203,22298006,Myocardial infarction,161,disease,"BC5CDR,BioRED"
http://id.nlm.nih.gov/mesh/D012701,http://snomed.info/id/33635003,skos:closeMatch,0.93,shared_cui_strict,D012701,33635003,Serotonin,147,chemical,"BC5CDR,BioRED"
http://id.nlm.nih.gov/mesh/D005472,http://snomed.info/id/387172005,skos:closeMatch,0.90,shared_cui,D005472,387172005,Fluorouracil,145,chemical,"BC5CDR,BioRED"
http://id.nlm.nih.gov/mesh/D006220,http://snomed.info/id/386837002,skos:closeMatch,0.90,shared_cui,D006220,386837002,Haloperidol,144,chemical,"BC5CDR,BioRED"
http://id.nlm.nih.gov/mesh/D012964,http://snomed.info/id/39972003,skos:closeMatch,0.93,shared_cui_strict,D012964,39972003,Sodium,143,chemical,"BC5CDR,BioRED"
http://id.nlm.nih.gov/mesh/D003404,http://snomed.info/id/15373003,skos:closeMatch,0.93,shared_cui_strict,D003404,15373003,Creatinine,134,chemical,"BC5CDR,BioRED"
http://id.nlm.nih.gov/mesh/D016559,http://snomed.info/id/386975001,skos:closeMatch,0.90,shared_cui,D016559,386975001,Tacrolimus,133,chemical,"BC5CDR,BioRED"
http://id.nlm.nih.gov/mesh/D001145,http://snomed.info/id/698247007,skos:closeMatch,0.90,shared_cui,D001145,698247007,Cardiac arrhythmia,132,disease,"BC5CDR,BioRED"
http://id.nlm.nih.gov/mesh/D020258,http://snomed.info/id/19466003,skos:closeMatch,0.90,shared_cui,D020258,19466003,Neurotoxicity,132,disease,"BC5CDR,BioRED"
http://id.nlm.nih.gov/mesh/D011507,http://snomed.info/id/29738008,skos:closeMatch,0.90,shared_cui,D011507,29738008,Proteinuria,129,disease,"BC5CDR,BioRED"
http://id.nlm.nih.gov/mesh/D058186,http://snomed.info/id/14669001,skos:closeMatch,0.90,shared_cui,D058186,14669001,Acute kidney injury,128,disease,"BC5CDR,BioRED"
http://id.nlm.nih.gov/mesh/D018817,http://snomed.info/id/288459003,skos:closeMatch,0.90,shared_cui,D018817,288459003,Methylenedioxymethamphetamine,127,chemical,"BC5CDR,BioRED"
http://id.nlm.nih.gov/mesh/D001943,http://snomed.info/id/126926005,skos:closeMatch,0.90,shared_cui,D001943,126926005,Neoplasm of breast,126,disease,"BC5CDR,BioRED"
http://id.nlm.nih.gov/mesh/D007249,http://snomed.info/id/257552002,skos:closeMatch,0.90,shared_cui,D007249,257552002,Inflammation,126,disease,"BC5CDR,BioRED"
http://id.nlm.nih.gov/mesh/D011188,http://snomed.info/id/88480006,skos:closeMatch,0.90,shared_cui,D011188,88480006,Potassium,126,chemical,"BC5CDR,BioRED"
http://id.nlm.nih.gov/mesh/D014635,http://snomed.info/id/264325000,skos:closeMatch,0.90,shared_cui,D014635,264325000,Valproate,123,chemical,"BC5CDR,BioRED"
http://id.nlm.nih.gov/mesh/D006493,http://snomed.info/id/372877000,skos:closeMatch,0.90,shared_cui,D006493,372877000,Heparin,119,chemical,BC5CDR
http://id.nlm.nih.gov/mesh/D003920,http://snomed.info/id/73211009,skos:closeMatch,0.90,shared_cui,D003920,73211009,Diabetes mellitus,118,disease,"BC5CDR,BioRED"
http://id.nlm.nih.gov/mesh/D004837,http://snomed.info/id/387362001,skos:closeMatch,0.90,shared_cui,D004837,387362001,Epinephrine,118,chemical,"BC5CDR,BioRED"
http://id.nlm.nih.gov/mesh/D001919,http://snomed.info/id/48867003,skos:closeMatch,0.90,shared_cui,D001919,48867003,Bradycardia,117,disease,"BC5CDR,BioRED"
http://id.nlm.nih.gov/mesh/D005947,http://snomed.info/id/67079006,skos:closeMatch,0.90,shared_cui,D005947,67079006,Glucose,116,chemical,"BC5CDR,BioRED"
http://id.nlm.nih.gov/mesh/D013921,http://snomed.info/id/302215000,skos:closeMatch,0.90,shared_cui,D013921,302215000,Thrombocytopenic disorder,116,disease,"BC5CDR,BioRED"
http://id.nlm.nih.gov/mesh/D020123,http://snomed.info/id/387014003,skos:closeMatch,0.90,shared_cui,D020123,387014003,Sirolimus,116,chemical,"BC5CDR,BioRED"
http://id.nlm.nih.gov/mesh/D002375,http://snomed.info/id/13052006,skos:closeMatch,0.90,shared_cui,D002375,13052006,Waxy flexibility,115,disease,"BC5CDR,BioRED"
http://id.nlm.nih.gov/mesh/D002045,http://snomed.info/id/387150008,skos:closeMatch,0.90,shared_cui,D002045,387150008,Bupivacaine,114,chemical,"BC5CDR,BioRED"
http://id.nlm.nih.gov/mesh/D008012,http://snomed.info/id/387480006,skos:closeMatch,0.90,shared_cui,D008012,387480006,Lidocaine,114,chemical,"BC5CDR,BioRED"
http://id.nlm.nih.gov/mesh/D011692,http://snomed.info/id/372723005,skos:broadMatch,0.65,mrrel_rb,D011692,372723005,Antineoplastic antibiotic,114,chemical,"BC5CDR,BioRED"
http://id.nlm.nih.gov/mesh/D009202,http://snomed.info/id/85898001,skos:closeMatch,0.90,shared_cui,D009202,85898001,Cardiomyopathy,113,disease,"BC5CDR,BioRED"
http://id.nlm.nih.gov/mesh/D003866,http://snomed.info/id/35489007,skos:closeMatch,0.90,shared_cui,D003866,35489007,Depressive disorder,112,disease,"BC5CDR,BioRED"
http://id.nlm.nih.gov/mesh/D006333,http://snomed.info/id/84114007,skos:closeMatch,0.90,shared_cui,D006333,84114007,Heart failure,112,disease,"BC5CDR,BioRED"
http://id.nlm.nih.gov/mesh/D014859,http://snomed.info/id/372756006,skos:closeMatch,0.90,shared_cui,D014859,372756006,Warfarin,112,chemical,"BC5CDR,BioRED"
http://id.nlm.nih.gov/mesh/D009538,http://snomed.info/id/68540007,skos:closeMatch,0.90,shared_cui,D009538,68540007,Nicotine,111,chemical,"BC5CDR,BioRED"
http://id.nlm.nih.gov/mesh/D009569,http://snomed.info/id/6710000,skos:closeMatch,0.90,shared_cui,D009569,6710000,Nitric oxide,111,chemical,"BC5CDR,BioRED"
http://id.nlm.nih.gov/mesh/D006470,http://snomed.info/id/131148009,skos:closeMatch,0.90,shared_cui,D006470,131148009,Bleeding,110,disease,"BC5CDR,BioRED"
http://id.nlm.nih.gov/mesh/D002945,http://snomed.info/id/387318005,skos:closeMatch,0.90,shared_cui,D002945,387318005,Cisplatin,108,chemical,"BC5CDR,BioRED"
http://id.nlm.nih.gov/mesh/D013311,http://snomed.info/id/16915004,skos:closeMatch,0.90,shared_cui,D013311,16915004,Streptozocin,107,chemical,"BC5CDR,BioRED"
http://id.nlm.nih.gov/mesh/D016572,http://snomed.info/id/387467008,skos:closeMatch,0.90,shared_cui,D016572,387467008,Cyclosporine,107,chemical,"BC5CDR,BioRED"
http://id.nlm.nih.gov/mesh/D007676,http://snomed.info/id/90688005,skos:closeMatch,0.90,shared_cui,D007676,90688005,Chronic renal failure,106,disease,"BC5CDR,BioRED"
http://id.nlm.nih.gov/mesh/D011471,http://snomed.info/id/126906006,skos:closeMatch,0.90,shared_cui,D011471,126906006,Neoplasm of prostate,106,disease,"BC5CDR,BioRED"
http://id.nlm.nih.gov/mesh/D002543,http://snomed.info/id/274100004,skos:closeMatch,0.90,shared_cui,D002543,274100004,Cerebral hemorrhage,105,disease,"BC5CDR,BioRED"
http://id.nlm.nih.gov/mesh/D000638,http://snomed.info/id/372821002,skos:closeMatch,0.90,shared_cui,D000638,372821002,Amiodarone,104,chemical,"BC5CDR,BioRED"
http://id.nlm.nih.gov/mesh/D011433,http://snomed.info/id/372772003,skos:closeMatch,0.90,shared_cui,D011433,372772003,Propranolol,102,chemical,"BC5CDR,BioRED"
http://id.nlm.nih.gov/mesh/D018967,http://snomed.info/id/386840002,skos:closeMatch,0.90,shared_cui,D018967,386840002,Risperidone,101,chemical,"BC5CDR,BioRED"
http://id.nlm.nih.gov/mesh/D000740,http://snomed.info/id/271737000,skos:closeMatch,0.90,shared_cui,D000740,271737000,Anemia,98,disease,"BC5CDR,BioRED"
http://id.nlm.nih.gov/mesh/D004827,http://snomed.info/id/18618006,skos:closeMatch,0.90,shared_cui,D004827,18618006,Aura,98,disease,"BC5CDR,BioRED"
http://id.nlm.nih.gov/mesh/D002110,http://snomed.info/id/255641001,skos:closeMatch,0.90,shared_cui,D002110,255641001,Caffeine,97,chemical,"BC5CDR,BioRED"
http://id.nlm.nih.gov/mesh/D002220,http://snomed.info/id/387222003,skos:closeMatch,0.90,shared_cui,D002220,387222003,Carbamazepine,97,chemical,"BC5CDR,BioRED"
http://id.nlm.nih.gov/mesh/D001927,http://snomed.info/id/81308009,skos:closeMatch,0.90,shared_cui,D001927,81308009,Disorder of brain,96,disease,"BC5CDR,BioRED"
http://id.nlm.nih.gov/mesh/D051437,http://snomed.info/id/236423003,skos:closeMatch,0.90,shared_cui,D051437,236423003,Renal impairment,96,disease,"BC5CDR,BioRED"
http://id.nlm.nih.gov/mesh/D000431,http://snomed.info/id/419442005,skos:closeMatch,0.90,shared_cui,D000431,419442005,Ethanol,95,chemical,"BC5CDR,BioRED"
http://id.nlm.nih.gov/mesh/D000661,http://snomed.info/id/703842006,skos:closeMatch,0.90,shared_cui,D000661,703842006,Amphetamine,94,chemical,"BC5CDR,BioRED"
http://id.nlm.nih.gov/mesh/D005996,http://snomed.info/id/717282000,skos:closeMatch,0.90,shared_cui,D005996,717282000,Dynamite,93,chemical,"BC5CDR,BioRED"
http://id.nlm.nih.gov/mesh/D009422,http://snomed.info/id/118940003,skos:closeMatch,0.90,shared_cui,D009422,118940003,Disorder of nervous system,92,disease,"BC5CDR,BioRED"
http://id.nlm.nih.gov/mesh/D013226,http://snomed.info/id/230456007,skos:closeMatch,0.90,shared_cui,D013226,230456007,Status epilepticus,92,disease,"BC5CDR,BioRED"
http://id.nlm.nih.gov/mesh/D001714,http://snomed.info/id/13746004,skos:closeMatch,0.90,shared_cui,D001714,13746004,Bipolar disorder,89,disease,"BC5CDR,BioRED"
http://id.nlm.nih.gov/mesh/D012559,http://snomed.info/id/58214004,skos:closeMatch,0.90,shared_cui,D012559,58214004,Schizophrenia,89,disease,"BC5CDR,BioRED"
http://id.nlm.nih.gov/mesh/D006930,http://snomed.info/id/247404004,skos:closeMatch,0.90,shared_cui,D006930,247404004,Allodynia,88,disease,"BC5CDR,BioRED"
http://id.nlm.nih.gov/mesh/D001241,http://snomed.info/id/387458008,skos:closeMatch,0.90,shared_cui,D001241,387458008,Aspirin,87,chemical,"BC5CDR,BioRED"
http://id.nlm.nih.gov/mesh/D005839,http://snomed.info/id/387321007,skos:closeMatch,0.90,shared_cui,D005839,387321007,Gentamicin,87,chemical,BC5CDR
http://id.nlm.nih.gov/mesh/D017114,http://snomed.info/id/197270009,skos:closeMatch,0.90,shared_cui,D017114,197270009,Acute hepatic failure,87,disease,"BC5CDR,BioRED"
http://id.nlm.nih.gov/mesh/D019259,http://snomed.info/id/386897000,skos:closeMatch,0.90,shared_cui,D019259,386897000,Lamivudine,87,chemical,"BC5CDR,BioRED"
http://id.nlm.nih.gov/mesh/D003072,http://snomed.info/id/443265004,skos:closeMatch,0.90,shared_cui,D003072,443265004,Cognitive disorder,86,disease,"BC5CDR,BioRED"
http://id.nlm.nih.gov/mesh/D020521,http://snomed.info/id/230690007,skos:closeMatch,0.90,shared_cui,D020521,230690007,Cerebrovascular accident,85,disease,"BC5CDR,BioRED"
http://id.nlm.nih.gov/mesh/D007069,http://snomed.info/id/386904003,skos:closeMatch,0.90,shared_cui,D007069,386904003,Ifosfamide,84,chemical,"BC5CDR,BioRED"
http://id.nlm.nih.gov/mesh/D008569,http://snomed.info/id/386807006,skos:closeMatch,0.90,shared_cui,D008569,386807006,Memory impairment,84,disease,"BC5CDR,BioRED"
http://id.nlm.nih.gov/mesh/D012601,http://snomed.info/id/387409009,skos:closeMatch,0.90,shared_cui,D012601,387409009,Scopolamine,84,chemical,"BC5CDR,BioRED"
http://id.nlm.nih.gov/mesh/D006331,http://snomed.info/id/56265001,skos:closeMatch,0.90,shared_cui,D006331,56265001,Heart disease,83,disease,"BC5CDR,BioRED"
http://id.nlm.nih.gov/mesh/D013256,http://snomed.info/id/116566001,skos:closeMatch,0.90,shared_cui,D013256,116566001,Steroid,83,chemical,"BC5CDR,BioRED"
http://id.nlm.nih.gov/mesh/D001058,http://snomed.info/id/387375001,skos:closeMatch,0.90,shared_cui,D001058,387375001,Apomorphine,82,chemical,"BC5CDR,BioRED"
http://id.nlm.nih.gov/mesh/D008180,http://snomed.info/id/55464009,skos:closeMatch,0.90,shared_cui,D008180,55464009,Systemic lupus erythematosus,82,disease,"BC5CDR,BioRED"
http://id.nlm.nih.gov/mesh/D001523,http://snomed.info/id/74732009,skos:closeMatch,0.90,shared_cui,D001523,74732009,Mental disorder,81,disease,"BC5CDR,BioRED"
http://id.nlm.nih.gov/mesh/D015215,http://snomed.info/id/387151007,skos:closeMatch,0.90,shared_cui,D015215,387151007,Zidovudine,81,chemical,"BC5CDR,BioRED"
http://id.nlm.nih.gov/mesh/D016171,http://snomed.info/id/31722008,skos:closeMatch,0.93,shared_cui_strict,D016171,31722008,Torsades de pointes,81,disease,"BC5CDR,BioRED"
http://id.nlm.nih.gov/mesh/D006948,http://snomed.info/id/44548000,skos:closeMatch,0.90,shared_cui,D006948,44548000,Hyperkinesia,79,disease,"BC5CDR,BioRED"
http://id.nlm.nih.gov/mesh/D013390,http://snomed.info/id/372724004,skos:closeMatch,0.90,shared_cui,D013390,372724004,Succinylcholine,78,chemical,"BC5CDR,BioRED"
http://id.nlm.nih.gov/mesh/D003000,http://snomed.info/id/372805007,skos:closeMatch,0.90,shared_cui,D003000,372805007,Clonidine,77,chemical,"BC5CDR,BioRED"
http://id.nlm.nih.gov/mesh/D003556,http://snomed.info/id/38822007,skos:closeMatch,0.90,shared_cui,D003556,38822007,Cystitis,77,disease,"BC5CDR,BioRED"
http://id.nlm.nih.gov/mesh/D013927,http://snomed.info/id/396339007,skos:closeMatch,0.90,shared_cui,D013927,396339007,Thrombus,77,disease,"BC5CDR,BioRED"
http://id.nlm.nih.gov/mesh/D009638,http://snomed.info/id/45555007,skos:closeMatch,0.90,shared_cui,D009638,45555007,Norepinephrine,76,chemical,"BC5CDR,BioRED"
http://id.nlm.nih.gov/mesh/D012254,http://snomed.info/id/387188005,skos:closeMatch,0.90,shared_cui,D012254,387188005,Ribavirin,76,chemical,"BC5CDR,BioRED"
http://id.nlm.nih.gov/mesh/D001480,http://snomed.info/id/76349003,skos:closeMatch,0.90,shared_cui,D001480,76349003,Extrapyramidal disease,74,disease,"BC5CDR,BioRED"
http://id.nlm.nih.gov/mesh/D017239,http://snomed.info/id/387374002,skos:closeMatch,0.90,shared_cui,D017239,387374002,Paclitaxel,73,chemical,"BC5CDR,BioRED"
http://id.nlm.nih.gov/mesh/D010634,http://snomed.info/id/373505007,skos:closeMatch,0.90,shared_cui,D010634,373505007,Phenobarbital,72,chemical,"BC5CDR,BioRED"
http://id.nlm.nih.gov/mesh/D018698,http://snomed.info/id/430503006,skos:closeMatch,0.90,shared_cui,D018698,430503006,Glutamate,72,chemical,"BC5CDR,BioRED"
http://id.nlm.nih.gov/mesh/D015742,http://snomed.info/id/387423006,skos:closeMatch,0.90,shared_cui,D015742,387423006,Propofol,71,chemical,"BC5CDR,BioRED"
http://id.nlm.nih.gov/mesh/D016202,http://snomed.info/id/105590001,skos:relatedMatch,0.40,"sty_fallback:Amino Acid, Peptide, or Protein",D016202,105590001,Substance,71,chemical,"BC5CDR,BioRED"
http://id.nlm.nih.gov/mesh/D001172,http://snomed.info/id/69896004,skos:closeMatch,0.90,shared_cui,D001172,69896004,Rheumatoid arthritis,69,disease,"BC5CDR,BioRED"
http://id.nlm.nih.gov/mesh/D010100,http://snomed.info/id/24099007,skos:closeMatch,0.90,shared_cui,D010100,24099007,Oxygen,69,chemical,"BC5CDR,BioRED"
http://id.nlm.nih.gov/mesh/D003975,http://snomed.info/id/387264003,skos:closeMatch,0.90,shared_cui,D003975,387264003,Diazepam,68,chemical,"BC5CDR,BioRED"
http://id.nlm.nih.gov/mesh/D014700,http://snomed.info/id/372754009,skos:closeMatch,0.90,shared_cui,D014700,372754009,Verapamil,68,chemical,"BC5CDR,BioRED"
http://id.nlm.nih.gov/mesh/D002318,http://snomed.info/id/49601007,skos:closeMatch,0.90,shared_cui,D002318,49601007,Disorder of cardiovascular system,67,disease,"BC5CDR,BioRED"
http://id.nlm.nih.gov/mesh/D006528,http://snomed.info/id/109841003,skos:closeMatch,0.90,shared_cui,D006528,109841003,Liver cell carcinoma,67,disease,"BC5CDR,BioRED"
http://id.nlm.nih.gov/mesh/D001008,http://snomed.info/id/197480006,skos:closeMatch,0.90,shared_cui,D001008,197480006,Anxiety disorder,66,disease,"BC5CDR,BioRED"
http://id.nlm.nih.gov/mesh/D003324,http://snomed.info/id/443502000,skos:closeMatch,0.90,shared_cui,D003324,443502000,Coronary atherosclerosis,65,disease,"BC5CDR,BioRED"
http://id.nlm.nih.gov/mesh/D009135,http://snomed.info/id/129565002,skos:closeMatch,0.90,shared_cui,D009135,129565002,Disorder of muscle,65,disease,"BC5CDR,BioRED"
http://id.nlm.nih.gov/mesh/D017180,http://snomed.info/id/25569003,skos:closeMatch,0.90,shared_cui,D017180,25569003,Ventricular tachycardia,65,disease,"BC5CDR,BioRED"
http://id.nlm.nih.gov/mesh/D019821,http://snomed.info/id/387584000,skos:closeMatch,0.90,shared_cui,D019821,387584000,Simvastatin,65,chemical,"BC5CDR,BioRED"
http://id.nlm.nih.gov/mesh/D005680,http://snomed.info/id/259100002,skos:closeMatch,0.93,shared_cui_strict,D005680,259100002,Gamma-aminobutyric acid,63,chemical,"BC5CDR,BioRED"
http://id.nlm.nih.gov/mesh/D007649,http://snomed.info/id/373464007,skos:closeMatch,0.90,shared_cui,D007649,373464007,Ketamine,63,chemical,"BC5CDR,BioRED"
http://id.nlm.nih.gov/mesh/D000544,http://snomed.info/id/12348006,skos:closeMatch,0.90,shared_cui,D000544,12348006,Presenile dementia,62,disease,"BC5CDR,BioRED"
http://id.nlm.nih.gov/mesh/D000743,http://snomed.info/id/61261009,skos:closeMatch,0.90,shared_cui,D000743,61261009,Hemolytic anemia,62,disease,"BC5CDR,BioRED"
http://id.nlm.nih.gov/mesh/D001281,http://snomed.info/id/49436004,skos:closeMatch,0.90,shared_cui,D001281,49436004,Atrial fibrillation,62,disease,"BC5CDR,BioRED"
http://id.nlm.nih.gov/mesh/D007239,http://snomed.info/id/257551009,skos:closeMatch,0.90,shared_cui,D007239,257551009,Infection,62,disease,"BC5CDR,BioRED"
http://id.nlm.nih.gov/mesh/D007511,http://snomed.info/id/52674009,skos:closeMatch,0.93,shared_cui_strict,D007511,52674009,Ischemia,62,disease,"BC5CDR,BioRED"
http://id.nlm.nih.gov/mesh/D009404,http://snomed.info/id/52254009,skos:closeMatch,0.90,shared_cui,D009404,52254009,Nephrotic syndrome,62,disease,"BC5CDR,BioRED"
http://id.nlm.nih.gov/mesh/D013739,http://snomed.info/id/43688007,skos:closeMatch,0.90,shared_cui,D013739,43688007,Testosterone,62,chemical,"BC5CDR,BioRED"
http://id.nlm.nih.gov/mesh/D005473,http://snomed.info/id/372767007,skos:closeMatch,0.90,shared_cui,D005473,372767007,Fluoxetine,61,chemical,"BC5CDR,BioRED"
http://id.nlm.nih.gov/mesh/D008691,http://snomed.info/id/387286002,skos:closeMatch,0.90,shared_cui,D008691,387286002,Methadone,61,chemical,"BC5CDR,BioRED"
http://id.nlm.nih.gov/mesh/D000860,http://snomed.info/id/389086002,skos:closeMatch,0.90,shared_cui,D000860,389086002,Hypoxia,60,disease,"BC5CDR,BioRED"
http://id.nlm.nih.gov/mesh/D002330,http://snomed.info/id/387281007,skos:closeMatch,0.90,shared_cui,D002330,387281007,Carmustine,60,chemical,"BC5CDR,BioRED"
http://id.nlm.nih.gov/mesh/D003024,http://snomed.info/id/387568001,skos:closeMatch,0.90,shared_cui,D003024,387568001,Clozapine,60,chemical,"BC5CDR,BioRED"
http://id.nlm.nih.gov/mesh/D005355,http://snomed.info/id/112674009,skos:closeMatch,0.90,shared_cui,D005355,112674009,Fibrosis,60,disease,"BC5CDR,BioRED"
http://id.nlm.nih.gov/mesh/D009765,http://snomed.info/id/414915002,skos:closeMatch,0.90,shared_cui,D009765,414915002,Obese,60,disease,"BC5CDR,BioRED"
http://id.nlm.nih.gov/mesh/D004342,http://snomed.info/id/416098002,skos:closeMatch,0.90,shared_cui,D004342,416098002,Allergy to drug,59,disease,"BC5CDR,BioRED"
http://id.nlm.nih.gov/mesh/D006509,http://snomed.info/id/66071002,skos:closeMatch,0.90,shared_cui,D006509,66071002,Type B viral hepatitis,59,disease,"BC5CDR,BioRED"
http://id.nlm.nih.gov/mesh/D008790,http://snomed.info/id/372826007,skos:closeMatch,0.90,shared_cui,D008790,372826007,Metoprolol,59,chemical,"BC5CDR,BioRED"
http://id.nlm.nih.gov/mesh/D009325,http://snomed.info/id/422587007,skos:closeMatch,0.90,shared_cui,D009325,422587007,Nausea,59,disease,"BC5CDR,BioRED"
http://id.nlm.nih.gov/mesh/D005283,http://snomed.info/id/373492002,skos:closeMatch,0.90,shared_cui,D005283,373492002,Fentanyl,58,chemical,"BC5CDR,BioRED"
http://id.nlm.nih.gov/mesh/D008881,http://snomed.info/id/37796009,skos:closeMatch,0.90,shared_cui,D008881,37796009,Migraine,58,disease,"BC5CDR,BioRED"
http://id.nlm.nih.gov/mesh/D009127,http://snomed.info/id/16046003,skos:closeMatch,0.93,shared_cui_strict,D009127,16046003,Muscle rigidity,58,disease,"BC5CDR,BioRED"
http://id.nlm.nih.gov/mesh/D013629,http://snomed.info/id/373345002,skos:closeMatch,0.90,shared_cui,D013629,373345002,Tamoxifen,58,chemical,"BC5CDR,BioRED"
http://id.nlm.nih.gov/mesh/D003924,http://snomed.info/id/44054006,skos:closeMatch,0.90,shared_cui,D003924,44054006,Type 2 diabetes mellitus,57,disease,"BC5CDR,BioRED"
http://id.nlm.nih.gov/mesh/D006966,http://snomed.info/id/237662005,skos:closeMatch,0.90,shared_cui,D006966,237662005,Hyperprolactinemia,57,disease,"BC5CDR,BioRED"
http://id.nlm.nih.gov/mesh/D008133,http://snomed.info/id/9651007,skos:closeMatch,0.90,shared_cui,D008133,9651007,Long QT syndrome,57,disease,"BC5CDR,BioRED"
http://id.nlm.nih.gov/mesh/D002784,http://snomed.info/id/84698008,skos:closeMatch,0.93,shared_cui_strict,D002784,84698008,Cholesterol,56,chemical,"BC5CDR,BioRED"
http://id.nlm.nih.gov/mesh/D003287,http://snomed.info/id/385420005,skos:closeMatch,0.90,shared_cui,D003287,385420005,Contrast media,56,chemical,"BC5CDR,BioRED"
http://id.nlm.nih.gov/mesh/D004967,http://snomed.info/id/86513005,skos:closeMatch,0.90,shared_cui,D004967,86513005,Estrogen effect,56,chemical,"BC5CDR,BioRED"
http://id.nlm.nih.gov/mesh/D006261,http://snomed.info/id/25064002,skos:closeMatch,0.90,shared_cui,D006261,25064002,Headache,55,disease,"BC5CDR,BioRED"
http://id.nlm.nih.gov/mesh/D008107,http://snomed.info/id/235856003,skos:closeMatch,0.90,shared_cui,D008107,235856003,Disease of liver,55,disease,"BC5CDR,BioRED"
http://id.nlm.nih.gov/mesh/D014202,http://snomed.info/id/26079004,skos:closeMatch,0.90,shared_cui,D014202,26079004,Tremor,55,disease,"BC5CDR,BioRED"
http://id.nlm.nih.gov/mesh/D015658,http://snomed.info/id/86406008,skos:closeMatch,0.90,shared_cui,D015658,86406008,Human immunodeficiency virus infection,55,disease,"BC5CDR,BioRED"
http://id.nlm.nih.gov/mesh/D000647,http://snomed.info/id/48167000,skos:closeMatch,0.90,shared_cui,D000647,48167000,Amnesia,54,disease,"BC5CDR,BioRED"
http://id.nlm.nih.gov/mesh/D010523,http://snomed.info/id/302226006,skos:closeMatch,0.90,shared_cui,D010523,302226006,Peripheral nerve disease,54,disease,"BC5CDR,BioRED"
http://id.nlm.nih.gov/mesh/D054556,http://snomed.info/id/64572001,skos:relatedMatch,0.40,sty_fallback:Disease or Syndrome,D054556,64572001,Disease,54,disease,"BC5CDR,BioRED"
http://id.nlm.nih.gov/mesh/D003891,http://snomed.info/id/372705002,skos:closeMatch,0.90,shared_cui,D003891,372705002,Desipramine,53,chemical,"BC5CDR,BioRED"
http://id.nlm.nih.gov/mesh/D009336,http://snomed.info/id/6574001,skos:closeMatch,0.93,shared_cui_strict,D009336,6574001,Necrosis,53,disease,"BC5CDR,BioRED"
http://id.nlm.nih.gov/mesh/D014786,http://snomed.info/id/421801003,skos:closeMatch,0.90,shared_cui,D014786,421801003,Micropsia,53,disease,"BC5CDR,BioRED"
http://id.nlm.nih.gov/mesh/D003693,http://snomed.info/id/2776000,skos:closeMatch,0.90,shared_cui,D003693,2776000,Delirium,52,disease,"BC5CDR,BioRED"
http://id.nlm.nih.gov/mesh/D005921,http://snomed.info/id/36171008,skos:closeMatch,0.90,shared_cui,D005921,36171008,Glomerulonephritis,52,disease,"BC5CDR,BioRED"
http://id.nlm.nih.gov/mesh/D003276,http://snomed.info/id/59261009,skos:closeMatch,0.90,shared_cui,D003276,59261009,Oral contraceptive,51,chemical,BC5CDR
http://id.nlm.nih.gov/mesh/D011605,http://snomed.info/id/191483003,skos:closeMatch,0.90,shared_cui,D011605,191483003,Drug-induced psychosis,51,disease,"BC5CDR,BioRED"
http://id.nlm.nih.gov/mesh/D015080,http://snomed.info/id/386922000,skos:closeMatch,0.90,shared_cui,D015080,386922000,Mesna,51,chemical,"BC5CDR,BioRED"
http://id.nlm.nih.gov/mesh/D004958,http://snomed.info/id/126172005,skos:closeMatch,0.90,shared_cui,D004958,126172005,Estradiol,50,chemical,"BC5CDR,BioRED"
http://id.nlm.nih.gov/mesh/D008727,http://snomed.info/id/387381009,skos:closeMatch,0.90,shared_cui,D008727,387381009,Methotrexate,50,chemical,BC5CDR
http://id.nlm.nih.gov/mesh/D009599,http://snomed.info/id/372860000,skos:closeMatch,0.90,shared_cui,D009599,372860000,Nitroprusside,50,chemical,BC5CDR
http://id.nlm.nih.gov/mesh/D000109,http://snomed.info/id/57308006,skos:closeMatch,0.90,shared_cui,D000109,57308006,Acetylcholine,49,chemical,"BC5CDR,BioRED"
http://id.nlm.nih.gov/mesh/D001556,http://snomed.info/id/77496001,skos:closeMatch,0.90,shared_cui,D001556,77496001,Lindane,49,chemical,"BC5CDR,BioRED"
http://id.nlm.nih.gov/mesh/D004280,http://snomed.info/id/387145002,skos:closeMatch,0.90,shared_cui,D004280,387145002,Dobutamine,49,chemical,"BC5CDR,BioRED"
http://id.nlm.nih.gov/mesh/D016584,http://snomed.info/id/225624000,skos:closeMatch,0.90,shared_cui,D016584,225624000,Panic attack,49,disease,"BC5CDR,BioRED"
http://id.nlm.nih.gov/mesh/D002637,http://snomed.info/id/29857009,skos:closeMatch,0.90,shared_cui,D002637,29857009,Chest pain,48,disease,"BC5CDR,BioRED"
http://id.nlm.nih.gov/mesh/D016190,http://snomed.info/id/386905002,skos:closeMatch,0.90,shared_cui,D016190,386905002,Carboplatin,48,chemical,BC5CDR
http://id.nlm.nih.gov/mesh/D015179,http://snomed.info/id/126837005,skos:closeMatch,0.90,shared_cui,D015179,126837005,Neoplasm of large intestine,47,disease,"BC5CDR,BioRED"
http://id.nlm.nih.gov/mesh/D017202,http://snomed.info/id/414795007,skos:closeMatch,0.90,shared_cui,D017202,414795007,Myocardial ischemia,47,disease,"BC5CDR,BioRED"
http://id.nlm.nih.gov/mesh/D062787,http://snomed.info/id/55680006,skos:closeMatch,0.90,shared_cui,D062787,55680006,Overdose,47,disease,BC5CDR
http://id.nlm.nih.gov/mesh/D001285,http://snomed.info/id/372832002,skos:closeMatch,0.90,shared_cui,D001285,372832002,Atropine,46,chemical,"BC5CDR,BioRED"
http://id.nlm.nih.gov/mesh/D002927,http://snomed.info/id/373541007,skos:closeMatch,0.90,shared_cui,D002927,373541007,Cimetidine,46,chemical,BC5CDR
http://id.nlm.nih.gov/mesh/D008315,http://snomed.info/id/706962006,skos:closeMatch,0.90,shared_cui,D008315,706962006,Malonaldehyde,46,chemical,"BC5CDR,BioRED"
http://id.nlm.nih.gov/mesh/D014148,http://snomed.info/id/386960009,skos:closeMatch,0.90,shared_cui,D014148,386960009,Tranexamic acid,46,chemical,"BC5CDR,BioRED"
http://id.nlm.nih.gov/mesh/D014640,http://snomed.info/id/372735009,skos:closeMatch,0.90,shared_cui,D014640,372735009,Vancomycin,46,chemical,"BC5CDR,BioRED"
http://id.nlm.nih.gov/mesh/D003643,http://snomed.info/id/419620001,skos:closeMatch,0.93,shared_cui_strict,D003643,419620001,Death,45,disease,"BC5CDR,BioRED"
http://id.nlm.nih.gov/mesh/D004997,http://snomed.info/id/126097006,skos:closeMatch,0.90,shared_cui,D004997,126097006,Ethinyl estradiol,45,chemical,BC5CDR
http://id.nlm.nih.gov/mesh/D009069,http://snomed.info/id/60342002,skos:closeMatch,0.90,shared_cui,D009069,60342002,Movement disorder,45,disease,"BC5CDR,BioRED"
http://id.nlm.nih.gov/mesh/D010672,http://snomed.info/id/387220006,skos:closeMatch,0.90,shared_cui,D010672,387220006,Phenytoin,45,chemical,BC5CDR
http://id.nlm.nih.gov/mesh/D050197,http://snomed.info/id/38716007,skos:closeMatch,0.90,shared_cui,D050197,38716007,Atherosclerosis,45,disease,"BC5CDR,BioRED"
http://id.nlm.nih.gov/mesh/D000666,http://snomed.info/id/372643008,skos:closeMatch,0.90,shared_cui,D000666,372643008,Amphotericin,44,chemical,BC5CDR
http://id.nlm.nih.gov/mesh/D002122,http://snomed.info/id/387377009,skos:closeMatch,0.90,shared_cui,D002122,387377009,Calcium chloride,44,chemical,"BC5CDR,BioRED"
http://id.nlm.nih.gov/mesh/D013481,http://snomed.info/id/105590001,skos:relatedMatch,0.40,sty_fallback:Organic Chemical,D013481,105590001,Substance,44,chemical,"BC5CDR,BioRED"
http://id.nlm.nih.gov/mesh/D014839,http://snomed.info/id/422400008,skos:closeMatch,0.90,shared_cui,D014839,422400008,Vomiting,44,disease,"BC5CDR,BioRED"
http://id.nlm.nih.gov/mesh/D016291,http://snomed.info/id/414351004,skos:broadMatch,0.65,mrrel_rb,D016291,414351004,Glutamate receptor antagonist,44,chemical,"BC5CDR,BioRED"
http://id.nlm.nih.gov/mesh/D005047,http://snomed.info/id/387316009,skos:closeMatch,0.90,shared_cui,D005047,387316009,Etoposide,43,chemical,"BC5CDR,BioRED"
http://id.nlm.nih.gov/mesh/D020927,http://snomed.info/id/437750002,skos:closeMatch,0.90,shared_cui,D020927,437750002,Dexmedetomidine,43,chemical,"BC5CDR,BioRED"
http://id.nlm.nih.gov/mesh/D000255,http://snomed.info/id/76711004,skos:closeMatch,0.90,shared_cui,D000255,76711004,Adenosine triphosphate,42,chemical,"BC5CDR,BioRED"
http://id.nlm.nih.gov/mesh/D002779,http://snomed.info/id/33688009,skos:closeMatch,0.90,shared_cui,D002779,33688009,Cholestasis,42,disease,BC5CDR
http://id.nlm.nih.gov/mesh/D009459,http://snomed.info/id/15244003,skos:closeMatch,0.90,shared_cui,D009459,15244003,Neuroleptic malignant syndrome,42,disease,"BC5CDR,BioRED"
http://id.nlm.nih.gov/mesh/D009503,http://snomed.info/id/303011007,skos:closeMatch,0.90,shared_cui,D009503,303011007,Neutropenic disorder,42,disease,"BC5CDR,BioRED"
http://id.nlm.nih.gov/mesh/D010936,http://snomed.info/id/289941004,skos:closeMatch,0.90,shared_cui,D010936,289941004,Plant extract,42,chemical,"BC5CDR,BioRED"
http://id.nlm.nih.gov/mesh/D020888,http://snomed.info/id/310283001,skos:closeMatch,0.90,shared_cui,D020888,310283001,Vigabatrin,42,chemical,"BC5CDR,BioRED"
http://id.nlm.nih.gov/mesh/D034381,http://snomed.info/id/15188001,skos:closeMatch,0.90,shared_cui,D034381,15188001,Hearing loss,42,disease,"BC5CDR,BioRED"
http://id.nlm.nih.gov/mesh/D005978,http://snomed.info/id/55477000,skos:closeMatch,0.90,shared_cui,D005978,55477000,Glutathione,41,chemical,"BC5CDR,BioRED"
http://id.nlm.nih.gov/mesh/D006323,http://snomed.info/id/397829000,skos:closeMatch,0.90,shared_cui,D006323,397829000,Asystole,41,disease,"BC5CDR,BioRED"
http://id.nlm.nih.gov/mesh/D006934,http://snomed.info/id/66931009,skos:closeMatch,0.90,shared_cui,D006934,66931009,Hypercalcemia,41,disease,BC5CDR
http://id.nlm.nih.gov/mesh/D008070,http://snomed.info/id/3325005,skos:closeMatch,0.90,shared_cui,D008070,3325005,Lipopolysaccharide,41,chemical,"BC5CDR,BioRED"
http://id.nlm.nih.gov/mesh/D009207,http://snomed.info/id/17450006,skos:closeMatch,0.90,shared_cui,D009207,17450006,Myoclonus,41,disease,"BC5CDR,BioRED"
http://id.nlm.nih.gov/mesh/D028361,http://snomed.info/id/237995002,skos:closeMatch,0.90,shared_cui,D028361,237995002,Depletion of mitochondrial DNA,41,disease,"BC5CDR,BioRED"
http://id.nlm.nih.gov/mesh/D001249,http://snomed.info/id/195967001,skos:closeMatch,0.90,shared_cui,D001249,195967001,Asthma,40,disease,"BC5CDR,BioRED"
http://id.nlm.nih.gov/mesh/D004487,http://snomed.info/id/267038008,skos:closeMatch,0.90,shared_cui,D004487,267038008,Edema,40,disease,"BC5CDR,BioRED"
http://id.nlm.nih.gov/mesh/D008750,http://snomed.info/id/373542000,skos:closeMatch,0.90,shared_cui,D008750,373542000,Methyldopa,40,chemical,"BC5CDR,BioRED"
http://id.nlm.nih.gov/mesh/D013792,http://snomed.info/id/78702007,skos:closeMatch,0.90,shared_cui,D013792,78702007,Thalidomide,40,chemical,BC5CDR
http://id.nlm.nih.gov/mesh/D000241,http://snomed.info/id/35431001,skos:closeMatch,0.90,shared_cui,D000241,35431001,Adenosine,39,chemical,BC5CDR
http://id.nlm.nih.gov/mesh/D001379,http://snomed.info/id/372574004,skos:closeMatch,0.90,shared_cui,D001379,372574004,Azathioprine,39,chemical,"BC5CDR,BioRED"
http://id.nlm.nih.gov/mesh/D001749,http://snomed.info/id/126885006,skos:closeMatch,0.90,shared_cui,D001749,126885006,Neoplasm of urinary bladder,39,disease,"BC5CDR,BioRED"
http://id.nlm.nih.gov/mesh/D001855,http://snomed.info/id/127035006,skos:closeMatch,0.90,shared_cui,D001855,127035006,Bone marrow disorder,39,disease,"BC5CDR,BioRED"
http://id.nlm.nih.gov/mesh/D002289,http://snomed.info/id/254637007,skos:closeMatch,0.90,shared_cui,D002289,254637007,Non-small cell lung cancer,39,disease,"BC5CDR,BioRED"
http://id.nlm.nih.gov/mesh/D005334,http://snomed.info/id/386661006,skos:closeMatch,0.90,shared_cui,D005334,386661006,Fever,39,disease,"BC5CDR,BioRED"
http://id.nlm.nih.gov/mesh/D007008,http://snomed.info/id/43339004,skos:closeMatch,0.90,shared_cui,D007008,43339004,Hypokalemia,39,disease,"BC5CDR,BioRED"
http://id.nlm.nih.gov/mesh/D007213,http://snomed.info/id/373513008,skos:closeMatch,0.90,shared_cui,D007213,373513008,Indomethacin,39,chemical,BC5CDR
http://id.nlm.nih.gov/mesh/D007854,http://snomed.info/id/88488004,skos:closeMatch,0.90,shared_cui,D007854,88488004,Lead,39,chemical,"BC5CDR,BioRED"
http://id.nlm.nih.gov/mesh/D010396,http://snomed.info/id/387235007,skos:closeMatch,0.90,shared_cui,D010396,387235007,Penicillamine,39,chemical,BC5CDR
http://id.nlm.nih.gov/mesh/D002211,http://snomed.info/id/95995002,skos:closeMatch,0.90,shared_cui,D002211,95995002,Capsaicin,38,chemical,BC5CDR
http://id.nlm.nih.gov/mesh/D002544,http://snomed.info/id/432504007,skos:closeMatch,0.90,shared_cui,D002544,432504007,Cerebral infarction,38,disease,"BC5CDR,BioRED"
http://id.nlm.nih.gov/mesh/D003676,http://snomed.info/id/372825006,skos:closeMatch,0.90,shared_cui,D003676,372825006,Deferoxamine,38,chemical,"BC5CDR,BioRED"
http://id.nlm.nih.gov/mesh/D006852,http://snomed.info/id/387525002,skos:closeMatch,0.90,shared_cui,D006852,387525002,Hydrochlorothiazide,38,chemical,"BC5CDR,BioRED"
http://id.nlm.nih.gov/mesh/D008775,http://snomed.info/id/116593003,skos:closeMatch,0.90,shared_cui,D008775,116593003,Methylprednisolone,38,chemical,"BC5CDR,BioRED"
http://id.nlm.nih.gov/mesh/D008874,http://snomed.info/id/373476007,skos:closeMatch,0.90,shared_cui,D008874,373476007,Midazolam,38,chemical,"BC5CDR,BioRED"
http://id.nlm.nih.gov/mesh/D013610,http://snomed.info/id/86651002,skos:closeMatch,0.90,shared_cui,D013610,86651002,Pulse fast,38,disease,"BC5CDR,BioRED"
http://id.nlm.nih.gov/mesh/D016642,http://snomed.info/id/387564004,skos:closeMatch,0.90,shared_cui,D016642,387564004,Bupropion,38,chemical,BC5CDR
http://id.nlm.nih.gov/mesh/D065626,http://snomed.info/id/442685003,skos:closeMatch,0.90,shared_cui,D065626,442685003,Metabolic dysfunction-associated steatohepatitis,38,disease,"BC5CDR,BioRED"
http://id.nlm.nih.gov/mesh/D004008,http://snomed.info/id/7034005,skos:closeMatch,0.90,shared_cui,D004008,7034005,Diclofenac,37,chemical,"BC5CDR,BioRED"
http://id.nlm.nih.gov/mesh/D008055,http://snomed.info/id/70106000,skos:closeMatch,0.90,shared_cui,D008055,70106000,Lipid,37,chemical,BioRED
http://id.nlm.nih.gov/mesh/D013999,http://snomed.info/id/372880004,skos:closeMatch,0.90,shared_cui,D013999,372880004,Timolol,37,chemical,BC5CDR
http://id.nlm.nih.gov/mesh/D007501,http://snomed.info/id/3829006,skos:closeMatch,0.90,shared_cui,D007501,3829006,Iron,36,chemical,"BC5CDR,BioRED"
http://id.nlm.nih.gov/mesh/D008175,http://snomed.info/id/126713003,skos:closeMatch,0.90,shared_cui,D008175,126713003,Neoplasm of lung,36,disease,"BC5CDR,BioRED"
http://id.nlm.nih.gov/mesh/D010051,http://snomed.info/id/123843001,skos:closeMatch,0.90,shared_cui,D010051,123843001,Neoplasm of ovary,36,disease,"BC5CDR,BioRED"
http://id.nlm.nih.gov/mesh/D011453,http://snomed.info/id/418226006,skos:closeMatch,0.90,shared_cui,D011453,418226006,Prostanoid,36,chemical,"BC5CDR,BioRED"
http://id.nlm.nih.gov/mesh/D063806,http://snomed.info/id/68962001,skos:closeMatch,0.90,shared_cui,D063806,68962001,Muscle pain,36,disease,BC5CDR
http://id.nlm.nih.gov/mesh/D004110,http://snomed.info/id/372793000,skos:closeMatch,0.90,shared_cui,D004110,372793000,Diltiazem,35,chemical,"BC5CDR,BioRED"
http://id.nlm.nih.gov/mesh/D004977,http://snomed.info/id/387129004,skos:closeMatch,0.90,shared_cui,D004977,387129004,Ethambutol,35,chemical,BC5CDR
http://id.nlm.nih.gov/mesh/D005492,http://snomed.info/id/63718003,skos:closeMatch,0.90,shared_cui,D005492,63718003,Folic acid,35,chemical,"BC5CDR,BioRED"
http://id.nlm.nih.gov/mesh/D008687,http://snomed.info/id/372567009,skos:closeMatch,0.90,shared_cui,D008687,372567009,Metformin,35,chemical,"BC5CDR,BioRED"
http://id.nlm.nih.gov/mesh/D009270,http://snomed.info/id/372890007,skos:closeMatch,0.90,shared_cui,D009270,372890007,Naloxone,35,chemical,BC5CDR
http://id.nlm.nih.gov/mesh/D013274,http://snomed.info/id/126824007,skos:closeMatch,0.90,shared_cui,D013274,126824007,Neoplasm of stomach,35,disease,"BC5CDR,BioRED"
http://id.nlm.nih.gov/mesh/D014750,http://snomed.info/id/387126006,skos:closeMatch,0.90,shared_cui,D014750,387126006,Vincristine,35,chemical,"BC5CDR,BioRED"
http://id.nlm.nih.gov/mesh/C029036,http://snomed.info/id/413767000,skos:broadMatch,0.65,mrrel_rb,C029036,413767000,Carotinoid,34,chemical,"BC5CDR,BioRED"
http://id.nlm.nih.gov/mesh/D010433,http://snomed.info/id/19901000,skos:closeMatch,0.90,shared_cui,D010433,19901000,Pentetrazol,34,chemical,"BC5CDR,BioRED"
http://id.nlm.nih.gov/mesh/D011803,http://snomed.info/id/373497008,skos:closeMatch,0.90,shared_cui,D011803,373497008,Quinine,34,chemical,"BC5CDR,BioRED"
http://id.nlm.nih.gov/mesh/D014280,http://snomed.info/id/85600001,skos:closeMatch,0.90,shared_cui,D014280,85600001,Triacylglycerol,34,chemical,"BC5CDR,BioRED"
http://id.nlm.nih.gov/mesh/D019808,http://snomed.info/id/373567002,skos:closeMatch,0.90,shared_cui,D019808,373567002,Losartan,34,chemical,"BC5CDR,BioRED"
http://id.nlm.nih.gov/mesh/D006514,http://snomed.info/id/22290004,skos:closeMatch,0.90,shared_cui,D006514,22290004,Hepatitis B surface antigen,33,chemical,"BC5CDR,BioRED"
http://id.nlm.nih.gov/mesh/D009205,http://snomed.info/id/399617002,skos:closeMatch,0.90,shared_cui,D009205,399617002,Carditis,33,disease,"BC5CDR,BioRED"
http://id.nlm.nih.gov/mesh/D010665,http://snomed.info/id/387464001,skos:closeMatch,0.90,shared_cui,D010665,387464001,Phenylpropanolamine,33,chemical,BC5CDR
http://id.nlm.nih.gov/mesh/D017109,http://snomed.info/id/230333002,skos:closeMatch,0.90,shared_cui,D017109,230333002,Akathisia caused by drug,33,disease,"BC5CDR,BioRED"
http://id.nlm.nih.gov/mesh/D019335,http://snomed.info/id/407312007,skos:broadMatch,0.65,mrrel_rb,D019335,407312007,Enzyme inhibitor,33,chemical,"BC5CDR,BioRED"
http://id.nlm.nih.gov/mesh/C004656,http://snomed.info/id/66901003,skos:closeMatch,0.90,shared_cui,C004656,66901003,Chloroacetaldehyde,32,chemical,"BC5CDR,BioRED"
http://id.nlm.nih.gov/mesh/D003474,http://snomed.info/id/89028002,skos:closeMatch,0.90,shared_cui,D003474,89028002,Curcumin stain,32,chemical,"BC5CDR,BioRED"
http://id.nlm.nih.gov/mesh/D003922,http://snomed.info/id/46635009,skos:closeMatch,0.90,shared_cui,D003922,46635009,Type 1 diabetes mellitus,32,disease,"BC5CDR,BioRED"
http://id.nlm.nih.gov/mesh/D005442,http://snomed.info/id/387575000,skos:closeMatch,0.90,shared_cui,D005442,387575000,Flumazenil,32,chemical,BC5CDR
http://id.nlm.nih.gov/mesh/D006976,http://snomed.info/id/70995007,skos:closeMatch,0.90,shared_cui,D006976,70995007,Pulmonary hypertension,32,disease,"BC5CDR,BioRED"
http://id.nlm.nih.gov/mesh/D009553,http://snomed.info/id/387502003,skos:closeMatch,0.90,shared_cui,D009553,387502003,Nimodipine,32,chemical,"BC5CDR,BioRED"
http://id.nlm.nih.gov/mesh/D012965,http://snomed.info/id/387390002,skos:closeMatch,0.90,shared_cui,D012965,387390002,Sodium chloride,32,chemical,"BC5CDR,BioRED"
http://id.nlm.nih.gov/mesh/D064704,http://snomed.info/id/387552007,skos:closeMatch,0.90,shared_cui,D064704,387552007,Levofloxacin,32,chemical,"BC5CDR,BioRED"
http://id.nlm.nih.gov/mesh/C031942,http://snomed.info/id/116508003,skos:closeMatch,0.90,shared_cui,C031942,116508003,Argatroban,31,chemical,"BC5CDR,BioRED"
http://id.nlm.nih.gov/mesh/D000799,http://snomed.info/id/41291007,skos:closeMatch,0.90,shared_cui,D000799,41291007,Angioedema,31,disease,"BC5CDR,BioRED"
http://id.nlm.nih.gov/mesh/D000809,http://snomed.info/id/9974009,skos:closeMatch,0.90,shared_cui,D000809,9974009,Angiotensin,31,chemical,BC5CDR
http://id.nlm.nih.gov/mesh/D001224,http://snomed.info/id/430504000,skos:closeMatch,0.90,shared_cui,D001224,430504000,Aspartate,31,chemical,"BC5CDR,BioRED"
http://id.nlm.nih.gov/mesh/D001971,http://snomed.info/id/387039007,skos:closeMatch,0.90,shared_cui,D001971,387039007,Bromocriptine,31,chemical,"BC5CDR,BioRED"
http://id.nlm.nih.gov/mesh/D002216,http://snomed.info/id/387160004,skos:closeMatch,0.90,shared_cui,D002216,387160004,Captopril,31,chemical,"BC5CDR,BioRED"
http://id.nlm.nih.gov/mesh/D006221,http://snomed.info/id/387351001,skos:closeMatch,0.90,shared_cui,D006221,387351001,Halothane,31,chemical,"BC5CDR,BioRED"
http://id.nlm.nih.gov/mesh/D009901,http://snomed.info/id/128331005,skos:closeMatch,0.90,shared_cui,D009901,128331005,Optic disc disorder,31,disease,BC5CDR
http://id.nlm.nih.gov/mesh/D010243,http://snomed.info/id/44695005,skos:closeMatch,0.90,shared_cui,D010243,44695005,Paralysis,31,disease,"BC5CDR,BioRED"
http://id.nlm.nih.gov/mesh/D011441,http://snomed.info/id/387203007,skos:closeMatch,0.90,shared_cui,D011441,387203007,Propylthiouracil,31,chemical,BC5CDR
http://id.nlm.nih.gov/mesh/D017382,http://snomed.info/id/105590001,skos:relatedMatch,0.40,"sty_fallback:Element, Ion, or Isotope",D017382,105590001,Substance,31,chemical,BioRED
http://id.nlm.nih.gov/mesh/D018943,http://snomed.info/id/105590001,skos:relatedMatch,0.40,sty_fallback:Organic Chemical,D018943,105590001,Substance,31,chemical,"BC5CDR,BioRED"
http://id.nlm.nih.gov/mesh/C035054,http://snomed.info/id/372752008,skos:broadMatch,0.65,mrrel_rb,C035054,372752008,Central nervous system agent,30,chemical,"BC5CDR,BioRED"
http://id.nlm.nih.gov/mesh/D000894,http://snomed.info/id/372665008,skos:closeMatch,0.90,shared_cui,D000894,372665008,Non-steroidal anti-inflammatory agent,30,chemical,"BC5CDR,BioRED"
http://id.nlm.nih.gov/mesh/D005424,http://snomed.info/id/372751001,skos:closeMatch,0.90,shared_cui,D005424,372751001,Flecainide,30,chemical,"BC5CDR,BioRED"
http://id.nlm.nih.gov/mesh/D005901,http://snomed.info/id/23986001,skos:closeMatch,0.90,shared_cui,D005901,23986001,Glaucoma,30,disease,"BC5CDR,BioRED"
http://id.nlm.nih.gov/mesh/D006212,http://snomed.info/id/7011001,skos:closeMatch,0.90,shared_cui,D006212,7011001,Hallucinations,30,disease,"BC5CDR,BioRED"
http://id.nlm.nih.gov/mesh/D006311,http://snomed.info/id/20364005,skos:closeMatch,0.90,shared_cui,D006311,20364005,Paracusis,30,disease,"BC5CDR,BioRED"
http://id.nlm.nih.gov/mesh/D006402,http://snomed.info/id/34093004,skos:closeMatch,0.90,shared_cui,D006402,34093004,Disorder of hematopoietic system,30,disease,"BC5CDR,BioRED"
http://id.nlm.nih.gov/mesh/D007859,http://snomed.info/id/1855002,skos:closeMatch,0.90,shared_cui,D007859,1855002,Developmental academic disorder,30,disease,"BC5CDR,BioRED"
http://id.nlm.nih.gov/mesh/D009410,http://snomed.info/id/404684003,skos:relatedMatch,0.40,sty_fallback:Cell or Molecular Dysfunction,D009410,404684003,Clinical finding,30,disease,"BC5CDR,BioRED"
http://id.nlm.nih.gov/mesh/D013726,http://snomed.info/id/372745006,skos:closeMatch,0.90,shared_cui,D013726,372745006,Terbutaline,30,chemical,"BC5CDR,BioRED"
http://id.nlm.nih.gov/mesh/D014810,http://snomed.info/id/37237003,skos:closeMatch,0.90,shared_cui,D014810,37237003,Vitamin E and/or vitamin E derivative,30,chemical,"BC5CDR,BioRED"
http://id.nlm.nih.gov/mesh/D015232,http://snomed.info/id/387245009,skos:closeMatch,0.90,shared_cui,D015232,387245009,Dinoprostone,30,chemical,"BC5CDR,BioRED"
http://id.nlm.nih.gov/mesh/D017374,http://snomed.info/id/372595009,skos:closeMatch,0.90,shared_cui,D017374,372595009,Paroxetine,30,chemical,"BC5CDR,BioRED"
http://id.nlm.nih.gov/mesh/D030342,http://snomed.info/id/782964007,skos:closeMatch,0.90,shared_cui,D030342,782964007,Genetic disease,30,disease,"BC5CDR,BioRED"
http://id.nlm.nih.gov/mesh/D001569,http://snomed.info/id/372664007,skos:closeMatch,0.90,shared_cui,D001569,372664007,Benzodiazepine,29,chemical,BC5CDR
http://id.nlm.nih.gov/mesh/D001929,http://snomed.info/id/2032001,skos:closeMatch,0.90,shared_cui,D001929,2032001,Cerebral edema,29,disease,"BC5CDR,BioRED"
http://id.nlm.nih.gov/mesh/D003865,http://snomed.info/id/321717001,skos:closeMatch,0.90,shared_cui,D003865,321717001,Involutional depression,29,disease,"BC5CDR,BioRED"
http://id.nlm.nih.gov/mesh/D003976,http://snomed.info/id/6264003,skos:closeMatch,0.93,shared_cui_strict,D003976,6264003,Diazinon,29,chemical,"BC5CDR,BioRED"
http://id.nlm.nih.gov/mesh/D004176,http://snomed.info/id/387371005,skos:closeMatch,0.90,shared_cui,D004176,387371005,Dipyridamole,29,chemical,BC5CDR
http://id.nlm.nih.gov/mesh/D005045,http://snomed.info/id/387218008,skos:closeMatch,0.90,shared_cui,D005045,387218008,Etomidate,29,chemical,"BC5CDR,BioRED"
http://id.nlm.nih.gov/mesh/D005909,http://snomed.info/id/1163375002,skos:closeMatch,0.90,shared_cui,D005909,1163375002,Glioblastoma,29,disease,"BC5CDR,BioRED"
http://id.nlm.nih.gov/mesh/D006947,http://snomed.info/id/404684003,skos:relatedMatch,0.40,sty_fallback:Finding,D006947,404684003,Clinical finding,29,disease,"BC5CDR,BioRED"
http://id.nlm.nih.gov/mesh/D007530,http://snomed.info/id/387368002,skos:closeMatch,0.90,shared_cui,D007530,387368002,Isoflurane,29,chemical,"BC5CDR,BioRED"
http://id.nlm.nih.gov/mesh/D009395,http://snomed.info/id/264536006,skos:closeMatch,0.90,shared_cui,D009395,264536006,Interstitial nephritis,29,disease,"BC5CDR,BioRED"
http://id.nlm.nih.gov/mesh/D011141,http://snomed.info/id/28442001,skos:closeMatch,0.90,shared_cui,D011141,28442001,Polyuria,29,disease,"BC5CDR,BioRED"
http://id.nlm.nih.gov/mesh/D012844,http://snomed.info/id/35765001,skos:closeMatch,0.90,shared_cui,D012844,35765001,Sincalide,29,chemical,"BC5CDR,BioRED"
http://id.nlm.nih.gov/mesh/D054198,http://snomed.info/id/128822004,skos:closeMatch,0.90,shared_cui,D054198,128822004,Precursor cell lymphoblastic leukemia,29,disease,"BC5CDR,BioRED"
http://id.nlm.nih.gov/mesh/D001049,http://snomed.info/id/1023001,skos:closeMatch,0.90,shared_cui,D001049,1023001,Apnea,28,disease,"BC5CDR,BioRED"
http://id.nlm.nih.gov/mesh/D001930,http://snomed.info/id/210038008,skos:closeMatch,0.90,shared_cui,D001930,210038008,Focal brain injury,28,disease,"BC5CDR,BioRED"
http://id.nlm.nih.gov/mesh/D004656,http://snomed.info/id/372658000,skos:closeMatch,0.90,shared_cui,D004656,372658000,Enalapril,28,chemical,BC5CDR
http://id.nlm.nih.gov/mesh/D006854,http://snomed.info/id/396458002,skos:closeMatch,0.90,shared_cui,D006854,396458002,Hydrocortisone,28,chemical,"BC5CDR,BioRED"
http://id.nlm.nih.gov/mesh/D008774,http://snomed.info/id/373337007,skos:closeMatch,0.90,shared_cui,D008774,373337007,Methylphenidate,28,chemical,"BC5CDR,BioRED"
http://id.nlm.nih.gov/mesh/D009543,http://snomed.info/id/387490003,skos:closeMatch,0.90,shared_cui,D009543,387490003,Nifedipine,28,chemical,BC5CDR
http://id.nlm.nih.gov/mesh/D010656,http://snomed.info/id/372771005,skos:closeMatch,0.90,shared_cui,D010656,372771005,Phenylephrine,28,chemical,"BC5CDR,BioRED"
http://id.nlm.nih.gov/mesh/D012110,http://snomed.info/id/387447004,skos:closeMatch,0.90,shared_cui,D012110,387447004,Reserpine,28,chemical,"BC5CDR,BioRED"
http://id.nlm.nih.gov/mesh/D012206,http://snomed.info/id/240131006,skos:closeMatch,0.90,shared_cui,D012206,240131006,Rhabdomyolysis,28,disease,"BC5CDR,BioRED"
http://id.nlm.nih.gov/mesh/D000157,http://snomed.info/id/43360005,skos:closeMatch,0.93,shared_cui_strict,D000157,43360005,Aconitine,27,chemical,"BC5CDR,BioRED"
http://id.nlm.nih.gov/mesh/D000305,http://snomed.info/id/21568003,skos:closeMatch,0.90,shared_cui,D000305,21568003,Adrenal cortex hormone,27,chemical,"BC5CDR,BioRED"
http://id.nlm.nih.gov/mesh/D002217,http://snomed.info/id/387183001,skos:closeMatch,0.90,shared_cui,D002217,387183001,Carbachol,27,chemical,"BC5CDR,BioRED"
http://id.nlm.nih.gov/mesh/D002395,http://snomed.info/id/34582008,skos:closeMatch,0.90,shared_cui,D002395,34582008,Catecholamine,27,chemical,"BC5CDR,BioRED"
http://id.nlm.nih.gov/mesh/D003221,http://snomed.info/id/62476001,skos:closeMatch,0.90,shared_cui,D003221,62476001,Disorientated,27,disease,"BC5CDR,BioRED"
http://id.nlm.nih.gov/mesh/D007037,http://snomed.info/id/40930008,skos:closeMatch,0.90,shared_cui,D007037,40930008,Hypothyroidism,27,disease,"BC5CDR,BioRED"
http://id.nlm.nih.gov/mesh/D010042,http://snomed.info/id/35966009,skos:closeMatch,0.90,shared_cui,D010042,35966009,Ouabain,27,chemical,"BC5CDR,BioRED"
http://id.nlm.nih.gov/mesh/D013345,http://snomed.info/id/21454007,skos:closeMatch,0.90,shared_cui,D013345,21454007,Subarachnoid hemorrhage,27,disease,BC5CDR
http://id.nlm.nih.gov/mesh/D013575,http://snomed.info/id/271594007,skos:closeMatch,0.90,shared_cui,D013575,271594007,Syncope,27,disease,"BC5CDR,BioRED"
http://id.nlm.nih.gov/mesh/C069357,http://snomed.info/id/259873004,skos:broadMatch,0.65,mrrel_rb,C069357,259873004,Methyl histamine,26,chemical,"BC5CDR,BioRED"
http://id.nlm.nih.gov/mesh/D000617,http://snomed.info/id/763805006,skos:closeMatch,0.90,shared_cui,D000617,763805006,Aminoglycoside,26,chemical,"BC5CDR,BioRED"
http://id.nlm.nih.gov/mesh/D002311,http://snomed.info/id/399020009,skos:closeMatch,0.90,shared_cui,D002311,399020009,Dilated cardiomyopathy,26,disease,"BC5CDR,BioRED"
http://id.nlm.nih.gov/mesh/D003401,http://snomed.info/id/14804005,skos:closeMatch,0.93,shared_cui_strict,D003401,14804005,Creatine,26,chemical,BC5CDR
http://id.nlm.nih.gov/mesh/D005690,http://snomed.info/id/38182007,skos:closeMatch,0.90,shared_cui,D005690,38182007,Galactose,26,chemical,"BC5CDR,BioRED"
http://id.nlm.nih.gov/mesh/D005910,http://snomed.info/id/115240006,skos:closeMatch,0.90,shared_cui,D005910,115240006,Glioma,26,disease,"BC5CDR,BioRED"
http://id.nlm.nih.gov/mesh/D006332,http://snomed.info/id/8186001,skos:closeMatch,0.90,shared_cui,D006332,8186001,Cardiomegaly,26,disease,"BC5CDR,BioRED"
http://id.nlm.nih.gov/mesh/D006632,http://snomed.info/id/54235008,skos:closeMatch,0.90,shared_cui,D006632,54235008,Histamine,26,chemical,"BC5CDR,BioRED"
http://id.nlm.nih.gov/mesh/D007531,http://snomed.info/id/373521002,skos:closeMatch,0.90,shared_cui,D007531,373521002,Isoflurophate,26,chemical,"BC5CDR,BioRED"
http://id.nlm.nih.gov/mesh/D007538,http://snomed.info/id/387472004,skos:closeMatch,0.90,shared_cui,D007538,387472004,Isoniazid,26,chemical,BC5CDR
http://id.nlm.nih.gov/mesh/D008550,http://snomed.info/id/41199001,skos:closeMatch,0.90,shared_cui,D008550,41199001,Melatonin,26,chemical,"BC5CDR,BioRED"
http://id.nlm.nih.gov/mesh/D009101,http://snomed.info/id/109989006,skos:closeMatch,0.90,shared_cui,D009101,109989006,Multiple myeloma,26,disease,"BC5CDR,BioRED"
http://id.nlm.nih.gov/mesh/D009362,http://snomed.info/id/108369006,skos:relatedMatch,0.40,sty_fallback:Neoplastic Process,D009362,108369006,Neoplasm,26,disease,"BC5CDR,BioRED"
http://id.nlm.nih.gov/mesh/D009401,http://snomed.info/id/90708001,skos:closeMatch,0.90,shared_cui,D009401,90708001,Nephrosis,26,disease,"BC5CDR,BioRED"
http://id.nlm.nih.gov/mesh/D012131,http://snomed.info/id/409622000,skos:closeMatch,0.90,shared_cui,D012131,409622000,Respiratory failure,26,disease,"BC5CDR,BioRED"
http://id.nlm.nih.gov/mesh/D012148,http://snomed.info/id/32914008,skos:closeMatch,0.90,shared_cui,D012148,32914008,Restless legs syndrome,26,disease,"BC5CDR,BioRED"
http://id.nlm.nih.gov/mesh/D019344,http://snomed.info/id/83036002,skos:closeMatch,0.90,shared_cui,D019344,83036002,Lactate,26,chemical,"BC5CDR,BioRED"
http://id.nlm.nih.gov/mesh/D057049,http://snomed.info/id/126729006,skos:closeMatch,0.90,shared_cui,D057049,126729006,Thrombotic microangiopathy,26,disease,"BC5CDR,BioRED"
http://id.nlm.nih.gov/mesh/D064730,http://snomed.info/id/108825009,skos:closeMatch,0.90,shared_cui,D064730,108825009,Dexrazoxane,26,chemical,"BC5CDR,BioRED"
http://id.nlm.nih.gov/mesh/D000438,http://snomed.info/id/333164008,skos:closeMatch,0.90,shared_cui,D000438,333164008,Alcohol-containing product,25,chemical,BioRED
http://id.nlm.nih.gov/mesh/D002955,http://snomed.info/id/396065004,skos:closeMatch,0.90,shared_cui,D002955,396065004,Leucovorin,25,chemical,"BC5CDR,BioRED"
http://id.nlm.nih.gov/mesh/D006461,http://snomed.info/id/15601008,skos:closeMatch,0.90,shared_cui,D006461,15601008,Intravascular hemolysis,25,disease,"BC5CDR,BioRED"
http://id.nlm.nih.gov/mesh/D006463,http://snomed.info/id/111407006,skos:closeMatch,0.90,shared_cui,D006463,111407006,Hemolytic uremic syndrome,25,disease,BC5CDR
http://id.nlm.nih.gov/mesh/D007565,http://snomed.info/id/18165001,skos:closeMatch,0.90,shared_cui,D007565,18165001,Jaundice,25,disease,"BC5CDR,BioRED"
http://id.nlm.nih.gov/mesh/D008113,http://snomed.info/id/126851005,skos:closeMatch,0.90,shared_cui,D008113,126851005,Neoplasm of liver,25,disease,"BC5CDR,BioRED"
http://id.nlm.nih.gov/mesh/D008223,http://snomed.info/id/1163043007,skos:closeMatch,0.90,shared_cui,D008223,1163043007,Malignant lymphoma,25,disease,"BC5CDR,BioRED"
http://id.nlm.nih.gov/mesh/D011224,http://snomed.info/id/387433003,skos:closeMatch,0.90,shared_cui,D011224,387433003,Prazosin,25,chemical,"BC5CDR,BioRED"
http://id.nlm.nih.gov/mesh/D011565,http://snomed.info/id/9014002,skos:closeMatch,0.90,shared_cui,D011565,9014002,Psoriasis,25,disease,"BC5CDR,BioRED"
http://id.nlm.nih.gov/mesh/D013015,http://snomed.info/id/372911006,skos:closeMatch,0.90,shared_cui,D013015,372911006,Sotalol,25,chemical,BC5CDR
http://id.nlm.nih.gov/mesh/D013806,http://snomed.info/id/372810006,skos:closeMatch,0.90,shared_cui,D013806,372810006,Theophylline,25,chemical,BC5CDR
http://id.nlm.nih.gov/mesh/D014196,http://snomed.info/id/372829000,skos:closeMatch,0.90,shared_cui,D014196,372829000,Trazodone,25,chemical,"BC5CDR,BioRED"
http://id.nlm.nih.gov/mesh/D054549,http://snomed.info/id/441541008,skos:closeMatch,0.93,shared_cui_strict,D054549,441541008,Takotsubo cardiomyopathy,25,disease,"BC5CDR,BioRED"
http://id.nlm.nih.gov/mesh/C012655,http://snomed.info/id/703479000,skos:closeMatch,0.90,shared_cui,C012655,703479000,Nimesulide,24,chemical,"BC5CDR,BioRED"
http://id.nlm.nih.gov/mesh/C563319,http://snomed.info/id/770627003,skos:closeMatch,0.90,shared_cui,C563319,770627003,Desmin-related myofibrillar myopathy,24,disease,BioRED
http://id.nlm.nih.gov/mesh/D000741,http://snomed.info/id/306058006,skos:closeMatch,0.90,shared_cui,D000741,306058006,Aplastic anemia,24,disease,BC5CDR
http://id.nlm.nih.gov/mesh/D002972,http://snomed.info/id/87979003,skos:closeMatch,0.90,shared_cui,D002972,87979003,Cleft palate,24,disease,"BC5CDR,BioRED"
http://id.nlm.nih.gov/mesh/D003128,http://snomed.info/id/371632003,skos:closeMatch,0.90,shared_cui,D003128,371632003,Coma,24,disease,"BC5CDR,BioRED"
http://id.nlm.nih.gov/mesh/D003928,http://snomed.info/id/38542009,skos:closeMatch,0.90,shared_cui,D003928,38542009,Nodular glomerulosclerosis,24,disease,"BC5CDR,BioRED"
http://id.nlm.nih.gov/mesh/D005207,http://snomed.info/id/82470000,skos:closeMatch,0.90,shared_cui,D005207,82470000,Muscle fasciculation,24,disease,BC5CDR
http://id.nlm.nih.gov/mesh/D007741,http://snomed.info/id/372750000,skos:closeMatch,0.90,shared_cui,D007741,372750000,Labetalol,24,chemical,BC5CDR
http://id.nlm.nih.gov/mesh/D009436,http://snomed.info/id/203923004,skos:closeMatch,0.90,shared_cui,D009436,203923004,Acrania,24,disease,BC5CDR
http://id.nlm.nih.gov/mesh/D014693,http://snomed.info/id/71908006,skos:closeMatch,0.90,shared_cui,D014693,71908006,Ventricular fibrillation,24,disease,"BC5CDR,BioRED"
http://id.nlm.nih.gov/mesh/D000163,http://snomed.info/id/62479008,skos:closeMatch,0.90,shared_cui,D000163,62479008,AIDS,23,disease,"BC5CDR,BioRED"
http://id.nlm.nih.gov/mesh/D000728,http://snomed.info/id/126162007,skos:closeMatch,0.90,shared_cui,D000728,126162007,Androgen receptor agonist,23,chemical,"BC5CDR,BioRED"
http://id.nlm.nih.gov/mesh/D000928,http://snomed.info/id/372720008,skos:closeMatch,0.90,shared_cui,D000928,372720008,Antidepressant,23,chemical,"BC5CDR,BioRED"
http://id.nlm.nih.gov/mesh/D001120,http://snomed.info/id/52625008,skos:closeMatch,0.90,shared_cui,D001120,52625008,Arginine,23,chemical,"BC5CDR,BioRED"
http://id.nlm.nih.gov/mesh/D002939,http://snomed.info/id/372840008,skos:closeMatch,0.90,shared_cui,D002939,372840008,Ciprofloxacin,23,chemical,"BC5CDR,BioRED"
http://id.nlm.nih.gov/mesh/D008103,http://snomed.info/id/62484002,skos:closeMatch,0.90,shared_cui,D008103,62484002,Hepatic fibrosis,23,disease,"BC5CDR,BioRED"
http://id.nlm.nih.gov/mesh/D010302,http://snomed.info/id/230292008,skos:closeMatch,0.90,shared_cui,D010302,230292008,Secondary parkinsonism,23,disease,"BC5CDR,BioRED"
http://id.nlm.nih.gov/mesh/D013923,http://snomed.info/id/13713005,skos:closeMatch,0.90,shared_cui,D013923,13713005,Thromboembolus,23,disease,"BC5CDR,BioRED"
http://id.nlm.nih.gov/mesh/D014031,http://snomed.info/id/373548001,skos:closeMatch,0.90,shared_cui,D014031,373548001,Tobramycin,23,chemical,BC5CDR
http://id.nlm.nih.gov/mesh/D016889,http://snomed.info/id/254878006,skos:closeMatch,0.90,shared_cui,D016889,254878006,Endometrial carcinoma,23,disease,"BC5CDR,BioRED"
http://id.nlm.nih.gov/mesh/D018500,http://snomed.info/id/111395007,skos:closeMatch,0.90,shared_cui,D018500,111395007,Vasopressin resistance,23,disease,"BC5CDR,BioRED"
http://id.nlm.nih.gov/mesh/D020117,http://snomed.info/id/387164008,skos:closeMatch,0.90,shared_cui,D020117,387164008,Cisapride,23,chemical,BC5CDR
http://id.nlm.nih.gov/mesh/C052075,http://snomed.info/id/255632006,skos:broadMatch,0.65,mrrel_rb,C052075,255632006,Anticonvulsant,22,chemical,"BC5CDR,BioRED"
http://id.nlm.nih.gov/mesh/C522803,http://snomed.info/id/105590001,skos:relatedMatch,0.40,sty_fallback:Organic Chemical,C522803,105590001,Substance,22,chemical,"BC5CDR,BioRED"
http://id.nlm.nih.gov/mesh/D002819,http://snomed.info/id/271700006,skos:closeMatch,0.90,shared_cui,D002819,271700006,Chorea,22,disease,"BC5CDR,BioRED"
http://id.nlm.nih.gov/mesh/D004737,http://snomed.info/id/387176008,skos:closeMatch,0.90,shared_cui,D004737,387176008,Enflurane,22,chemical,"BC5CDR,BioRED"
http://id.nlm.nih.gov/mesh/D007052,http://snomed.info/id/387207008,skos:closeMatch,0.90,shared_cui,D007052,387207008,Ibuprofen,22,chemical,"BC5CDR,BioRED"
http://id.nlm.nih.gov/mesh/D007654,http://snomed.info/id/387216007,skos:closeMatch,0.90,shared_cui,D007654,387216007,Ketoconazole,22,chemical,BC5CDR
http://id.nlm.nih.gov/mesh/D010406,http://snomed.info/id/764146007,skos:closeMatch,0.90,shared_cui,D010406,764146007,Penicillin,22,chemical,"BC5CDR,BioRED"
http://id.nlm.nih.gov/mesh/D012293,http://snomed.info/id/387159009,skos:closeMatch,0.90,shared_cui,D012293,387159009,Rifampin,22,chemical,BC5CDR
http://id.nlm.nih.gov/mesh/D012460,http://snomed.info/id/387248006,skos:closeMatch,0.90,shared_cui,D012460,387248006,Sulfasalazine,22,chemical,BC5CDR
http://id.nlm.nih.gov/mesh/D014212,http://snomed.info/id/387305002,skos:closeMatch,0.90,shared_cui,D014212,387305002,Tretinoin,22,chemical,"BC5CDR,BioRED"
http://id.nlm.nih.gov/mesh/D015760,http://snomed.info/id/387560008,skos:closeMatch,0.90,shared_cui,D015760,387560008,Alfentanil,22,chemical,BC5CDR
http://id.nlm.nih.gov/mesh/D017093,http://snomed.info/id/59927004,skos:closeMatch,0.90,shared_cui,D017093,59927004,Hepatic failure,22,disease,"BC5CDR,BioRED"
http://id.nlm.nih.gov/mesh/D017311,http://snomed.info/id/386864001,skos:closeMatch,0.90,shared_cui,D017311,386864001,Amlodipine,22,chemical,BC5CDR
http://id.nlm.nih.gov/mesh/D024502,http://snomed.info/id/259666007,skos:closeMatch,0.90,shared_cui,D024502,259666007,Alpha-tocopherol,22,chemical,"BC5CDR,BioRED"
http://id.nlm.nih.gov/mesh/C043114,http://snomed.info/id/372484000,skos:closeMatch,0.90,shared_cui,C043114,372484000,Fosphenytoin,21,chemical,BC5CDR
http://id.nlm.nih.gov/mesh/C087567,http://snomed.info/id/419693009,skos:broadMatch,0.65,mrrel_rb,C087567,419693009,Tropane,21,chemical,BC5CDR
http://id.nlm.nih.gov/mesh/D003513,http://snomed.info/id/71165008,skos:closeMatch,0.93,shared_cui_strict,D003513,71165008,Cycloheximide,21,chemical,"BC5CDR,BioRED"
http://id.nlm.nih.gov/mesh/D003967,http://snomed.info/id/62315008,skos:closeMatch,0.90,shared_cui,D003967,62315008,Diarrhea,21,disease,"BC5CDR,BioRED"
http://id.nlm.nih.gov/mesh/D004809,http://snomed.info/id/387358007,skos:closeMatch,0.90,shared_cui,D004809,387358007,Ephedrine,21,chemical,"BC5CDR,BioRED"
http://id.nlm.nih.gov/mesh/D005076,http://snomed.info/id/30704002,skos:narrowMatch,0.55,mrrel_rn,D005076,30704002,Butterfly rash,21,disease,"BC5CDR,BioRED"
http://id.nlm.nih.gov/mesh/D005767,http://snomed.info/id/119292006,skos:closeMatch,0.90,shared_cui,D005767,119292006,Disorder of gastrointestinal tract,21,disease,"BC5CDR,BioRED"
http://id.nlm.nih.gov/mesh/D006471,http://snomed.info/id/405729008,skos:closeMatch,0.90,shared_cui,D006471,405729008,Hematochezia,21,disease,"BC5CDR,BioRED"
http://id.nlm.nih.gov/mesh/D006526,http://snomed.info/id/50711007,skos:closeMatch,0.90,shared_cui,D006526,50711007,Viral hepatitis C,21,disease,"BC5CDR,BioRED"
http://id.nlm.nih.gov/mesh/D006984,http://snomed.info/id/56246009,skos:closeMatch,0.90,shared_cui,D006984,56246009,Hypertrophy,21,disease,"BC5CDR,BioRED"
http://id.nlm.nih.gov/mesh/D008148,http://snomed.info/id/96303004,skos:closeMatch,0.90,shared_cui,D008148,96303004,Lovastatin,21,chemical,"BC5CDR,BioRED"
http://id.nlm.nih.gov/mesh/D008795,http://snomed.info/id/372602008,skos:closeMatch,0.90,shared_cui,D008795,372602008,Metronidazole,21,chemical,"BC5CDR,BioRED"
http://id.nlm.nih.gov/mesh/D010190,http://snomed.info/id/126859007,skos:closeMatch,0.90,shared_cui,D010190,126859007,Neoplasm of pancreas,21,disease,"BC5CDR,BioRED"
http://id.nlm.nih.gov/mesh/D011618,http://snomed.info/id/69322001,skos:closeMatch,0.90,shared_cui,D011618,69322001,Psychotic disorder,21,disease,"BC5CDR,BioRED"
http://id.nlm.nih.gov/mesh/D013974,http://snomed.info/id/73187006,skos:closeMatch,0.90,shared_cui,D013974,73187006,Thyroxine,21,chemical,"BC5CDR,BioRED"
http://id.nlm.nih.gov/mesh/D014652,http://snomed.info/id/27550009,skos:closeMatch,0.90,shared_cui,D014652,27550009,Vascular disorder,21,disease,"BC5CDR,BioRED"
http://id.nlm.nih.gov/mesh/D014657,http://snomed.info/id/31996006,skos:closeMatch,0.90,shared_cui,D014657,31996006,Vasculitis,21,disease,BC5CDR
http://id.nlm.nih.gov/mesh/D015016,http://snomed.info/id/73407000,skos:closeMatch,0.90,shared_cui,D015016,73407000,Yohimbine,21,chemical,"BC5CDR,BioRED"
http://id.nlm.nih.gov/mesh/D016578,http://snomed.info/id/229003004,skos:closeMatch,0.90,shared_cui,D016578,229003004,Cocaine freebase,21,chemical,"BC5CDR,BioRED"
http://id.nlm.nih.gov/mesh/D017308,http://snomed.info/id/386860005,skos:closeMatch,0.90,shared_cui,D017308,386860005,Etodolac,21,chemical,"BC5CDR,BioRED"
http://id.nlm.nih.gov/mesh/D018487,http://snomed.info/id/275514001,skos:closeMatch,0.90,shared_cui,D018487,275514001,Impaired left ventricular function,21,disease,"BC5CDR,BioRED"
http://id.nlm.nih.gov/mesh/D019698,http://snomed.info/id/128302006,skos:closeMatch,0.90,shared_cui,D019698,128302006,Chronic hepatitis C,21,disease,"BC5CDR,BioRED"
http://id.nlm.nih.gov/mesh/C007145,http://snomed.info/id/289941004,skos:broadMatch,0.65,mrrel_rb,C007145,289941004,Plant extract,20,chemical,"BC5CDR,BioRED"
http://id.nlm.nih.gov/mesh/C044834,http://snomed.info/id/395750001,skos:closeMatch,0.90,shared_cui,C044834,395750001,Iodixanol,20,chemical,"BC5CDR,BioRED"
http://id.nlm.nih.gov/mesh/C104457,http://snomed.info/id/418784008,skos:closeMatch,0.90,shared_cui,C104457,418784008,Nelarabine,20,chemical,"BC5CDR,BioRED"
http://id.nlm.nih.gov/mesh/C522667,http://snomed.info/id/443375003,skos:closeMatch,0.90,shared_cui,C522667,443375003,Asenapine,20,chemical,"BC5CDR,BioRED"
http://id.nlm.nih.gov/mesh/D004054,http://snomed.info/id/396026002,skos:closeMatch,0.90,shared_cui,D004054,396026002,Diethylstilbestrol,20,chemical,BC5CDR
http://id.nlm.nih.gov/mesh/D006513,http://snomed.info/id/60605004,skos:closeMatch,0.90,shared_cui,D006513,60605004,Hepatitis B virus e protein antigen,20,chemical,"BC5CDR,BioRED"
http://id.nlm.nih.gov/mesh/D007938,http://snomed.info/id/1162768007,skos:closeMatch,0.90,shared_cui,D007938,1162768007,Leukemia,20,disease,"BC5CDR,BioRED"
http://id.nlm.nih.gov/mesh/D008607,http://snomed.info/id/110359009,skos:closeMatch,0.90,shared_cui,D008607,110359009,Intellectual disability,20,disease,"BC5CDR,BioRED"
http://id.nlm.nih.gov/mesh/D008614,http://snomed.info/id/387298007,skos:closeMatch,0.90,shared_cui,D008614,387298007,Meperidine,20,chemical,"BC5CDR,BioRED"
http://id.nlm.nih.gov/mesh/D010852,http://snomed.info/id/57979006,skos:closeMatch,0.93,shared_cui_strict,D010852,57979006,Picrotoxin,20,chemical,"BC5CDR,BioRED"
http://id.nlm.nih.gov/mesh/D011241,http://snomed.info/id/116602009,skos:closeMatch,0.90,shared_cui,D011241,116602009,Prednisone,20,chemical,BC5CDR
http://id.nlm.nih.gov/mesh/D011374,http://snomed.info/id/16683002,skos:closeMatch,0.90,shared_cui,D011374,16683002,Progesterone,20,chemical,"BC5CDR,BioRED"
http://id.nlm.nih.gov/mesh/D012595,http://snomed.info/id/89155008,skos:closeMatch,0.90,shared_cui,D012595,89155008,Systemic sclerosis,20,disease,"BC5CDR,BioRED"
http://id.nlm.nih.gov/mesh/D013874,http://snomed.info/id/412605006,skos:closeMatch,0.90,shared_cui,D013874,412605006,Thiopental,20,chemical,BC5CDR
http://id.nlm.nih.gov/mesh/D016627,http://snomed.info/id/318711006,skos:broadMatch,0.65,mrrel_rb,D016627,318711006,Adrenergic neurone blocker-containing product,20,chemical,"BC5CDR,BioRED"
http://id.nlm.nih.gov/mesh/D017373,http://snomed.info/id/126120000,skos:closeMatch,0.90,shared_cui,D017373,126120000,Cyproterone acetate,20,chemical,BC5CDR
http://id.nlm.nih.gov/mesh/D018908,http://snomed.info/id/26544005,skos:closeMatch,0.93,shared_cui_strict,D018908,26544005,Muscle weakness,20,disease,"BC5CDR,BioRED"
http://id.nlm.nih.gov/mesh/D019438,http://snomed.info/id/386896009,skos:closeMatch,0.90,shared_cui,D019438,386896009,Ritonavir,20,chemical,"BC5CDR,BioRED"
http://id.nlm.nih.gov/mesh/D020522,http://snomed.info/id/443487006,skos:closeMatch,0.90,shared_cui,D020522,443487006,Mantle cell lymphoma,20,disease,"BC5CDR,BioRED"
http://id.nlm.nih.gov/mesh/C573355,http://snomed.info/id/707161007,skos:broadMatch,0.65,mrrel_rb,C573355,707161007,Triterpene,19,chemical,"BC5CDR,BioRED"
http://id.nlm.nih.gov/mesh/D000806,http://snomed.info/id/372733002,skos:closeMatch,0.90,shared_cui,D000806,372733002,Angiotensin-converting enzyme inhibitor,19,chemical,"BC5CDR,BioRED"
http://id.nlm.nih.gov/mesh/D001127,http://snomed.info/id/421078009,skos:closeMatch,0.90,shared_cui,D001127,421078009,Argipressin,19,chemical,BC5CDR
http://id.nlm.nih.gov/mesh/D002066,http://snomed.info/id/387138002,skos:closeMatch,0.90,shared_cui,D002066,387138002,Busulfan,19,chemical,BC5CDR
http://id.nlm.nih.gov/mesh/D002546,http://snomed.info/id/266257000,skos:closeMatch,0.90,shared_cui,D002546,266257000,Transient cerebral ischemia,19,disease,"BC5CDR,BioRED"
http://id.nlm.nih.gov/mesh/D003630,http://snomed.info/id/372715008,skos:closeMatch,0.90,shared_cui,D003630,372715008,Daunorubicin,19,chemical,"BC5CDR,BioRED"
http://id.nlm.nih.gov/mesh/D003638,http://snomed.info/id/61947007,skos:closeMatch,0.90,shared_cui,D003638,61947007,Deaf mutism,19,disease,"BC5CDR,BioRED"
http://id.nlm.nih.gov/mesh/D003704,http://snomed.info/id/52448006,skos:closeMatch,0.90,shared_cui,D003704,52448006,Dementia,19,disease,"BC5CDR,BioRED"
http://id.nlm.nih.gov/mesh/D005998,http://snomed.info/id/15331006,skos:closeMatch,0.90,shared_cui,D005998,15331006,Glycine,19,chemical,"BC5CDR,BioRED"
http://id.nlm.nih.gov/mesh/D007177,http://snomed.info/id/55004003,skos:closeMatch,0.90,shared_cui,D007177,55004003,Syndrome of inappropriate vasopressin secretion,19,disease,BC5CDR
http://id.nlm.nih.gov/mesh/D013148,http://snomed.info/id/387078006,skos:closeMatch,0.90,shared_cui,D013148,387078006,Spironolactone,19,chemical,"BC5CDR,BioRED"
http://id.nlm.nih.gov/mesh/D016685,http://snomed.info/id/387331000,skos:closeMatch,0.90,shared_cui,D016685,387331000,Mitomycin,19,chemical,BC5CDR
http://id.nlm.nih.gov/mesh/D020849,http://snomed.info/id/109029006,skos:closeMatch,0.90,shared_cui,D020849,109029006,Raloxifene,19,chemical,"BC5CDR,BioRED"
http://id.nlm.nih.gov/mesh/D063325,http://snomed.info/id/734454008,skos:closeMatch,0.93,shared_cui_strict,D063325,734454008,Tiapride hydrochloride,19,chemical,"BC5CDR,BioRED"
http://id.nlm.nih.gov/mesh/C048498,http://snomed.info/id/426292005,skos:closeMatch,0.90,shared_cui,C048498,426292005,Erdosteine,18,chemical,"BC5CDR,BioRED"
http://id.nlm.nih.gov/mesh/C058876,http://snomed.info/id/418183005,skos:broadMatch,0.65,mrrel_rb,C058876,418183005,Psychotropic agent,18,chemical,"BC5CDR,BioRED"
http://id.nlm.nih.gov/mesh/C401121,http://snomed.info/id/782436006,skos:broadMatch,0.65,mrrel_rb,C401121,782436006,Sodium channel blocker,18,chemical,"BC5CDR,BioRED"
http://id.nlm.nih.gov/mesh/C401859,http://snomed.info/id/427153004,skos:closeMatch,0.90,shared_cui,C401859,427153004,Temsirolimus,18,chemical,"BC5CDR,BioRED"
http://id.nlm.nih.gov/mesh/D000014,http://snomed.info/id/1237226008,skos:narrowMatch,0.55,mrrel_rn,D000014,1237226008,Isotretinoin syndrome,18,disease,BC5CDR
http://id.nlm.nih.gov/mesh/D000658,http://snomed.info/id/372687004,skos:closeMatch,0.90,shared_cui,D000658,372687004,Amoxicillin,18,chemical,BC5CDR
http://id.nlm.nih.gov/mesh/D001663,http://snomed.info/id/79706000,skos:closeMatch,0.93,shared_cui_strict,D001663,79706000,Bilirubin,18,chemical,"BC5CDR,BioRED"
http://id.nlm.nih.gov/mesh/D002188,http://snomed.info/id/22924007,skos:closeMatch,0.93,shared_cui_strict,D002188,22924007,Cannabis,18,chemical,"BC5CDR,BioRED"
http://id.nlm.nih.gov/mesh/D003329,http://snomed.info/id/23687008,skos:closeMatch,0.90,shared_cui,D003329,23687008,Coronary artery spasm,18,disease,"BC5CDR,BioRED"
http://id.nlm.nih.gov/mesh/D003932,http://snomed.info/id/387341002,skos:closeMatch,0.90,shared_cui,D003932,387341002,Diamorphine,18,chemical,"BC5CDR,BioRED"
http://id.nlm.nih.gov/mesh/D004062,http://snomed.info/id/724284005,skos:closeMatch,0.90,shared_cui,D004062,724284005,Hypertelorism Teebi type,18,disease,"BC5CDR,BioRED"
http://id.nlm.nih.gov/mesh/D007035,http://snomed.info/id/386689009,skos:closeMatch,0.90,shared_cui,D007035,386689009,Hypothermia,18,disease,"BC5CDR,BioRED"
http://id.nlm.nih.gov/mesh/D007333,http://snomed.info/id/763325000,skos:closeMatch,0.90,shared_cui,D007333,763325000,Insulin resistance,18,disease,"BC5CDR,BioRED"
http://id.nlm.nih.gov/mesh/D007479,http://snomed.info/id/395754005,skos:closeMatch,0.90,shared_cui,D007479,395754005,Iopamidol,18,chemical,"BC5CDR,BioRED"
http://id.nlm.nih.gov/mesh/D008274,http://snomed.info/id/72717003,skos:closeMatch,0.90,shared_cui,D008274,72717003,Magnesium,18,chemical,"BC5CDR,BioRED"
http://id.nlm.nih.gov/mesh/D010424,http://snomed.info/id/372703009,skos:closeMatch,0.90,shared_cui,D010424,372703009,Pentobarbital,18,chemical,BC5CDR
http://id.nlm.nih.gov/mesh/D013035,http://snomed.info/id/45352006,skos:closeMatch,0.90,shared_cui,D013035,45352006,Spasm,18,disease,BC5CDR
http://id.nlm.nih.gov/mesh/D014508,http://snomed.info/id/387092000,skos:closeMatch,0.90,shared_cui,D014508,387092000,Urea,18,chemical,"BC5CDR,BioRED"
http://id.nlm.nih.gov/mesh/D014527,http://snomed.info/id/1710001,skos:closeMatch,0.93,shared_cui_strict,D014527,1710001,Uric acid,18,chemical,"BC5CDR,BioRED"
http://id.nlm.nih.gov/mesh/D015431,http://snomed.info/id/262285001,skos:closeMatch,0.90,shared_cui,D015431,262285001,Weight decreased,18,disease,"BC5CDR,BioRED"
http://id.nlm.nih.gov/mesh/D018805,http://snomed.info/id/42939002,skos:closeMatch,0.90,shared_cui,D018805,42939002,Pyemia,18,disease,"BC5CDR,BioRED"
http://id.nlm.nih.gov/mesh/D019331,http://snomed.info/id/407312007,skos:broadMatch,0.65,mrrel_rb,D019331,407312007,Enzyme inhibitor,18,chemical,"BC5CDR,BioRED"
http://id.nlm.nih.gov/mesh/D019970,http://snomed.info/id/31956009,skos:closeMatch,0.90,shared_cui,D019970,31956009,Cocaine dependence,18,disease,"BC5CDR,BioRED"
http://id.nlm.nih.gov/mesh/D050723,http://snomed.info/id/72704001,skos:closeMatch,0.90,shared_cui,D050723,72704001,Fracture,18,disease,"BC5CDR,BioRED"
http://id.nlm.nih.gov/mesh/D051436,http://snomed.info/id/709044004,skos:closeMatch,0.90,shared_cui,D051436,709044004,Chronic kidney disease,18,disease,"BC5CDR,BioRED"
http://id.nlm.nih.gov/mesh/D061205,http://snomed.info/id/237897009,skos:closeMatch,0.90,shared_cui,D061205,237897009,Vascular calcification,18,disease,BC5CDR
http://id.nlm.nih.gov/mesh/C537881,http://snomed.info/id/419197009,skos:closeMatch,0.90,shared_cui,C537881,419197009,Lattice corneal dystrophy Type I,17,disease,BioRED
http://id.nlm.nih.gov/mesh/D000450,http://snomed.info/id/42605004,skos:closeMatch,0.90,shared_cui,D000450,42605004,Aldosterone,17,chemical,"BC5CDR,BioRED"
http://id.nlm.nih.gov/mesh/D000641,http://snomed.info/id/43953005,skos:closeMatch,0.90,shared_cui,D000641,43953005,Ammonia,17,chemical,"BC5CDR,BioRED"
http://id.nlm.nih.gov/mesh/D001647,http://snomed.info/id/312291001,skos:closeMatch,0.90,shared_cui,D001647,312291001,Bile salt,17,chemical,BC5CDR
http://id.nlm.nih.gov/mesh/D001806,http://snomed.info/id/250623007,skos:closeMatch,0.90,shared_cui,D001806,250623007,Blood urea measurement,17,chemical,"BC5CDR,BioRED"
http://id.nlm.nih.gov/mesh/D002277,http://snomed.info/id/1187425009,skos:closeMatch,0.90,shared_cui,D002277,1187425009,Carcinoma,17,disease,"BC5CDR,BioRED"
http://id.nlm.nih.gov/mesh/D002386,http://snomed.info/id/193570009,skos:closeMatch,0.90,shared_cui,D002386,193570009,Cataract,17,disease,"BC5CDR,BioRED"
http://id.nlm.nih.gov/mesh/D002996,http://snomed.info/id/387166005,skos:closeMatch,0.90,shared_cui,D002996,387166005,Clomiphene,17,chemical,BC5CDR
http://id.nlm.nih.gov/mesh/D003327,http://snomed.info/id/53741008,skos:closeMatch,0.90,shared_cui,D003327,53741008,Coronary heart disease,17,disease,"BC5CDR,BioRED"
http://id.nlm.nih.gov/mesh/D004077,http://snomed.info/id/387461009,skos:closeMatch,0.90,shared_cui,D004077,387461009,Digoxin,17,chemical,BC5CDR
http://id.nlm.nih.gov/mesh/D004421,http://snomed.info/id/230332007,skos:closeMatch,0.90,shared_cui,D004421,230332007,Diurnal dystonia,17,disease,"BC5CDR,BioRED"
http://id.nlm.nih.gov/mesh/D005227,http://snomed.info/id/31979005,skos:closeMatch,0.90,shared_cui,D005227,31979005,Fatty acid,17,chemical,"BC5CDR,BioRED"
http://id.nlm.nih.gov/mesh/D005938,http://snomed.info/id/419933005,skos:closeMatch,0.90,shared_cui,D005938,419933005,Glucocorticoid,17,chemical,BioRED
http://id.nlm.nih.gov/mesh/D006345,http://snomed.info/id/30288003,skos:closeMatch,0.90,shared_cui,D006345,30288003,Ventricular septal defect,17,disease,"BC5CDR,BioRED"
http://id.nlm.nih.gov/mesh/D007172,http://snomed.info/id/860914002,skos:closeMatch,0.90,shared_cui,D007172,860914002,Erectile dysfunction,17,disease,BC5CDR
http://id.nlm.nih.gov/mesh/D008353,http://snomed.info/id/387168006,skos:closeMatch,0.90,shared_cui,D008353,387168006,Mannitol,17,chemical,BC5CDR
http://id.nlm.nih.gov/mesh/D010149,http://snomed.info/id/213299007,skos:closeMatch,0.90,shared_cui,D010149,213299007,Postoperative pain,17,disease,"BC5CDR,BioRED"
http://id.nlm.nih.gov/mesh/D010554,http://snomed.info/id/33449004,skos:closeMatch,0.90,shared_cui,D010554,33449004,Personality disorder,17,disease,"BC5CDR,BioRED"
http://id.nlm.nih.gov/mesh/D010755,http://snomed.info/id/301785006,skos:closeMatch,0.90,shared_cui,D010755,301785006,Phosphoric acid ester,17,chemical,"BC5CDR,BioRED"
http://id.nlm.nih.gov/mesh/D011595,http://snomed.info/id/285145004,skos:closeMatch,0.90,shared_cui,D011595,285145004,Akathisia,17,disease,"BC5CDR,BioRED"
http://id.nlm.nih.gov/mesh/D012164,http://snomed.info/id/29555009,skos:closeMatch,0.90,shared_cui,D012164,29555009,Retinal disorder,17,disease,"BC5CDR,BioRED"
http://id.nlm.nih.gov/mesh/D013469,http://snomed.info/id/395891007,skos:closeMatch,0.90,shared_cui,D013469,395891007,Sulpiride,17,chemical,"BC5CDR,BioRED"
http://id.nlm.nih.gov/mesh/D014890,http://snomed.info/id/195353004,skos:closeMatch,0.90,shared_cui,D014890,195353004,Granulomatosis with polyangiitis,17,disease,"BC5CDR,BioRED"
http://id.nlm.nih.gov/mesh/D015632,http://snomed.info/id/285407008,skos:closeMatch,0.90,shared_cui,D015632,285407008,Methylphenyltetrahydropyridine,17,chemical,"BC5CDR,BioRED"
http://id.nlm.nih.gov/mesh/D017367,http://snomed.info/id/782509007,skos:closeMatch,0.90,shared_cui,D017367,782509007,Serotonin uptake inhibitor,17,chemical,"BC5CDR,BioRED"
http://id.nlm.nih.gov/mesh/D019966,http://snomed.info/id/1254812006,skos:closeMatch,0.90,shared_cui,D019966,1254812006,Substance dependence,17,disease,"BC5CDR,BioRED"
http://id.nlm.nih.gov/mesh/D053201,http://snomed.info/id/786460007,skos:closeMatch,0.90,shared_cui,D053201,786460007,Detrusor overactivity,17,disease,BC5CDR
http://id.nlm.nih.gov/mesh/C024989,http://snomed.info/id/412129003,skos:closeMatch,0.90,shared_cui,C024989,412129003,Ubidecarenone,16,chemical,"BC5CDR,BioRED"
http://id.nlm.nih.gov/mesh/C406224,http://snomed.info/id/385584001,skos:closeMatch,0.90,shared_cui,C406224,385584001,Valdecoxib,16,chemical,"BC5CDR,BioRED"
http://id.nlm.nih.gov/mesh/C524754,http://snomed.info/id/105590001,skos:relatedMatch,0.40,sty_fallback:Organic Chemical,C524754,105590001,Substance,16,chemical,"BC5CDR,BioRED"
http://id.nlm.nih.gov/mesh/C567089,http://snomed.info/id/446923008,skos:closeMatch,0.90,shared_cui,C567089,446923008,Lipoprotein glomerulopathy,16,disease,BioRED
http://id.nlm.nih.gov/mesh/D000257,http://snomed.info/id/25225006,skos:closeMatch,0.90,shared_cui,D000257,25225006,Disease caused by Adenovirus,16,disease,BC5CDR
http://id.nlm.nih.gov/mesh/D000420,http://snomed.info/id/372897005,skos:closeMatch,0.90,shared_cui,D000420,372897005,Albuterol,16,chemical,BC5CDR
http://id.nlm.nih.gov/mesh/D001321,http://snomed.info/id/408857007,skos:closeMatch,0.90,shared_cui,D001321,408857007,Infantile autism,16,disease,"BC5CDR,BioRED"
http://id.nlm.nih.gov/mesh/D001327,http://snomed.info/id/85828009,skos:closeMatch,0.90,shared_cui,D001327,85828009,Autoimmune disease,16,disease,"BC5CDR,BioRED"
http://id.nlm.nih.gov/mesh/D001622,http://snomed.info/id/43356007,skos:closeMatch,0.90,shared_cui,D001622,43356007,Betaine,16,chemical,"BC5CDR,BioRED"
http://id.nlm.nih.gov/mesh/D003687,http://snomed.info/id/78316004,skos:closeMatch,0.90,shared_cui,D003687,78316004,Dehydroepiandrosterone,16,chemical,"BC5CDR,BioRED"
http://id.nlm.nih.gov/mesh/D003913,http://snomed.info/id/387278002,skos:closeMatch,0.90,shared_cui,D003913,387278002,Dextroamphetamine,16,chemical,"BC5CDR,BioRED"
http://id.nlm.nih.gov/mesh/D004221,http://snomed.info/id/387212009,skos:closeMatch,0.90,shared_cui,D004221,387212009,Disulfiram,16,chemical,"BC5CDR,BioRED"
http://id.nlm.nih.gov/mesh/D004802,http://snomed.info/id/278484009,skos:closeMatch,0.90,shared_cui,D004802,278484009,Tropical pulmonary eosinophilia,16,disease,BC5CDR
http://id.nlm.nih.gov/mesh/D005234,http://snomed.info/id/442191002,skos:closeMatch,0.90,shared_cui,D005234,442191002,Steatohepatitis,16,disease,"BC5CDR,BioRED"
http://id.nlm.nih.gov/mesh/D006024,http://snomed.info/id/387122008,skos:closeMatch,0.90,shared_cui,D006024,387122008,Glycopyrrolate,16,chemical,BC5CDR
http://id.nlm.nih.gov/mesh/D006689,http://snomed.info/id/1163005009,skos:closeMatch,0.90,shared_cui,D006689,1163005009,Hodgkin lymphoma,16,disease,"BC5CDR,BioRED"
http://id.nlm.nih.gov/mesh/D006861,http://snomed.info/id/387171003,skos:closeMatch,0.90,shared_cui,D006861,387171003,Hydrogen peroxide,16,chemical,"BC5CDR,BioRED"
http://id.nlm.nih.gov/mesh/D007472,http://snomed.info/id/395751002,skos:closeMatch,0.90,shared_cui,D007472,395751002,Iohexol,16,chemical,"BC5CDR,BioRED"
http://id.nlm.nih.gov/mesh/D008063,http://snomed.info/id/70496003,skos:closeMatch,0.90,shared_cui,D008063,70496003,Lipoic acid,16,chemical,"BC5CDR,BioRED"
http://id.nlm.nih.gov/mesh/D009798,http://snomed.info/id/833278008,skos:closeMatch,0.90,shared_cui,D009798,833278008,Glaucoma suspect,16,disease,BC5CDR
http://id.nlm.nih.gov/mesh/D010259,http://snomed.info/id/191667009,skos:closeMatch,0.90,shared_cui,D010259,191667009,Paranoid disorder,16,disease,"BC5CDR,BioRED"
http://id.nlm.nih.gov/mesh/D013467,http://snomed.info/id/387513000,skos:closeMatch,0.90,shared_cui,D013467,387513000,Sulindac,16,chemical,BC5CDR
http://id.nlm.nih.gov/mesh/D013617,http://snomed.info/id/6456007,skos:closeMatch,0.90,shared_cui,D013617,6456007,Supraventricular tachycardia,16,disease,BC5CDR
http://id.nlm.nih.gov/mesh/D014150,http://snomed.info/id/372482001,skos:closeMatch,0.90,shared_cui,D014150,372482001,Anti-psychotic agent,16,chemical,"BC5CDR,BioRED"
http://id.nlm.nih.gov/mesh/D014807,http://snomed.info/id/30178006,skos:closeMatch,0.90,shared_cui,D014807,30178006,Vitamin D and/or vitamin D derivative,16,chemical,"BC5CDR,BioRED"
http://id.nlm.nih.gov/mesh/D014826,http://snomed.info/id/89927005,skos:closeMatch,0.90,shared_cui,D014826,89927005,Paralysis of larynx,16,disease,BC5CDR
http://id.nlm.nih.gov/mesh/D015175,http://snomed.info/id/134209002,skos:closeMatch,0.90,shared_cui,D015175,134209002,Prolactinoma,16,disease,"BC5CDR,BioRED"
http://id.nlm.nih.gov/mesh/D015430,http://snomed.info/id/816159004,skos:closeMatch,0.90,shared_cui,D015430,816159004,Weight gain,16,disease,"BC5CDR,BioRED"
http://id.nlm.nih.gov/mesh/D015473,http://snomed.info/id/110004001,skos:closeMatch,0.90,shared_cui,D015473,110004001,"Acute promyelocytic leukemia, FAB M3",16,disease,BC5CDR
http://id.nlm.nih.gov/mesh/D016713,http://snomed.info/id/373282008,skos:broadMatch,0.65,mrrel_rb,D016713,373282008,Anxiolytic agent,16,chemical,"BC5CDR,BioRED"
http://id.nlm.nih.gov/mesh/D018476,http://snomed.info/id/255385008,skos:closeMatch,0.90,shared_cui,D018476,255385008,Hypokinetic,16,disease,"BC5CDR,BioRED"
http://id.nlm.nih.gov/mesh/D018879,http://snomed.info/id/251175005,skos:closeMatch,0.90,shared_cui,D018879,251175005,Ventricular premature complex,16,disease,"BC5CDR,BioRED"
http://id.nlm.nih.gov/mesh/D019469,http://snomed.info/id/372529006,skos:closeMatch,0.90,shared_cui,D019469,372529006,Indinavir,16,chemical,BC5CDR
http://id.nlm.nih.gov/mesh/D020250,http://snomed.info/id/1488000,skos:closeMatch,0.93,shared_cui_strict,D020250,1488000,Postoperative nausea and vomiting,16,disease,"BC5CDR,BioRED"
http://id.nlm.nih.gov/mesh/D020388,http://snomed.info/id/387732009,skos:closeMatch,0.90,shared_cui,D020388,387732009,Becker muscular dystrophy,16,disease,"BC5CDR,BioRED"
http://id.nlm.nih.gov/mesh/D056784,http://snomed.info/id/22811006,skos:closeMatch,0.90,shared_cui,D056784,22811006,Leukoencephalopathy,16,disease,BC5CDR
http://id.nlm.nih.gov/mesh/C018370,http://snomed.info/id/259351002,skos:closeMatch,0.90,shared_cui,C018370,259351002,Pregnenolone sulfate,15,chemical,BC5CDR
http://id.nlm.nih.gov/mesh/C093622,http://snomed.info/id/363573000,skos:closeMatch,0.90,shared_cui,C093622,363573000,Rizatriptan,15,chemical,BC5CDR
http://id.nlm.nih.gov/mesh/C564042,http://snomed.info/id/197811007,skos:broadMatch,0.65,mrrel_rb,C564042,197811007,Vesicoureteric reflux,15,disease,BioRED
http://id.nlm.nih.gov/mesh/D000583,http://snomed.info/id/387266001,skos:closeMatch,0.90,shared_cui,D000583,387266001,Amikacin,15,chemical,"BC5CDR,BioRED"
http://id.nlm.nih.gov/mesh/D001205,http://snomed.info/id/43706004,skos:closeMatch,0.90,shared_cui,D001205,43706004,Ascorbic acid,15,chemical,"BC5CDR,BioRED"
http://id.nlm.nih.gov/mesh/D002493,http://snomed.info/id/23853001,skos:closeMatch,0.90,shared_cui,D002493,23853001,Disorder of the central nervous system,15,disease,"BC5CDR,BioRED"
http://id.nlm.nih.gov/mesh/D003345,http://snomed.info/id/91521001,skos:closeMatch,0.93,shared_cui_strict,D003345,91521001,Corticosterone,15,chemical,"BC5CDR,BioRED"
http://id.nlm.nih.gov/mesh/D003561,http://snomed.info/id/387511003,skos:closeMatch,0.90,shared_cui,D003561,387511003,Cytarabine,15,chemical,BC5CDR
http://id.nlm.nih.gov/mesh/D004830,http://snomed.info/id/352818000,skos:closeMatch,0.90,shared_cui,D004830,352818000,Grand mal epilepsy,15,disease,BC5CDR
http://id.nlm.nih.gov/mesh/D006349,http://snomed.info/id/368009,skos:closeMatch,0.90,shared_cui,D006349,368009,Heart valve disorder,15,disease,BC5CDR
http://id.nlm.nih.gov/mesh/D006970,http://snomed.info/id/77692006,skos:closeMatch,0.90,shared_cui,D006970,77692006,Hypersomnia,15,disease,"BC5CDR,BioRED"
http://id.nlm.nih.gov/mesh/D007024,http://snomed.info/id/28651003,skos:closeMatch,0.90,shared_cui,D007024,28651003,Orthostatic hypotension,15,disease,BC5CDR
http://id.nlm.nih.gov/mesh/D008787,http://snomed.info/id/372776000,skos:closeMatch,0.90,shared_cui,D008787,372776000,Metoclopramide,15,chemical,BC5CDR
http://id.nlm.nih.gov/mesh/D009288,http://snomed.info/id/372588000,skos:closeMatch,0.90,shared_cui,D009288,372588000,Naproxen,15,chemical,"BC5CDR,BioRED"
http://id.nlm.nih.gov/mesh/D010024,http://snomed.info/id/64859006,skos:closeMatch,0.90,shared_cui,D010024,64859006,Osteoporosis,15,disease,"BC5CDR,BioRED"
http://id.nlm.nih.gov/mesh/D011041,http://snomed.info/id/75478009,skos:closeMatch,0.90,shared_cui,D011041,75478009,Poisoning,15,disease,"BC5CDR,BioRED"
http://id.nlm.nih.gov/mesh/D012871,http://snomed.info/id/95320005,skos:closeMatch,0.90,shared_cui,D012871,95320005,Disorder of skin,15,disease,"BC5CDR,BioRED"
http://id.nlm.nih.gov/mesh/D013438,http://snomed.info/id/115582009,skos:closeMatch,0.90,shared_cui,D013438,115582009,Sulfhydryl,15,chemical,"BC5CDR,BioRED"
http://id.nlm.nih.gov/mesh/D014313,http://snomed.info/id/87866006,skos:closeMatch,0.90,shared_cui,D014313,87866006,Trismus,15,disease,"BC5CDR,BioRED"
http://id.nlm.nih.gov/mesh/D015119,http://snomed.info/id/59882007,skos:closeMatch,0.90,shared_cui,D015119,59882007,Aminocaproic acid,15,chemical,BC5CDR
http://id.nlm.nih.gov/mesh/D015470,http://snomed.info/id/1162928000,skos:closeMatch,0.90,shared_cui,D015470,1162928000,Acute myeloid leukemia,15,disease,"BC5CDR,BioRED"
http://id.nlm.nih.gov/mesh/D015474,http://snomed.info/id/387208003,skos:closeMatch,0.90,shared_cui,D015474,387208003,Isotretinoin,15,chemical,BC5CDR
http://id.nlm.nih.gov/mesh/D015725,http://snomed.info/id/387174006,skos:closeMatch,0.90,shared_cui,D015725,387174006,Fluconazole,15,chemical,BC5CDR
http://id.nlm.nih.gov/mesh/D016595,http://snomed.info/id/387242007,skos:closeMatch,0.90,shared_cui,D016595,387242007,Misoprostol,15,chemical,BC5CDR
http://id.nlm.nih.gov/mesh/D016640,http://snomed.info/id/11687002,skos:closeMatch,0.90,shared_cui,D016640,11687002,Gestational diabetes mellitus,15,disease,BioRED
http://id.nlm.nih.gov/mesh/D018149,http://snomed.info/id/267426009,skos:closeMatch,0.90,shared_cui,D018149,267426009,Malabsorption of glucose,15,disease,"BC5CDR,BioRED"
http://id.nlm.nih.gov/mesh/D020018,http://snomed.info/id/82636008,skos:closeMatch,0.90,shared_cui,D020018,82636008,Orgasm disorder,15,disease,BC5CDR
http://id.nlm.nih.gov/mesh/D020158,http://snomed.info/id/237939006,skos:closeMatch,0.90,shared_cui,D020158,237939006,Non-ketotic hyperglycinemia,15,disease,"BC5CDR,BioRED"
http://id.nlm.nih.gov/mesh/D022124,http://snomed.info/id/9360008,skos:closeMatch,0.90,shared_cui,D022124,9360008,Hyperammonemia,15,disease,BC5CDR
http://id.nlm.nih.gov/mesh/D049932,http://snomed.info/id/234638009,skos:closeMatch,0.90,shared_cui,D049932,234638009,"Microcephaly, normal intelligence and immunodeficiency",15,disease,BioRED
http://id.nlm.nih.gov/mesh/D053579,http://snomed.info/id/707756004,skos:closeMatch,0.90,shared_cui,D053579,707756004,Gitelman syndrome,15,disease,BioRED
http://id.nlm.nih.gov/mesh/C004742,http://snomed.info/id/417695006,skos:broadMatch,0.65,mrrel_rb,C004742,417695006,Benzofuran,14,chemical,"BC5CDR,BioRED"
http://id.nlm.nih.gov/mesh/C020972,http://snomed.info/id/1156599007,skos:broadMatch,0.65,mrrel_rb,C020972,1156599007,Thiocarbamate,14,chemical,BC5CDR
http://id.nlm.nih.gov/mesh/C025667,http://snomed.info/id/319905006,skos:closeMatch,0.90,shared_cui,C025667,319905006,Factor IX fraction,14,chemical,"BC5CDR,BioRED"
http://id.nlm.nih.gov/mesh/C030272,http://snomed.info/id/26104006,skos:closeMatch,0.90,shared_cui,C030272,26104006,Maleic acid,14,chemical,"BC5CDR,BioRED"
http://id.nlm.nih.gov/mesh/C032348,http://snomed.info/id/70587000,skos:broadMatch,0.65,mrrel_rb,C032348,70587000,Beta alanine,14,chemical,"BC5CDR,BioRED"
http://id.nlm.nih.gov/mesh/C047847,http://snomed.info/id/441338003,skos:broadMatch,0.65,mrrel_rb,C047847,441338003,Propanolamine,14,chemical,BC5CDR
http://id.nlm.nih.gov/mesh/C108761,http://snomed.info/id/387092000,skos:broadMatch,0.65,mrrel_rb,C108761,387092000,Urea,14,chemical,"BC5CDR,BioRED"
http://id.nlm.nih.gov/mesh/C116926,http://snomed.info/id/387008005,skos:closeMatch,0.90,shared_cui,C116926,387008005,Rofecoxib,14,chemical,"BC5CDR,BioRED"
http://id.nlm.nih.gov/mesh/C416835,http://snomed.info/id/700015007,skos:closeMatch,0.90,shared_cui,C416835,700015007,Eslicarbazepine acetate,14,chemical,"BC5CDR,BioRED"
http://id.nlm.nih.gov/mesh/C507242,http://snomed.info/id/105590001,skos:relatedMatch,0.40,sty_fallback:Organic Chemical,C507242,105590001,Substance,14,chemical,"BC5CDR,BioRED"
http://id.nlm.nih.gov/mesh/D000525,http://snomed.info/id/386983007,skos:closeMatch,0.90,shared_cui,D000525,386983007,Alprazolam,14,chemical,"BC5CDR,BioRED"
http://id.nlm.nih.gov/mesh/D000527,http://snomed.info/id/48988008,skos:closeMatch,0.90,shared_cui,D000527,48988008,Alprostadil,14,chemical,BC5CDR
http://id.nlm.nih.gov/mesh/D000804,http://snomed.info/id/85267009,skos:closeMatch,0.90,shared_cui,D000804,85267009,Angiotensin II,14,chemical,BC5CDR
http://id.nlm.nih.gov/mesh/D001152,http://snomed.info/id/23217006,skos:closeMatch,0.90,shared_cui,D001152,23217006,Arsenic compound,14,chemical,"BC5CDR,BioRED"
http://id.nlm.nih.gov/mesh/D001791,http://snomed.info/id/22716005,skos:closeMatch,0.90,shared_cui,D001791,22716005,Platelet disorder,14,disease,"BC5CDR,BioRED"
http://id.nlm.nih.gov/mesh/D002231,http://snomed.info/id/395831005,skos:closeMatch,0.90,shared_cui,D002231,395831005,Carbimazole,14,chemical,BC5CDR
http://id.nlm.nih.gov/mesh/D002312,http://snomed.info/id/233873004,skos:closeMatch,0.90,shared_cui,D002312,233873004,Hypertrophic cardiomyopathy,14,disease,"BC5CDR,BioRED"
http://id.nlm.nih.gov/mesh/D003911,http://snomed.info/id/372650007,skos:closeMatch,0.90,shared_cui,D003911,372650007,Dextran,14,chemical,"BC5CDR,BioRED"
http://id.nlm.nih.gov/mesh/D004832,http://snomed.info/id/79631006,skos:closeMatch,0.90,shared_cui,D004832,79631006,Absence seizure,14,disease,"BC5CDR,BioRED"
http://id.nlm.nih.gov/mesh/D005128,http://snomed.info/id/371405004,skos:closeMatch,0.90,shared_cui,D005128,371405004,Disorder of eye,14,disease,"BC5CDR,BioRED"
http://id.nlm.nih.gov/mesh/D005923,http://snomed.info/id/25821008,skos:closeMatch,0.90,shared_cui,D005923,25821008,Focal glomerular sclerosis,14,disease,"BC5CDR,BioRED"
http://id.nlm.nih.gov/mesh/D006406,http://snomed.info/id/35566002,skos:closeMatch,0.90,shared_cui,D006406,35566002,Hematoma,14,disease,"BC5CDR,BioRED"
http://id.nlm.nih.gov/mesh/D006606,http://snomed.info/id/65958008,skos:closeMatch,0.90,shared_cui,D006606,65958008,Hiccoughs,14,disease,BC5CDR
http://id.nlm.nih.gov/mesh/D007930,http://snomed.info/id/83797003,skos:closeMatch,0.90,shared_cui,D007930,83797003,Leucine,14,chemical,BioRED
http://id.nlm.nih.gov/mesh/D008130,http://snomed.info/id/387227009,skos:closeMatch,0.90,shared_cui,D008130,387227009,Lomustine,14,chemical,BC5CDR
http://id.nlm.nih.gov/mesh/D008268,http://snomed.info/id/422338006,skos:closeMatch,0.90,shared_cui,D008268,422338006,Degenerative disorder of macula,14,disease,BioRED
http://id.nlm.nih.gov/mesh/D008659,http://snomed.info/id/75934005,skos:closeMatch,0.90,shared_cui,D008659,75934005,Metabolic disease,14,disease,"BC5CDR,BioRED"
http://id.nlm.nih.gov/mesh/D008944,http://snomed.info/id/48724000,skos:closeMatch,0.90,shared_cui,D008944,48724000,Mitral valve regurgitation,14,disease,BC5CDR
http://id.nlm.nih.gov/mesh/D010121,http://snomed.info/id/112115002,skos:closeMatch,0.90,shared_cui,D010121,112115002,Oxytocin,14,chemical,BC5CDR
http://id.nlm.nih.gov/mesh/D010911,http://snomed.info/id/254956000,skos:closeMatch,0.90,shared_cui,D010911,254956000,Pituitary adenoma,14,disease,"BC5CDR,BioRED"
http://id.nlm.nih.gov/mesh/D011014,http://snomed.info/id/233604007,skos:closeMatch,0.90,shared_cui,D011014,233604007,Pneumonia,14,disease,"BC5CDR,BioRED"
http://id.nlm.nih.gov/mesh/D011183,http://snomed.info/id/385486001,skos:closeMatch,0.90,shared_cui,D011183,385486001,Postoperative complication,14,disease,"BC5CDR,BioRED"
http://id.nlm.nih.gov/mesh/D012878,http://snomed.info/id/126488004,skos:closeMatch,0.90,shared_cui,D012878,126488004,Neoplasm of skin,14,disease,"BC5CDR,BioRED"
http://id.nlm.nih.gov/mesh/D013988,http://snomed.info/id/386950000,skos:closeMatch,0.90,shared_cui,D013988,386950000,Ticlopidine,14,chemical,BC5CDR
http://id.nlm.nih.gov/mesh/D014294,http://snomed.info/id/373771001,skos:closeMatch,0.90,shared_cui,D014294,373771001,Trimethaphan,14,chemical,BC5CDR
http://id.nlm.nih.gov/mesh/D014581,http://snomed.info/id/126485001,skos:closeMatch,0.90,shared_cui,D014581,126485001,Urticaria,14,disease,"BC5CDR,BioRED"
http://id.nlm.nih.gov/mesh/D015764,http://snomed.info/id/372503006,skos:closeMatch,0.90,shared_cui,D015764,372503006,Bepridil,14,chemical,BC5CDR
http://id.nlm.nih.gov/mesh/D017576,http://snomed.info/id/406439009,skos:closeMatch,0.90,shared_cui,D017576,406439009,Daptomycin,14,chemical,"BC5CDR,BioRED"
http://id.nlm.nih.gov/mesh/D017693,http://snomed.info/id/387319002,skos:closeMatch,0.90,shared_cui,D017693,387319002,Sodium bicarbonate,14,chemical,"BC5CDR,BioRED"
http://id.nlm.nih.gov/mesh/D019964,http://snomed.info/id/46206005,skos:closeMatch,0.90,shared_cui,D019964,46206005,Mood disorder,14,disease,"BC5CDR,BioRED"
http://id.nlm.nih.gov/mesh/D020246,http://snomed.info/id/111293003,skos:closeMatch,0.90,shared_cui,D020246,111293003,Venous thrombosis,14,disease,"BC5CDR,BioRED"
http://id.nlm.nih.gov/mesh/D023921,http://snomed.info/id/233970002,skos:closeMatch,0.90,shared_cui,D023921,233970002,Coronary artery stenosis,14,disease,BC5CDR
http://id.nlm.nih.gov/mesh/D038901,http://snomed.info/id/49984004,skos:narrowMatch,0.55,mrrel_rn,D038901,49984004,FG syndrome,14,disease,BioRED
http://id.nlm.nih.gov/mesh/D042882,http://snomed.info/id/256896000,skos:closeMatch,0.90,shared_cui,D042882,256896000,Gallstone,14,disease,BC5CDR
http://id.nlm.nih.gov/mesh/D054537,http://snomed.info/id/233917008,skos:closeMatch,0.90,shared_cui,D054537,233917008,Atrioventricular block,14,disease,"BC5CDR,BioRED"
http://id.nlm.nih.gov/mesh/C005618,http://snomed.info/id/96269000,skos:closeMatch,0.90,shared_cui,C005618,96269000,Benzoylecgonine,13,chemical,BC5CDR
http://id.nlm.nih.gov/mesh/C009172,http://snomed.info/id/300070004,skos:broadMatch,0.65,mrrel_rb,C009172,300070004,Phenol and derivatives,13,chemical,BioRED
http://id.nlm.nih.gov/mesh/C031662,http://snomed.info/id/372612001,skos:broadMatch,0.65,mrrel_rb,C031662,372612001,Antifolate,13,chemical,BC5CDR
http://id.nlm.nih.gov/mesh/C511402,http://snomed.info/id/105590001,skos:relatedMatch,0.40,sty_fallback:Organic Chemical,C511402,105590001,Substance,13,chemical,BC5CDR
http://id.nlm.nih.gov/mesh/D000236,http://snomed.info/id/1187375007,skos:closeMatch,0.90,shared_cui,D000236,1187375007,Adenoma,13,disease,"BC5CDR,BioRED"
http://id.nlm.nih.gov/mesh/D000242,http://snomed.info/id/84835006,skos:closeMatch,0.90,shared_cui,D000242,84835006,Cyclic adenosine monophosphate,13,chemical,"BC5CDR,BioRED"
http://id.nlm.nih.gov/mesh/D001289,http://snomed.info/id/406506008,skos:closeMatch,0.90,shared_cui,D001289,406506008,Attention deficit hyperactivity disorder,13,disease,"BC5CDR,BioRED"
http://id.nlm.nih.gov/mesh/D001464,http://snomed.info/id/39290007,skos:closeMatch,0.90,shared_cui,D001464,39290007,Barium,13,chemical,BC5CDR
http://id.nlm.nih.gov/mesh/D002738,http://snomed.info/id/373468005,skos:closeMatch,0.90,shared_cui,D002738,373468005,Chloroquine,13,chemical,"BC5CDR,BioRED"
http://id.nlm.nih.gov/mesh/D004244,http://snomed.info/id/404640003,skos:closeMatch,0.90,shared_cui,D004244,404640003,Dizziness,13,disease,BC5CDR
http://id.nlm.nih.gov/mesh/D005221,http://snomed.info/id/84229001,skos:closeMatch,0.90,shared_cui,D005221,84229001,Fatigue,13,disease,"BC5CDR,BioRED"
http://id.nlm.nih.gov/mesh/D005665,http://snomed.info/id/387475002,skos:closeMatch,0.90,shared_cui,D005665,387475002,Furosemide,13,chemical,BC5CDR
http://id.nlm.nih.gov/mesh/D006130,http://snomed.info/id/716024001,skos:narrowMatch,0.55,mrrel_rn,D006130,716024001,GMS syndrome,13,disease,"BC5CDR,BioRED"
http://id.nlm.nih.gov/mesh/D007238,http://snomed.info/id/55641003,skos:closeMatch,0.90,shared_cui,D007238,55641003,Infarct,13,disease,"BC5CDR,BioRED"
http://id.nlm.nih.gov/mesh/D007681,http://snomed.info/id/90241004,skos:closeMatch,0.90,shared_cui,D007681,90241004,Papillary necrosis,13,disease,BC5CDR
http://id.nlm.nih.gov/mesh/D007970,http://snomed.info/id/84828003,skos:closeMatch,0.90,shared_cui,D007970,84828003,Leukopenia,13,disease,BC5CDR
http://id.nlm.nih.gov/mesh/D008545,http://snomed.info/id/1162635006,skos:closeMatch,0.90,shared_cui,D008545,1162635006,Malignant melanoma,13,disease,"BC5CDR,BioRED"
http://id.nlm.nih.gov/mesh/D009437,http://snomed.info/id/16269008,skos:closeMatch,0.90,shared_cui,D009437,16269008,Neuralgia,13,disease,"BC5CDR,BioRED"
http://id.nlm.nih.gov/mesh/D009759,http://snomed.info/id/563001,skos:closeMatch,0.90,shared_cui,D009759,563001,Nystagmus,13,disease,BC5CDR
http://id.nlm.nih.gov/mesh/D010208,http://snomed.info/id/372784001,skos:closeMatch,0.90,shared_cui,D010208,372784001,Papaverine,13,chemical,BC5CDR
http://id.nlm.nih.gov/mesh/D010878,http://snomed.info/id/372836004,skos:closeMatch,0.90,shared_cui,D010878,372836004,Piperacillin,13,chemical,BC5CDR
http://id.nlm.nih.gov/mesh/D011085,http://snomed.info/id/781067001,skos:closeMatch,0.90,shared_cui,D011085,781067001,Polycystic ovary,13,disease,"BC5CDR,BioRED"
http://id.nlm.nih.gov/mesh/D011899,http://snomed.info/id/372755005,skos:closeMatch,0.90,shared_cui,D011899,372755005,Ranitidine,13,chemical,BC5CDR
http://id.nlm.nih.gov/mesh/D012735,http://snomed.info/id/64572001,skos:relatedMatch,0.40,sty_fallback:Pathologic Function,D012735,64572001,Disease,13,disease,BC5CDR
http://id.nlm.nih.gov/mesh/D012893,http://snomed.info/id/39898005,skos:closeMatch,0.90,shared_cui,D012893,39898005,Sleep disorder,13,disease,"BC5CDR,BioRED"
http://id.nlm.nih.gov/mesh/D013746,http://snomed.info/id/10629009,skos:closeMatch,0.90,shared_cui,D013746,10629009,Tetany,13,disease,BC5CDR
http://id.nlm.nih.gov/mesh/D015662,http://snomed.info/id/398731002,skos:closeMatch,0.90,shared_cui,D015662,398731002,Sulfamethoxazole- and trimethoprim-containing product,13,chemical,BC5CDR
http://id.nlm.nih.gov/mesh/D020244,http://snomed.info/id/195209007,skos:closeMatch,0.90,shared_cui,D020244,195209007,Middle cerebral artery syndrome,13,disease,"BC5CDR,BioRED"
http://id.nlm.nih.gov/mesh/C013592,http://snomed.info/id/105590001,skos:relatedMatch,0.40,sty_fallback:Organic Chemical,C013592,105590001,Substance,12,chemical,"BC5CDR,BioRED"
http://id.nlm.nih.gov/mesh/C013934,http://snomed.info/id/703514002,skos:closeMatch,0.90,shared_cui,C013934,703514002,Otilonium,12,chemical,BioRED
http://id.nlm.nih.gov/mesh/C026729,http://snomed.info/id/72520008,skos:closeMatch,0.90,shared_cui,C026729,72520008,p-aminophenol,12,chemical,BC5CDR
http://id.nlm.nih.gov/mesh/C032151,http://snomed.info/id/719682001,skos:closeMatch,0.90,shared_cui,C032151,719682001,Cibenzoline,12,chemical,BC5CDR
http://id.nlm.nih.gov/mesh/C042375,http://snomed.info/id/372679000,skos:broadMatch,0.65,mrrel_rb,C042375,372679000,Muscarinic receptor antagonist,12,chemical,"BC5CDR,BioRED"
http://id.nlm.nih.gov/mesh/C051883,http://snomed.info/id/259333003,skos:broadMatch,0.65,mrrel_rb,C051883,259333003,Calcitriol,12,chemical,BC5CDR
http://id.nlm.nih.gov/mesh/D000547,http://snomed.info/id/372763006,skos:closeMatch,0.90,shared_cui,D000547,372763006,Amantadine,12,chemical,BC5CDR
http://id.nlm.nih.gov/mesh/D000787,http://snomed.info/id/194828000,skos:closeMatch,0.90,shared_cui,D000787,194828000,Angina pectoris,12,disease,BC5CDR
http://id.nlm.nih.gov/mesh/D001284,http://snomed.info/id/13331008,skos:closeMatch,0.90,shared_cui,D001284,13331008,Atrophy,12,disease,"BC5CDR,BioRED"
http://id.nlm.nih.gov/mesh/D001745,http://snomed.info/id/42643001,skos:closeMatch,0.90,shared_cui,D001745,42643001,Disorder of urinary bladder,12,disease,"BC5CDR,BioRED"
http://id.nlm.nih.gov/mesh/D002292,http://snomed.info/id/41607009,skos:closeMatch,0.90,shared_cui,D002292,41607009,Renal cell carcinoma,12,disease,"BC5CDR,BioRED"
http://id.nlm.nih.gov/mesh/D002746,http://snomed.info/id/387258005,skos:closeMatch,0.90,shared_cui,D002746,387258005,Chlorpromazine,12,chemical,"BC5CDR,BioRED"
http://id.nlm.nih.gov/mesh/D003248,http://snomed.info/id/14760008,skos:closeMatch,0.90,shared_cui,D003248,14760008,Constipation,12,disease,"BC5CDR,BioRED"
http://id.nlm.nih.gov/mesh/D004052,http://snomed.info/id/372669002,skos:broadMatch,0.65,mrrel_rb,D004052,372669002,Alkylating agent,12,chemical,BC5CDR
http://id.nlm.nih.gov/mesh/D004113,http://snomed.info/id/109104002,skos:closeMatch,0.90,shared_cui,D004113,109104002,Succimer,12,chemical,"BC5CDR,BioRED"
http://id.nlm.nih.gov/mesh/D004121,http://snomed.info/id/115535002,skos:closeMatch,0.90,shared_cui,D004121,115535002,Dimethyl sulfoxide,12,chemical,"BC5CDR,BioRED"
http://id.nlm.nih.gov/mesh/D004833,http://snomed.info/id/193000002,skos:closeMatch,0.90,shared_cui,D004833,193000002,Temporal lobe epilepsy,12,disease,BC5CDR
http://id.nlm.nih.gov/mesh/D004878,http://snomed.info/id/395975005,skos:closeMatch,0.90,shared_cui,D004878,395975005,Ergotamine,12,chemical,BC5CDR
http://id.nlm.nih.gov/mesh/D005198,http://snomed.info/id/40488004,skos:closeMatch,0.93,shared_cui_strict,D005198,40488004,Fanconi syndrome,12,disease,"BC5CDR,BioRED"
http://id.nlm.nih.gov/mesh/D005317,http://snomed.info/id/22033007,skos:closeMatch,0.90,shared_cui,D005317,22033007,Fetal growth restriction,12,disease,"BC5CDR,BioRED"
http://id.nlm.nih.gov/mesh/D005481,http://snomed.info/id/6261006,skos:closeMatch,0.90,shared_cui,D005481,6261006,Flurothyl,12,chemical,BC5CDR
http://id.nlm.nih.gov/mesh/D005905,http://snomed.info/id/384978002,skos:closeMatch,0.90,shared_cui,D005905,384978002,Glyburide,12,chemical,"BC5CDR,BioRED"
http://id.nlm.nih.gov/mesh/D006258,http://snomed.info/id/126631009,skos:closeMatch,0.90,shared_cui,D006258,126631009,Neoplasm of head,12,disease,"BC5CDR,BioRED"
http://id.nlm.nih.gov/mesh/D006319,http://snomed.info/id/85571008,skos:closeMatch,0.90,shared_cui,D006319,85571008,Sensory hearing loss,12,disease,"BC5CDR,BioRED"
http://id.nlm.nih.gov/mesh/D006327,http://snomed.info/id/233916004,skos:closeMatch,0.90,shared_cui,D006327,233916004,Heart block,12,disease,BC5CDR
http://id.nlm.nih.gov/mesh/D006949,http://snomed.info/id/55822004,skos:closeMatch,0.90,shared_cui,D006949,55822004,Hyperlipidemia,12,disease,"BC5CDR,BioRED"
http://id.nlm.nih.gov/mesh/D007608,http://snomed.info/id/111103004,skos:broadMatch,0.65,mrrel_rb,D007608,111103004,Nematocide,12,chemical,BC5CDR
http://id.nlm.nih.gov/mesh/D008668,http://snomed.info/id/105590001,skos:relatedMatch,0.40,"sty_fallback:Amino Acid, Peptide, or Protein",D008668,105590001,Substance,12,chemical,"BC5CDR,BioRED"
http://id.nlm.nih.gov/mesh/D009461,http://snomed.info/id/102957003,skos:closeMatch,0.90,shared_cui,D009461,102957003,Neurological finding,12,disease,"BC5CDR,BioRED"
http://id.nlm.nih.gov/mesh/D009771,http://snomed.info/id/191736004,skos:closeMatch,0.90,shared_cui,D009771,191736004,Obsessive-compulsive disorder,12,disease,BC5CDR
http://id.nlm.nih.gov/mesh/D010479,http://snomed.info/id/372498008,skos:closeMatch,0.90,shared_cui,D010479,372498008,Pergolide,12,chemical,BC5CDR
http://id.nlm.nih.gov/mesh/D010695,http://snomed.info/id/105590001,skos:relatedMatch,0.40,sty_fallback:Organic Chemical,D010695,105590001,Substance,12,chemical,"BC5CDR,BioRED"
http://id.nlm.nih.gov/mesh/D011239,http://snomed.info/id/116601002,skos:closeMatch,0.90,shared_cui,D011239,116601002,Prednisolone,12,chemical,"BC5CDR,BioRED"
http://id.nlm.nih.gov/mesh/D012174,http://snomed.info/id/28835009,skos:closeMatch,0.90,shared_cui,D012174,28835009,Retinitis pigmentosa,12,disease,BioRED
http://id.nlm.nih.gov/mesh/D012175,http://snomed.info/id/19906005,skos:closeMatch,0.90,shared_cui,D012175,19906005,Retinoblastoma,12,disease,"BC5CDR,BioRED"
http://id.nlm.nih.gov/mesh/D014605,http://snomed.info/id/128473001,skos:closeMatch,0.90,shared_cui,D014605,128473001,Uveitis,12,disease,"BC5CDR,BioRED"
http://id.nlm.nih.gov/mesh/D015282,http://snomed.info/id/109053000,skos:closeMatch,0.90,shared_cui,D015282,109053000,Octreotide,12,chemical,BC5CDR
http://id.nlm.nih.gov/mesh/D015746,http://snomed.info/id/73063007,skos:closeMatch,0.90,shared_cui,D015746,73063007,Colicky pain,12,disease,BC5CDR
http://id.nlm.nih.gov/mesh/D017035,http://snomed.info/id/373566006,skos:closeMatch,0.90,shared_cui,D017035,373566006,Pravastatin,12,chemical,"BC5CDR,BioRED"
http://id.nlm.nih.gov/mesh/D017086,http://snomed.info/id/65959000,skos:closeMatch,0.90,shared_cui,D017086,65959000,Beta thalassemia,12,disease,"BC5CDR,BioRED"
http://id.nlm.nih.gov/mesh/D017291,http://snomed.info/id/387487009,skos:closeMatch,0.90,shared_cui,D017291,387487009,Clarithromycin,12,chemical,BC5CDR
http://id.nlm.nih.gov/mesh/D018382,http://snomed.info/id/237559000,skos:closeMatch,0.90,shared_cui,D018382,237559000,Resistance to thyroid hormone syndrome,12,disease,BioRED
http://id.nlm.nih.gov/mesh/D043183,http://snomed.info/id/10743008,skos:closeMatch,0.90,shared_cui,D043183,10743008,Irritable bowel syndrome,12,disease,"BC5CDR,BioRED"
http://id.nlm.nih.gov/mesh/C009166,http://snomed.info/id/421621000,skos:closeMatch,0.90,shared_cui,C009166,421621000,Retinol acetate,11,chemical,BC5CDR
http://id.nlm.nih.gov/mesh/C016583,http://snomed.info/id/88376000,skos:broadMatch,0.65,mrrel_rb,C016583,88376000,Carcinogen,11,chemical,BioRED
http://id.nlm.nih.gov/mesh/C048599,http://snomed.info/id/35431001,skos:broadMatch,0.65,mrrel_rb,C048599,35431001,Adenosine,11,chemical,"BC5CDR,BioRED"
http://id.nlm.nih.gov/mesh/C121249,http://snomed.info/id/428162000,skos:broadMatch,0.65,mrrel_rb,C121249,428162000,Thiazole,11,chemical,BC5CDR
http://id.nlm.nih.gov/mesh/C417083,http://snomed.info/id/395823000,skos:closeMatch,0.90,shared_cui,C417083,395823000,Peginterferon alfa-2b,11,chemical,"BC5CDR,BioRED"
http://id.nlm.nih.gov/mesh/C538098,http://snomed.info/id/2089002,skos:broadMatch,0.65,mrrel_rb,C538098,2089002,Osteitis deformans,11,disease,BioRED
http://id.nlm.nih.gov/mesh/C562938,http://snomed.info/id/205481009,skos:closeMatch,0.90,shared_cui,C562938,205481009,Metachondromatosis,11,disease,BioRED
http://id.nlm.nih.gov/mesh/D000326,http://snomed.info/id/65389002,skos:closeMatch,0.93,shared_cui_strict,D000326,65389002,Adrenoleukodystrophy,11,disease,BioRED
http://id.nlm.nih.gov/mesh/D000493,http://snomed.info/id/387135004,skos:closeMatch,0.90,shared_cui,D000493,387135004,Allopurinol,11,chemical,"BC5CDR,BioRED"
http://id.nlm.nih.gov/mesh/D000596,http://snomed.info/id/52518006,skos:closeMatch,0.90,shared_cui,D000596,52518006,Amino acid,11,chemical,BC5CDR
http://id.nlm.nih.gov/mesh/D000783,http://snomed.info/id/432119003,skos:closeMatch,0.90,shared_cui,D000783,432119003,Aneurysm,11,disease,BC5CDR
http://id.nlm.nih.gov/mesh/D001002,http://snomed.info/id/2472002,skos:closeMatch,0.90,shared_cui,D001002,2472002,Anuria,11,disease,BC5CDR
http://id.nlm.nih.gov/mesh/D001215,http://snomed.info/id/371014004,skos:closeMatch,0.90,shared_cui,D001215,371014004,Asparaginase,11,chemical,BioRED
http://id.nlm.nih.gov/mesh/D001259,http://snomed.info/id/20262006,skos:closeMatch,0.90,shared_cui,D001259,20262006,Ataxia,11,disease,"BC5CDR,BioRED"
http://id.nlm.nih.gov/mesh/D001778,http://snomed.info/id/64779008,skos:closeMatch,0.90,shared_cui,D001778,64779008,Blood coagulation disorder,11,disease,BC5CDR
http://id.nlm.nih.gov/mesh/D001920,http://snomed.info/id/56448008,skos:closeMatch,0.90,shared_cui,D001920,56448008,Kallidin I,11,chemical,BC5CDR
http://id.nlm.nih.gov/mesh/D002245,http://snomed.info/id/31811003,skos:closeMatch,0.93,shared_cui_strict,D002245,31811003,Carbon dioxide,11,chemical,BC5CDR
http://id.nlm.nih.gov/mesh/D002251,http://snomed.info/id/255644009,skos:closeMatch,0.90,shared_cui,D002251,255644009,Carbon tetrachloride,11,chemical,BC5CDR
http://id.nlm.nih.gov/mesh/D002280,http://snomed.info/id/254701007,skos:closeMatch,0.90,shared_cui,D002280,254701007,Basal cell carcinoma of skin,11,disease,"BC5CDR,BioRED"
http://id.nlm.nih.gov/mesh/D002545,http://snomed.info/id/287731003,skos:closeMatch,0.90,shared_cui,D002545,287731003,Cerebral ischemia,11,disease,"BC5CDR,BioRED"
http://id.nlm.nih.gov/mesh/D002762,http://snomed.info/id/18414002,skos:closeMatch,0.90,shared_cui,D002762,18414002,Cholecalciferol,11,chemical,BC5CDR
http://id.nlm.nih.gov/mesh/D002794,http://snomed.info/id/65123005,skos:closeMatch,0.90,shared_cui,D002794,65123005,Choline,11,chemical,BC5CDR
http://id.nlm.nih.gov/mesh/D002805,http://snomed.info/id/239838005,skos:closeMatch,0.90,shared_cui,D002805,239838005,Chondrocalcinosis,11,disease,BioRED
http://id.nlm.nih.gov/mesh/D002971,http://snomed.info/id/80281008,skos:closeMatch,0.90,shared_cui,D002971,80281008,Cleft lip,11,disease,"BC5CDR,BioRED"
http://id.nlm.nih.gov/mesh/D002998,http://snomed.info/id/387383007,skos:closeMatch,0.90,shared_cui,D002998,387383007,Clonazepam,11,chemical,BC5CDR
http://id.nlm.nih.gov/mesh/D003317,http://snomed.info/id/231931001,skos:closeMatch,0.90,shared_cui,D003317,231931001,Stromal corneal dystrophy,11,disease,BioRED
http://id.nlm.nih.gov/mesh/D003424,http://snomed.info/id/34000006,skos:closeMatch,0.90,shared_cui,D003424,34000006,Crohn's disease,11,disease,"BC5CDR,BioRED"
http://id.nlm.nih.gov/mesh/D003550,http://snomed.info/id/190905008,skos:closeMatch,0.90,shared_cui,D003550,190905008,Cystic fibrosis,11,disease,BioRED
http://id.nlm.nih.gov/mesh/D003586,http://snomed.info/id/235749000,skos:closeMatch,0.90,shared_cui,D003586,235749000,Cytomegaloviral colitis,11,disease,"BC5CDR,BioRED"
http://id.nlm.nih.gov/mesh/D003875,http://snomed.info/id/28926001,skos:closeMatch,0.90,shared_cui,D003875,28926001,Eruption caused by drug,11,disease,"BC5CDR,BioRED"
http://id.nlm.nih.gov/mesh/D004314,http://snomed.info/id/737542000,skos:closeMatch,0.90,shared_cui,D004314,737542000,Trisomy 21,11,disease,BioRED
http://id.nlm.nih.gov/mesh/D004642,http://snomed.info/id/116530002,skos:closeMatch,0.90,shared_cui,D004642,116530002,Casanthranol,11,chemical,BioRED
http://id.nlm.nih.gov/mesh/D004999,http://snomed.info/id/386923005,skos:closeMatch,0.90,shared_cui,D004999,386923005,Amifostine,11,chemical,BC5CDR
http://id.nlm.nih.gov/mesh/D006417,http://snomed.info/id/34436003,skos:closeMatch,0.90,shared_cui,D006417,34436003,Blood in urine,11,disease,BC5CDR
http://id.nlm.nih.gov/mesh/D006556,http://snomed.info/id/231477003,skos:closeMatch,0.90,shared_cui,D006556,231477003,Heroin dependence,11,disease,"BC5CDR,BioRED"
http://id.nlm.nih.gov/mesh/D006937,http://snomed.info/id/13644009,skos:closeMatch,0.90,shared_cui,D006937,13644009,Hypercholesterolemia,11,disease,"BC5CDR,BioRED"
http://id.nlm.nih.gov/mesh/D006940,http://snomed.info/id/30098003,skos:closeMatch,0.90,shared_cui,D006940,30098003,Hyperemia,11,disease,BC5CDR
http://id.nlm.nih.gov/mesh/D007612,http://snomed.info/id/387396008,skos:closeMatch,0.90,shared_cui,D007612,387396008,Kanamycin,11,chemical,BC5CDR
http://id.nlm.nih.gov/mesh/D008054,http://snomed.info/id/89191001,skos:narrowMatch,0.55,mrrel_rn,D008054,89191001,"15-hydroperoxy-5,8,11,13-eicosatetraenoic acid",11,chemical,"BC5CDR,BioRED"
http://id.nlm.nih.gov/mesh/D008228,http://snomed.info/id/188498009,skos:closeMatch,0.90,shared_cui,D008228,188498009,Lymphosarcoma,11,disease,"BC5CDR,BioRED"
http://id.nlm.nih.gov/mesh/D010400,http://snomed.info/id/323389000,skos:closeMatch,0.90,shared_cui,D010400,323389000,Penicillin G,11,chemical,"BC5CDR,BioRED"
http://id.nlm.nih.gov/mesh/D011318,http://snomed.info/id/387107003,skos:closeMatch,0.90,shared_cui,D011318,387107003,Prilocaine,11,chemical,BC5CDR
http://id.nlm.nih.gov/mesh/D013496,http://snomed.info/id/108849007,skos:closeMatch,0.90,shared_cui,D013496,108849007,Suprofen,11,chemical,BC5CDR
http://id.nlm.nih.gov/mesh/D013832,http://snomed.info/id/399357009,skos:closeMatch,0.90,shared_cui,D013832,399357009,Thiamine deficiency,11,disease,BioRED
http://id.nlm.nih.gov/mesh/D014282,http://snomed.info/id/387120000,skos:closeMatch,0.90,shared_cui,D014282,387120000,Trihexyphenidyl,11,chemical,BC5CDR
http://id.nlm.nih.gov/mesh/D014456,http://snomed.info/id/429040005,skos:closeMatch,0.90,shared_cui,D014456,429040005,Ulcer,11,disease,BC5CDR
http://id.nlm.nih.gov/mesh/D014579,http://snomed.info/id/105590001,skos:relatedMatch,0.40,"sty_fallback:Amino Acid, Peptide, or Protein",D014579,105590001,Substance,11,chemical,BC5CDR
http://id.nlm.nih.gov/mesh/D014667,http://snomed.info/id/77671006,skos:closeMatch,0.90,shared_cui,D014667,77671006,Antidiuretic hormone,11,chemical,BC5CDR
http://id.nlm.nih.gov/mesh/D015102,http://snomed.info/id/416476002,skos:closeMatch,0.90,shared_cui,D015102,416476002,Dihydroxyphenylacetic acid,11,chemical,"BC5CDR,BioRED"
http://id.nlm.nih.gov/mesh/D015283,http://snomed.info/id/372596005,skos:closeMatch,0.90,shared_cui,D015283,372596005,Citalopram,11,chemical,"BC5CDR,BioRED"
http://id.nlm.nih.gov/mesh/D015761,http://snomed.info/id/80994002,skos:closeMatch,0.90,shared_cui,D015761,80994002,Dalfampridine,11,chemical,BC5CDR
http://id.nlm.nih.gov/mesh/D016403,http://snomed.info/id/109969005,skos:closeMatch,0.90,shared_cui,D016403,109969005,Diffuse large B-cell lymphoma,11,disease,BioRED
http://id.nlm.nih.gov/mesh/D016666,http://snomed.info/id/372905008,skos:closeMatch,0.90,shared_cui,D016666,372905008,Fluvoxamine,11,chemical,BC5CDR
http://id.nlm.nih.gov/mesh/D018738,http://snomed.info/id/49839002,skos:closeMatch,0.93,shared_cui_strict,D018738,49839002,Hexamethonium,11,chemical,"BC5CDR,BioRED"
http://id.nlm.nih.gov/mesh/D018771,http://snomed.info/id/57676002,skos:closeMatch,0.90,shared_cui,D018771,57676002,Pain of joint,11,disease,"BC5CDR,BioRED"
http://id.nlm.nih.gov/mesh/D019636,http://snomed.info/id/80690008,skos:closeMatch,0.90,shared_cui,D019636,80690008,Degenerative disease of the central nervous system,11,disease,"BC5CDR,BioRED"
http://id.nlm.nih.gov/mesh/D020820,http://snomed.info/id/426592006,skos:closeMatch,0.90,shared_cui,D020820,426592006,Ballism,11,disease,"BC5CDR,BioRED"
http://id.nlm.nih.gov/mesh/D053040,http://snomed.info/id/95570007,skos:closeMatch,0.90,shared_cui,D053040,95570007,Kidney stone,11,disease,BC5CDR
http://id.nlm.nih.gov/mesh/C007112,http://snomed.info/id/34792002,skos:closeMatch,0.90,shared_cui,C007112,34792002,Coniine,10,chemical,BC5CDR
http://id.nlm.nih.gov/mesh/C009591,http://snomed.info/id/105590001,skos:relatedMatch,0.40,sty_fallback:Organic Chemical,C009591,105590001,Substance,10,chemical,"BC5CDR,BioRED"
http://id.nlm.nih.gov/mesh/C045894,http://snomed.info/id/372612001,skos:broadMatch,0.65,mrrel_rb,C045894,372612001,Antifolate,10,chemical,BC5CDR
http://id.nlm.nih.gov/mesh/C051786,http://snomed.info/id/71818000,skos:broadMatch,0.65,mrrel_rb,C051786,71818000,Herbicide,10,chemical,BC5CDR
http://id.nlm.nih.gov/mesh/C056595,http://snomed.info/id/372793000,skos:broadMatch,0.65,mrrel_rb,C056595,372793000,Diltiazem,10,chemical,BC5CDR
http://id.nlm.nih.gov/mesh/C066201,http://snomed.info/id/407312007,skos:broadMatch,0.65,mrrel_rb,C066201,407312007,Enzyme inhibitor,10,chemical,"BC5CDR,BioRED"
http://id.nlm.nih.gov/mesh/C070935,http://snomed.info/id/105590001,skos:relatedMatch,0.40,sty_fallback:Organic Chemical,C070935,105590001,Substance,10,chemical,BC5CDR
http://id.nlm.nih.gov/mesh/C075750,http://snomed.info/id/387228004,skos:broadMatch,0.65,mrrel_rb,C075750,387228004,Dinoprost,10,chemical,"BC5CDR,BioRED"
http://id.nlm.nih.gov/mesh/C535516,http://snomed.info/id/1162799008,skos:closeMatch,0.90,shared_cui,C535516,1162799008,Hereditary leiomyomatosis and renal cell carcinoma,10,disease,BioRED
http://id.nlm.nih.gov/mesh/C562831,http://snomed.info/id/253414002,skos:closeMatch,0.90,shared_cui,C562831,253414002,Atrioventricular septal defect,10,disease,BioRED
http://id.nlm.nih.gov/mesh/D000138,http://snomed.info/id/51387008,skos:closeMatch,0.90,shared_cui,D000138,51387008,Acidosis,10,disease,BC5CDR
http://id.nlm.nih.gov/mesh/D000409,http://snomed.info/id/58753009,skos:closeMatch,0.90,shared_cui,D000409,58753009,Alanine,10,chemical,BC5CDR
http://id.nlm.nih.gov/mesh/D000584,http://snomed.info/id/387503008,skos:closeMatch,0.90,shared_cui,D000584,387503008,Amiloride,10,chemical,BC5CDR
http://id.nlm.nih.gov/mesh/D000667,http://snomed.info/id/387170002,skos:closeMatch,0.90,shared_cui,D000667,387170002,Ampicillin,10,chemical,BC5CDR
http://id.nlm.nih.gov/mesh/D000975,http://snomed.info/id/763043008,skos:narrowMatch,0.55,mrrel_rn,D000975,763043008,Boldine,10,chemical,BioRED
http://id.nlm.nih.gov/mesh/D001067,http://snomed.info/id/108374003,skos:closeMatch,0.90,shared_cui,D001067,108374003,Anorexiant,10,chemical,BC5CDR
http://id.nlm.nih.gov/mesh/D001168,http://snomed.info/id/3723001,skos:closeMatch,0.90,shared_cui,D001168,3723001,Arthritis,10,disease,"BC5CDR,BioRED"
http://id.nlm.nih.gov/mesh/D001171,http://snomed.info/id/239802003,skos:closeMatch,0.90,shared_cui,D001171,239802003,Juvenile psoriatic arthritis,10,disease,"BC5CDR,BioRED"
http://id.nlm.nih.gov/mesh/D001201,http://snomed.info/id/389026000,skos:closeMatch,0.90,shared_cui,D001201,389026000,Ascites,10,disease,"BC5CDR,BioRED"
http://id.nlm.nih.gov/mesh/D001606,http://snomed.info/id/234478007,skos:closeMatch,0.90,shared_cui,D001606,234478007,Giant platelet syndrome,10,disease,BioRED
http://id.nlm.nih.gov/mesh/D003528,http://snomed.info/id/302827006,skos:closeMatch,0.90,shared_cui,D003528,302827006,Cylindroma,10,disease,BioRED
http://id.nlm.nih.gov/mesh/D003919,http://snomed.info/id/1296758008,skos:closeMatch,0.90,shared_cui,D003919,1296758008,Vasopressin-related polyuria,10,disease,"BC5CDR,BioRED"
http://id.nlm.nih.gov/mesh/D005200,http://snomed.info/id/105590001,skos:relatedMatch,0.40,sty_fallback:Organic Chemical,D005200,105590001,Substance,10,chemical,BC5CDR
http://id.nlm.nih.gov/mesh/D005277,http://snomed.info/id/387451002,skos:closeMatch,0.90,shared_cui,D005277,387451002,Fenfluramine,10,chemical,BC5CDR
http://id.nlm.nih.gov/mesh/D005489,http://snomed.info/id/205573006,skos:closeMatch,0.90,shared_cui,D005489,205573006,Focal dermal hypoplasia,10,disease,BioRED
http://id.nlm.nih.gov/mesh/D005705,http://snomed.info/id/39621005,skos:closeMatch,0.90,shared_cui,D005705,39621005,Disorder of gallbladder,10,disease,BC5CDR
http://id.nlm.nih.gov/mesh/D006111,http://snomed.info/id/353295004,skos:closeMatch,0.90,shared_cui,D006111,353295004,Graves' disease,10,disease,BC5CDR
http://id.nlm.nih.gov/mesh/D006527,http://snomed.info/id/88518009,skos:closeMatch,0.90,shared_cui,D006527,88518009,Wilson's disease,10,disease,BC5CDR
http://id.nlm.nih.gov/mesh/D006897,http://snomed.info/id/259543004,skos:closeMatch,0.90,shared_cui,D006897,259543004,5-hydroxyindole acetic acid,10,chemical,"BC5CDR,BioRED"
http://id.nlm.nih.gov/mesh/D007010,http://snomed.info/id/89627008,skos:closeMatch,0.90,shared_cui,D007010,89627008,Hyponatremia,10,disease,BC5CDR
http://id.nlm.nih.gov/mesh/D008171,http://snomed.info/id/19829001,skos:closeMatch,0.90,shared_cui,D008171,19829001,Disorder of lung,10,disease,"BC5CDR,BioRED"
http://id.nlm.nih.gov/mesh/D008181,http://snomed.info/id/68815009,skos:closeMatch,0.90,shared_cui,D008181,68815009,SLE glomerulonephritis syndrome,10,disease,"BC5CDR,BioRED"
http://id.nlm.nih.gov/mesh/D008232,http://snomed.info/id/277466009,skos:closeMatch,0.90,shared_cui,D008232,277466009,Lymphoproliferative disorder,10,disease,BC5CDR
http://id.nlm.nih.gov/mesh/D008454,http://snomed.info/id/387232005,skos:closeMatch,0.90,shared_cui,D008454,387232005,Mazindol,10,chemical,BC5CDR
http://id.nlm.nih.gov/mesh/D008581,http://snomed.info/id/7180009,skos:closeMatch,0.90,shared_cui,D008581,7180009,Meningitis,10,disease,"BC5CDR,BioRED"
http://id.nlm.nih.gov/mesh/D008801,http://snomed.info/id/372909002,skos:closeMatch,0.90,shared_cui,D008801,372909002,Mexiletine,10,chemical,"BC5CDR,BioRED"
http://id.nlm.nih.gov/mesh/D009190,http://snomed.info/id/128623006,skos:closeMatch,0.90,shared_cui,D009190,128623006,Myelodysplastic neoplasm,10,disease,BC5CDR
http://id.nlm.nih.gov/mesh/D009388,http://snomed.info/id/373346001,skos:closeMatch,0.90,shared_cui,D009388,373346001,Neostigmine,10,chemical,BC5CDR
http://id.nlm.nih.gov/mesh/D009428,http://snomed.info/id/387110005,skos:closeMatch,0.90,shared_cui,D009428,387110005,Netilmicin,10,chemical,BC5CDR
http://id.nlm.nih.gov/mesh/D009643,http://snomed.info/id/387271008,skos:closeMatch,0.90,shared_cui,D009643,387271008,Norfloxacin,10,chemical,"BC5CDR,BioRED"
http://id.nlm.nih.gov/mesh/D010003,http://snomed.info/id/396275006,skos:closeMatch,0.90,shared_cui,D010003,396275006,Osteoarthritis,10,disease,"BC5CDR,BioRED"
http://id.nlm.nih.gov/mesh/D010673,http://snomed.info/id/360332001,skos:closeMatch,0.90,shared_cui,D010673,360332001,Chromaffinoma,10,disease,"BC5CDR,BioRED"
http://id.nlm.nih.gov/mesh/D010830,http://snomed.info/id/373347005,skos:closeMatch,0.90,shared_cui,D010830,373347005,Physostigmine,10,chemical,BC5CDR
http://id.nlm.nih.gov/mesh/D010984,http://snomed.info/id/84847000,skos:closeMatch,0.93,shared_cui_strict,D010984,84847000,Platinum,10,chemical,"BC5CDR,BioRED"
http://id.nlm.nih.gov/mesh/D011470,http://snomed.info/id/433234005,skos:closeMatch,0.90,shared_cui,D011470,433234005,Hyperplasia of prostate,10,disease,BioRED
http://id.nlm.nih.gov/mesh/D012409,http://snomed.info/id/36653000,skos:closeMatch,0.90,shared_cui,D012409,36653000,Rubella,10,disease,BC5CDR
http://id.nlm.nih.gov/mesh/D012642,http://snomed.info/id/372497003,skos:closeMatch,0.90,shared_cui,D012642,372497003,Selegiline,10,chemical,BC5CDR
http://id.nlm.nih.gov/mesh/D013619,http://snomed.info/id/373727000,skos:closeMatch,0.90,shared_cui,D013619,373727000,Tacrine,10,chemical,BC5CDR
http://id.nlm.nih.gov/mesh/D014012,http://snomed.info/id/60862001,skos:closeMatch,0.90,shared_cui,D014012,60862001,Tinnitus,10,disease,"BC5CDR,BioRED"
http://id.nlm.nih.gov/mesh/D014443,http://snomed.info/id/27378009,skos:closeMatch,0.90,shared_cui,D014443,27378009,Tyrosine,10,chemical,BC5CDR
http://id.nlm.nih.gov/mesh/D015740,http://snomed.info/id/44609006,skos:closeMatch,0.93,shared_cui_strict,D015740,44609006,Calcitonin gene-related peptide,10,chemical,BC5CDR
http://id.nlm.nih.gov/mesh/D016470,http://snomed.info/id/5758002,skos:closeMatch,0.90,shared_cui,D016470,5758002,Bacteremia,10,disease,"BC5CDR,BioRED"
http://id.nlm.nih.gov/mesh/D017545,http://snomed.info/id/433068007,skos:closeMatch,0.90,shared_cui,D017545,433068007,Aneurysm of thoracic aorta,10,disease,"BC5CDR,BioRED"
http://id.nlm.nih.gov/mesh/D018319,http://snomed.info/id/19897006,skos:closeMatch,0.90,shared_cui,D018319,19897006,Malignant peripheral nerve sheath tumor,10,disease,BioRED
http://id.nlm.nih.gov/mesh/D018761,http://snomed.info/id/30664006,skos:closeMatch,0.90,shared_cui,D018761,30664006,"Multiple endocrine neoplasia, type 1",10,disease,BioRED
http://id.nlm.nih.gov/mesh/D018818,http://snomed.info/id/108590002,skos:closeMatch,0.90,shared_cui,D018818,108590002,Fenoldopam,10,chemical,BC5CDR
http://id.nlm.nih.gov/mesh/D019287,http://snomed.info/id/387367007,skos:closeMatch,0.90,shared_cui,D019287,387367007,Zinc sulfate,10,chemical,"BC5CDR,BioRED"
http://id.nlm.nih.gov/mesh/D019342,http://snomed.info/id/227565008,skos:closeMatch,0.90,shared_cui,D019342,227565008,Vinegar,10,chemical,"BC5CDR,BioRED"
http://id.nlm.nih.gov/mesh/D020280,http://snomed.info/id/372594008,skos:closeMatch,0.90,shared_cui,D020280,372594008,Sertraline,10,chemical,BC5CDR
http://id.nlm.nih.gov/mesh/D039141,http://snomed.info/id/77097004,skos:closeMatch,0.90,shared_cui,D039141,77097004,Oculopharyngeal muscular dystrophy,10,disease,BioRED
http://id.nlm.nih.gov/mesh/D046152,http://snomed.info/id/1187383001,skos:closeMatch,0.90,shared_cui,D046152,1187383001,Gastrointestinal stromal tumor,10,disease,BioRED
http://id.nlm.nih.gov/mesh/D054220,http://snomed.info/id/253153000,skos:closeMatch,0.90,shared_cui,D054220,253153000,Cortical dysplasia,10,disease,"BC5CDR,BioRED"
http://id.nlm.nih.gov/mesh/D057130,http://snomed.info/id/193413001,skos:closeMatch,0.90,shared_cui,D057130,193413001,Leber's amaurosis,10,disease,BioRED
http://id.nlm.nih.gov/mesh/D063646,http://snomed.info/id/108369006,skos:relatedMatch,0.40,sty_fallback:Neoplastic Process,D063646,108369006,Neoplasm,10,disease,"BC5CDR,BioRED"
http://id.nlm.nih.gov/mesh/D064791,http://snomed.info/id/56156001,skos:closeMatch,0.90,shared_cui,D064791,56156001,Desoxycortone acetate,10,chemical,BioRED
http://id.nlm.nih.gov/mesh/C002887,http://snomed.info/id/407312007,skos:broadMatch,0.65,mrrel_rb,C002887,407312007,Enzyme inhibitor,9,chemical,BC5CDR
http://id.nlm.nih.gov/mesh/C018824,http://snomed.info/id/421292006,skos:closeMatch,0.90,shared_cui,C018824,421292006,Ammonium acetate,9,chemical,BC5CDR
http://id.nlm.nih.gov/mesh/C032976,http://snomed.info/id/105590001,skos:relatedMatch,0.40,sty_fallback:Organic Chemical,C032976,105590001,Substance,9,chemical,BC5CDR
http://id.nlm.nih.gov/mesh/C036466,http://snomed.info/id/372720008,skos:broadMatch,0.65,mrrel_rb,C036466,372720008,Antidepressant,9,chemical,BC5CDR
http://id.nlm.nih.gov/mesh/C048279,http://snomed.info/id/373568007,skos:broadMatch,0.65,mrrel_rb,C048279,373568007,Chlorhexidine,9,chemical,BC5CDR
http://id.nlm.nih.gov/mesh/C055603,http://snomed.info/id/372586001,skos:broadMatch,0.65,mrrel_rb,C055603,372586001,Hypotensive agent,9,chemical,BC5CDR
http://id.nlm.nih.gov/mesh/C055866,http://snomed.info/id/372688009,skos:broadMatch,0.65,mrrel_rb,C055866,372688009,Antineoplastic agent,9,chemical,BC5CDR
http://id.nlm.nih.gov/mesh/C100008,http://snomed.info/id/32901007,skos:closeMatch,0.90,shared_cui,C100008,32901007,Prostaglandin PGA2,9,chemical,BioRED
http://id.nlm.nih.gov/mesh/C535650,http://snomed.info/id/126824007,skos:broadMatch,0.65,mrrel_rb,C535650,126824007,Neoplasm of stomach,9,disease,BioRED
http://id.nlm.nih.gov/mesh/C537550,http://snomed.info/id/400962005,skos:closeMatch,0.90,shared_cui,C537550,400962005,Congenital miosis,9,disease,BioRED
http://id.nlm.nih.gov/mesh/C537849,http://snomed.info/id/15228007,skos:closeMatch,0.90,shared_cui,C537849,15228007,Atrophia bulborum hereditaria,9,disease,BioRED
http://id.nlm.nih.gov/mesh/D000244,http://snomed.info/id/49745002,skos:closeMatch,0.93,shared_cui_strict,D000244,49745002,Adenosine diphosphate,9,chemical,"BC5CDR,BioRED"
http://id.nlm.nih.gov/mesh/D000419,http://snomed.info/id/274769005,skos:closeMatch,0.90,shared_cui,D000419,274769005,Albuminuria,9,disease,BC5CDR
http://id.nlm.nih.gov/mesh/D000639,http://snomed.info/id/372726002,skos:closeMatch,0.90,shared_cui,D000639,372726002,Amitriptyline,9,chemical,BC5CDR
http://id.nlm.nih.gov/mesh/D000788,http://snomed.info/id/87343002,skos:closeMatch,0.90,shared_cui,D000788,87343002,Prinzmetal angina,9,disease,BC5CDR
http://id.nlm.nih.gov/mesh/D000991,http://snomed.info/id/414010005,skos:closeMatch,0.90,shared_cui,D000991,414010005,Direct thrombin inhibitor,9,chemical,"BC5CDR,BioRED"
http://id.nlm.nih.gov/mesh/D001262,http://snomed.info/id/387506000,skos:closeMatch,0.90,shared_cui,D001262,387506000,Atenolol,9,chemical,BC5CDR
http://id.nlm.nih.gov/mesh/D001282,http://snomed.info/id/5370000,skos:closeMatch,0.90,shared_cui,D001282,5370000,Atrial flutter,9,disease,BC5CDR
http://id.nlm.nih.gov/mesh/D001640,http://snomed.info/id/105590001,skos:relatedMatch,0.40,sty_fallback:Organic Chemical,D001640,105590001,Substance,9,chemical,BC5CDR
http://id.nlm.nih.gov/mesh/D002119,http://snomed.info/id/418016005,skos:closeMatch,0.90,shared_cui,D002119,418016005,Chalk,9,chemical,BC5CDR
http://id.nlm.nih.gov/mesh/D002351,http://snomed.info/id/109240008,skos:closeMatch,0.93,shared_cui_strict,D002351,109240008,Carrageenan,9,chemical,"BC5CDR,BioRED"
http://id.nlm.nih.gov/mesh/D002354,http://snomed.info/id/386866004,skos:closeMatch,0.90,shared_cui,D002354,386866004,Carteolol,9,chemical,BC5CDR
http://id.nlm.nih.gov/mesh/D002511,http://snomed.info/id/51779009,skos:closeMatch,0.90,shared_cui,D002511,51779009,Cephalosporin,9,chemical,BC5CDR
http://id.nlm.nih.gov/mesh/D002788,http://snomed.info/id/73427004,skos:closeMatch,0.90,shared_cui,D002788,73427004,Cholesterol ester,9,chemical,"BC5CDR,BioRED"
http://id.nlm.nih.gov/mesh/D003110,http://snomed.info/id/126838000,skos:closeMatch,0.90,shared_cui,D003110,126838000,Neoplasm of colon,9,disease,"BC5CDR,BioRED"
http://id.nlm.nih.gov/mesh/D003277,http://snomed.info/id/169466004,skos:closeMatch,0.90,shared_cui,D003277,169466004,Combined oral contraceptive,9,chemical,BC5CDR
http://id.nlm.nih.gov/mesh/D003288,http://snomed.info/id/125667009,skos:closeMatch,0.90,shared_cui,D003288,125667009,Contusion,9,disease,BC5CDR
http://id.nlm.nih.gov/mesh/D003872,http://snomed.info/id/703938007,skos:closeMatch,0.90,shared_cui,D003872,703938007,Dermatitis,9,disease,BC5CDR
http://id.nlm.nih.gov/mesh/D003929,http://snomed.info/id/230577008,skos:closeMatch,0.90,shared_cui,D003929,230577008,Diabetic mononeuropathy,9,disease,"BC5CDR,BioRED"
http://id.nlm.nih.gov/mesh/D004294,http://snomed.info/id/387181004,skos:closeMatch,0.90,shared_cui,D004294,387181004,Domperidone,9,chemical,"BC5CDR,BioRED"
http://id.nlm.nih.gov/mesh/D004417,http://snomed.info/id/267036007,skos:closeMatch,0.90,shared_cui,D004417,267036007,Dyspnea,9,disease,"BC5CDR,BioRED"
http://id.nlm.nih.gov/mesh/D004917,http://snomed.info/id/372694001,skos:closeMatch,0.90,shared_cui,D004917,372694001,Erythromycin,9,chemical,BC5CDR
http://id.nlm.nih.gov/mesh/D005446,http://snomed.info/id/396059004,skos:closeMatch,0.90,shared_cui,D005446,396059004,Fluocinolone acetonide,9,chemical,BC5CDR
http://id.nlm.nih.gov/mesh/D005479,http://snomed.info/id/387109000,skos:closeMatch,0.90,shared_cui,D005479,387109000,Flurazepam,9,chemical,BC5CDR
http://id.nlm.nih.gov/mesh/D005902,http://snomed.info/id/46168003,skos:closeMatch,0.90,shared_cui,D005902,46168003,Pigmentary glaucoma,9,disease,"BC5CDR,BioRED"
http://id.nlm.nih.gov/mesh/D005937,http://snomed.info/id/105590001,skos:relatedMatch,0.40,sty_fallback:Organic Chemical,D005937,105590001,Substance,9,chemical,BC5CDR
http://id.nlm.nih.gov/mesh/D006495,http://snomed.info/id/373294004,skos:closeMatch,0.90,shared_cui,D006495,373294004,Low molecular weight heparin,9,chemical,BC5CDR
http://id.nlm.nih.gov/mesh/D006504,http://snomed.info/id/65617004,skos:closeMatch,0.90,shared_cui,D006504,65617004,Veno-occlusive disease of the liver,9,disease,BC5CDR
http://id.nlm.nih.gov/mesh/D006529,http://snomed.info/id/80515008,skos:closeMatch,0.90,shared_cui,D006529,80515008,Large liver,9,disease,"BC5CDR,BioRED"
http://id.nlm.nih.gov/mesh/D006965,http://snomed.info/id/76197007,skos:closeMatch,0.93,shared_cui_strict,D006965,76197007,Hyperplasia,9,disease,"BC5CDR,BioRED"
http://id.nlm.nih.gov/mesh/D006980,http://snomed.info/id/34486009,skos:closeMatch,0.90,shared_cui,D006980,34486009,Hyperthyroidism,9,disease,"BC5CDR,BioRED"
http://id.nlm.nih.gov/mesh/D007003,http://snomed.info/id/302866003,skos:closeMatch,0.90,shared_cui,D007003,302866003,Hypoglycemia,9,disease,"BC5CDR,BioRED"
http://id.nlm.nih.gov/mesh/D007208,http://snomed.info/id/384954007,skos:closeMatch,0.90,shared_cui,D007208,384954007,Indocyanine green,9,chemical,BC5CDR
http://id.nlm.nih.gov/mesh/D007683,http://snomed.info/id/35455006,skos:closeMatch,0.90,shared_cui,D007683,35455006,Acute tubular necrosis,9,disease,BC5CDR
http://id.nlm.nih.gov/mesh/D008288,http://snomed.info/id/61462000,skos:closeMatch,0.90,shared_cui,D008288,61462000,Malaria,9,disease,"BC5CDR,BioRED"
http://id.nlm.nih.gov/mesh/D008558,http://snomed.info/id/387297002,skos:closeMatch,0.90,shared_cui,D008558,387297002,Melphalan,9,chemical,BC5CDR
http://id.nlm.nih.gov/mesh/D008850,http://snomed.info/id/61142002,skos:closeMatch,0.90,shared_cui,D008850,61142002,Microphthalmos,9,disease,"BC5CDR,BioRED"
http://id.nlm.nih.gov/mesh/D009447,http://snomed.info/id/432328008,skos:closeMatch,0.90,shared_cui,D009447,432328008,Neuroblastoma,9,disease,BC5CDR
http://id.nlm.nih.gov/mesh/D009573,http://snomed.info/id/31528005,skos:closeMatch,0.90,shared_cui,D009573,31528005,Nitrite salt,9,chemical,"BC5CDR,BioRED"
http://id.nlm.nih.gov/mesh/D010013,http://snomed.info/id/78314001,skos:closeMatch,0.90,shared_cui,D010013,78314001,Osteogenesis imperfecta,9,disease,BioRED
http://id.nlm.nih.gov/mesh/D010292,http://snomed.info/id/15037002,skos:closeMatch,0.90,shared_cui,D010292,15037002,Formication,9,disease,BC5CDR
http://id.nlm.nih.gov/mesh/D010431,http://snomed.info/id/387522004,skos:closeMatch,0.90,shared_cui,D010431,387522004,Pentoxifylline,9,chemical,BC5CDR
http://id.nlm.nih.gov/mesh/D010710,http://snomed.info/id/419846004,skos:narrowMatch,0.55,mrrel_rn,D010710,419846004,Ferrous phosphate,9,chemical,BC5CDR
http://id.nlm.nih.gov/mesh/D011128,http://snomed.info/id/75572007,skos:closeMatch,0.93,shared_cui_strict,D011128,75572007,Polyradiculopathy,9,disease,"BC5CDR,BioRED"
http://id.nlm.nih.gov/mesh/D011537,http://snomed.info/id/418290006,skos:closeMatch,0.90,shared_cui,D011537,418290006,Itching,9,disease,BC5CDR
http://id.nlm.nih.gov/mesh/D011736,http://snomed.info/id/430469009,skos:closeMatch,0.90,shared_cui,D011736,430469009,Pyridoxine,9,chemical,BC5CDR
http://id.nlm.nih.gov/mesh/D012492,http://snomed.info/id/105590001,skos:relatedMatch,0.40,sty_fallback:Chemical Viewed Structurally,D012492,105590001,Substance,9,chemical,"BC5CDR,BioRED"
http://id.nlm.nih.gov/mesh/D012848,http://snomed.info/id/65778007,skos:closeMatch,0.93,shared_cui_strict,D012848,65778007,Sinoatrial block,9,disease,"BC5CDR,BioRED"
http://id.nlm.nih.gov/mesh/D012892,http://snomed.info/id/130989002,skos:closeMatch,0.93,shared_cui_strict,D012892,130989002,Sleep deprivation,9,disease,BC5CDR
http://id.nlm.nih.gov/mesh/D012906,http://snomed.info/id/64197008,skos:closeMatch,0.93,shared_cui_strict,D012906,64197008,Smoke,9,chemical,BC5CDR
http://id.nlm.nih.gov/mesh/D013280,http://snomed.info/id/61170000,skos:closeMatch,0.90,shared_cui,D013280,61170000,Stomatitis,9,disease,"BC5CDR,BioRED"
http://id.nlm.nih.gov/mesh/D013453,http://snomed.info/id/372711004,skos:closeMatch,0.90,shared_cui,D013453,372711004,Sulfonylurea,9,chemical,"BC5CDR,BioRED"
http://id.nlm.nih.gov/mesh/D014221,http://snomed.info/id/116594009,skos:closeMatch,0.90,shared_cui,D014221,116594009,Triamcinolone,9,chemical,"BC5CDR,BioRED"
http://id.nlm.nih.gov/mesh/D014299,http://snomed.info/id/373550009,skos:closeMatch,0.90,shared_cui,D014299,373550009,Trimipramine,9,chemical,BC5CDR
http://id.nlm.nih.gov/mesh/D014376,http://snomed.info/id/371569005,skos:closeMatch,0.90,shared_cui,D014376,371569005,Tuberculous,9,disease,BC5CDR
http://id.nlm.nih.gov/mesh/D014403,http://snomed.info/id/373486008,skos:closeMatch,0.90,shared_cui,D014403,373486008,Tubocurarine,9,chemical,BC5CDR
http://id.nlm.nih.gov/mesh/D014549,http://snomed.info/id/165232002,skos:closeMatch,0.90,shared_cui,D014549,165232002,Urinary incontinence,9,disease,BC5CDR
http://id.nlm.nih.gov/mesh/D014607,http://snomed.info/id/193497004,skos:closeMatch,0.90,shared_cui,D014607,193497004,Vogt-Koyanagi-Harada disease,9,disease,BioRED
http://id.nlm.nih.gov/mesh/D015116,http://snomed.info/id/105590001,skos:relatedMatch,0.40,sty_fallback:Organic Chemical,D015116,105590001,Substance,9,chemical,"BC5CDR,BioRED"
http://id.nlm.nih.gov/mesh/D015878,http://snomed.info/id/37125009,skos:closeMatch,0.90,shared_cui,D015878,37125009,Dilated pupil,9,disease,BC5CDR
http://id.nlm.nih.gov/mesh/D016049,http://snomed.info/id/387105006,skos:closeMatch,0.90,shared_cui,D016049,387105006,Didanosine,9,chemical,BC5CDR
http://id.nlm.nih.gov/mesh/D016111,http://snomed.info/id/111303009,skos:closeMatch,0.90,shared_cui,D016111,111303009,Sjögren-Larsson syndrome,9,disease,BioRED
http://id.nlm.nih.gov/mesh/D016593,http://snomed.info/id/387089004,skos:closeMatch,0.90,shared_cui,D016593,387089004,Terfenadine,9,chemical,"BC5CDR,BioRED"
http://id.nlm.nih.gov/mesh/D016649,http://snomed.info/id/65846009,skos:closeMatch,0.90,shared_cui,D016649,65846009,Primary ovarian failure,9,disease,BioRED
http://id.nlm.nih.gov/mesh/D017963,http://snomed.info/id/387531004,skos:closeMatch,0.90,shared_cui,D017963,387531004,Azithromycin,9,chemical,"BC5CDR,BioRED"
http://id.nlm.nih.gov/mesh/D018170,http://snomed.info/id/395892000,skos:closeMatch,0.90,shared_cui,D018170,395892000,Sumatriptan,9,chemical,BC5CDR
http://id.nlm.nih.gov/mesh/D019343,http://snomed.info/id/59351004,skos:closeMatch,0.90,shared_cui,D019343,59351004,Citrate,9,chemical,BC5CDR
http://id.nlm.nih.gov/mesh/D019386,http://snomed.info/id/96290008,skos:closeMatch,0.93,shared_cui_strict,D019386,96290008,Alendronate,9,chemical,"BC5CDR,BioRED"
http://id.nlm.nih.gov/mesh/D019806,http://snomed.info/id/372787008,skos:broadMatch,0.65,mrrel_rb,D019806,372787008,Vasodilator,9,chemical,BC5CDR
http://id.nlm.nih.gov/mesh/D020300,http://snomed.info/id/1386000,skos:closeMatch,0.90,shared_cui,D020300,1386000,Intracranial hemorrhage,9,disease,"BC5CDR,BioRED"
http://id.nlm.nih.gov/mesh/D020734,http://snomed.info/id/32798002,skos:closeMatch,0.90,shared_cui,D020734,32798002,Parkinsonism,9,disease,BC5CDR
http://id.nlm.nih.gov/mesh/D047630,http://snomed.info/id/444608004,skos:narrowMatch,0.55,mrrel_rn,D047630,444608004,Romidepsin,9,chemical,BioRED
http://id.nlm.nih.gov/mesh/C004616,http://snomed.info/id/71668006,skos:closeMatch,0.90,shared_cui,C004616,71668006,Chloroprocaine,8,chemical,BC5CDR
http://id.nlm.nih.gov/mesh/C006780,http://snomed.info/id/255923006,skos:closeMatch,0.90,shared_cui,C006780,255923006,Bisphenol A,8,chemical,BC5CDR
http://id.nlm.nih.gov/mesh/C009438,http://snomed.info/id/372701006,skos:broadMatch,0.65,mrrel_rb,C009438,372701006,Antiviral,8,chemical,BC5CDR
http://id.nlm.nih.gov/mesh/C025946,http://snomed.info/id/70203000,skos:broadMatch,0.65,mrrel_rb,C025946,70203000,Adenine,8,chemical,"BC5CDR,BioRED"
http://id.nlm.nih.gov/mesh/C049864,http://snomed.info/id/105590001,skos:relatedMatch,0.40,sty_fallback:Organic Chemical,C049864,105590001,Substance,8,chemical,"BC5CDR,BioRED"
http://id.nlm.nih.gov/mesh/C060802,http://snomed.info/id/105590001,skos:relatedMatch,0.40,sty_fallback:Organic Chemical,C060802,105590001,Substance,8,chemical,BC5CDR
http://id.nlm.nih.gov/mesh/C065679,http://snomed.info/id/703834005,skos:closeMatch,0.90,shared_cui,C065679,703834005,Icatibant,8,chemical,"BC5CDR,BioRED"
http://id.nlm.nih.gov/mesh/C068820,http://snomed.info/id/429663004,skos:broadMatch,0.65,mrrel_rb,C068820,429663004,Primaquine,8,chemical,BC5CDR
http://id.nlm.nih.gov/mesh/C082828,http://snomed.info/id/387490003,skos:broadMatch,0.65,mrrel_rb,C082828,387490003,Nifedipine,8,chemical,BC5CDR
http://id.nlm.nih.gov/mesh/C089750,http://snomed.info/id/363582006,skos:closeMatch,0.90,shared_cui,C089750,363582006,Zolmitriptan,8,chemical,"BC5CDR,BioRED"
http://id.nlm.nih.gov/mesh/C442759,http://snomed.info/id/105590001,skos:relatedMatch,0.40,sty_fallback:Organic Chemical,C442759,105590001,Substance,8,chemical,"BC5CDR,BioRED"
http://id.nlm.nih.gov/mesh/C486464,http://snomed.info/id/698806003,skos:closeMatch,0.90,shared_cui,C486464,698806003,Telaprevir,8,chemical,"BC5CDR,BioRED"
http://id.nlm.nih.gov/mesh/C536528,http://snomed.info/id/79261008,skos:closeMatch,0.90,shared_cui,C536528,79261008,Van der Woude syndrome,8,disease,BioRED
http://id.nlm.nih.gov/mesh/C562694,http://snomed.info/id/36803009,skos:closeMatch,0.90,shared_cui,C562694,36803009,Idiopathic generalized epilepsy,8,disease,BC5CDR
http://id.nlm.nih.gov/mesh/D000013,http://snomed.info/id/276655000,skos:closeMatch,0.90,shared_cui,D000013,276655000,Congenital deformity,8,disease,"BC5CDR,BioRED"
http://id.nlm.nih.gov/mesh/D000380,http://snomed.info/id/17182001,skos:closeMatch,0.90,shared_cui,D000380,17182001,Agranulocytosis,8,disease,BC5CDR
http://id.nlm.nih.gov/mesh/D000518,http://snomed.info/id/372533004,skos:closeMatch,0.90,shared_cui,D000518,372533004,Eflornithine,8,chemical,BC5CDR
http://id.nlm.nih.gov/mesh/D000686,http://snomed.info/id/17602002,skos:closeMatch,0.90,shared_cui,D000686,17602002,Amyloidosis,8,disease,BC5CDR
http://id.nlm.nih.gov/mesh/D001308,http://snomed.info/id/229752008,skos:closeMatch,0.90,shared_cui,D001308,229752008,Auditory processing disorder,8,disease,"BC5CDR,BioRED"
http://id.nlm.nih.gov/mesh/D001374,http://snomed.info/id/412328000,skos:closeMatch,0.90,shared_cui,D001374,412328000,Azacitidine,8,chemical,BC5CDR
http://id.nlm.nih.gov/mesh/D001424,http://snomed.info/id/87628006,skos:closeMatch,0.90,shared_cui,D001424,87628006,Bacterial infectious disease,8,disease,"BC5CDR,BioRED"
http://id.nlm.nih.gov/mesh/D001539,http://snomed.info/id/387520007,skos:closeMatch,0.90,shared_cui,D001539,387520007,Bendroflumethiazide,8,chemical,BC5CDR
http://id.nlm.nih.gov/mesh/D001761,http://snomed.info/id/372843005,skos:closeMatch,0.90,shared_cui,D001761,372843005,Bleomycin,8,chemical,"BC5CDR,BioRED"
http://id.nlm.nih.gov/mesh/D002083,http://snomed.info/id/228104004,skos:closeMatch,0.90,shared_cui,D002083,228104004,Butylated hydroxyanisole,8,chemical,BC5CDR
http://id.nlm.nih.gov/mesh/D002092,http://snomed.info/id/105590001,skos:relatedMatch,0.40,sty_fallback:Organic Chemical,D002092,105590001,Substance,8,chemical,"BC5CDR,BioRED"
http://id.nlm.nih.gov/mesh/D002121,http://snomed.info/id/373304005,skos:closeMatch,0.90,shared_cui,D002121,373304005,Calcium channel blocker,8,chemical,"BC5CDR,BioRED"
http://id.nlm.nih.gov/mesh/D002294,http://snomed.info/id/1162767002,skos:closeMatch,0.90,shared_cui,D002294,1162767002,Squamous cell carcinoma,8,disease,"BC5CDR,BioRED"
http://id.nlm.nih.gov/mesh/D002526,http://snomed.info/id/223176004,skos:closeMatch,0.90,shared_cui,D002526,223176004,Cerebellar disorder,8,disease,"BC5CDR,BioRED"
http://id.nlm.nih.gov/mesh/D002549,http://snomed.info/id/49692006,skos:closeMatch,0.90,shared_cui,D002549,49692006,Schilder's disease,8,disease,BioRED
http://id.nlm.nih.gov/mesh/D002997,http://snomed.info/id/372903001,skos:closeMatch,0.90,shared_cui,D002997,372903001,Clomipramine,8,chemical,BC5CDR
http://id.nlm.nih.gov/mesh/D003681,http://snomed.info/id/34095006,skos:closeMatch,0.90,shared_cui,D003681,34095006,Dehydration,8,disease,"BC5CDR,BioRED"
http://id.nlm.nih.gov/mesh/D004164,http://snomed.info/id/372907000,skos:closeMatch,0.90,shared_cui,D004164,372907000,Bisphosphonate,8,chemical,"BC5CDR,BioRED"
http://id.nlm.nih.gov/mesh/D004687,http://snomed.info/id/268274005,skos:closeMatch,0.90,shared_cui,D004687,268274005,Enchondromatosis,8,disease,BioRED
http://id.nlm.nih.gov/mesh/D004886,http://snomed.info/id/44653001,skos:closeMatch,0.90,shared_cui,D004886,44653001,Erysipelas,8,disease,BioRED
http://id.nlm.nih.gov/mesh/D005688,http://snomed.info/id/111993007,skos:closeMatch,0.93,shared_cui_strict,D005688,111993007,Galactosamine,8,chemical,"BC5CDR,BioRED"
http://id.nlm.nih.gov/mesh/D006170,http://snomed.info/id/8687009,skos:closeMatch,0.93,shared_cui_strict,D006170,8687009,Gum arabic,8,chemical,BC5CDR
http://id.nlm.nih.gov/mesh/D006996,http://snomed.info/id/5291005,skos:closeMatch,0.90,shared_cui,D006996,5291005,Hypocalcemia,8,disease,BC5CDR
http://id.nlm.nih.gov/mesh/D007645,http://snomed.info/id/239069005,skos:closeMatch,0.90,shared_cui,D007645,239069005,Mal de Meleda,8,disease,"BC5CDR,BioRED"
http://id.nlm.nih.gov/mesh/D008050,http://snomed.info/id/105590001,skos:relatedMatch,0.40,sty_fallback:Organic Chemical,D008050,105590001,Substance,8,chemical,BioRED
http://id.nlm.nih.gov/mesh/D008713,http://snomed.info/id/37656002,skos:closeMatch,0.90,shared_cui,D008713,37656002,Methimazole,8,chemical,BC5CDR
http://id.nlm.nih.gov/mesh/D009133,http://snomed.info/id/88092000,skos:closeMatch,0.90,shared_cui,D009133,88092000,Muscle atrophy,8,disease,BC5CDR
http://id.nlm.nih.gov/mesh/D009157,http://snomed.info/id/230684008,skos:closeMatch,0.90,shared_cui,D009157,230684008,Ocular myasthenia,8,disease,BC5CDR
http://id.nlm.nih.gov/mesh/D009223,http://snomed.info/id/1177122009,skos:closeMatch,0.90,shared_cui,D009223,1177122009,Myotonic dystrophy,8,disease,"BC5CDR,BioRED"
http://id.nlm.nih.gov/mesh/D009496,http://snomed.info/id/76134003,skos:closeMatch,0.93,shared_cui_strict,D009496,76134003,Neurotensin,8,chemical,BC5CDR
http://id.nlm.nih.gov/mesh/D009530,http://snomed.info/id/698197004,skos:closeMatch,0.90,shared_cui,D009530,698197004,Nicergoline,8,chemical,BC5CDR
http://id.nlm.nih.gov/mesh/D009568,http://snomed.info/id/444757009,skos:closeMatch,0.93,shared_cui_strict,D009568,444757009,Nitrendipine,8,chemical,BC5CDR
http://id.nlm.nih.gov/mesh/D009853,http://snomed.info/id/387137007,skos:closeMatch,0.90,shared_cui,D009853,387137007,Omeprazole,8,chemical,BC5CDR
http://id.nlm.nih.gov/mesh/D010134,http://snomed.info/id/407312007,skos:broadMatch,0.65,mrrel_rb,D010134,407312007,Enzyme inhibitor,8,chemical,"BC5CDR,BioRED"
http://id.nlm.nih.gov/mesh/D010389,http://snomed.info/id/387393000,skos:closeMatch,0.90,shared_cui,D010389,387393000,Pemoline,8,chemical,BC5CDR
http://id.nlm.nih.gov/mesh/D010718,http://snomed.info/id/105590001,skos:relatedMatch,0.40,sty_fallback:Organic Chemical,D010718,105590001,Substance,8,chemical,"BC5CDR,BioRED"
http://id.nlm.nih.gov/mesh/D010894,http://snomed.info/id/387153005,skos:closeMatch,0.90,shared_cui,D010894,387153005,Piroxicam,8,chemical,BC5CDR
http://id.nlm.nih.gov/mesh/D010996,http://snomed.info/id/60046008,skos:closeMatch,0.90,shared_cui,D010996,60046008,Pleural effusion,8,disease,BC5CDR
http://id.nlm.nih.gov/mesh/D011115,http://snomed.info/id/42345000,skos:closeMatch,0.90,shared_cui,D011115,42345000,Polyneuropathy,8,disease,BC5CDR
http://id.nlm.nih.gov/mesh/D011220,http://snomed.info/id/387527005,skos:narrowMatch,0.55,mrrel_rn,D011220,387527005,Pralidoxime,8,chemical,"BC5CDR,BioRED"
http://id.nlm.nih.gov/mesh/D011230,http://snomed.info/id/64572001,skos:relatedMatch,0.40,sty_fallback:Disease or Syndrome,D011230,64572001,Disease,8,disease,"BC5CDR,BioRED"
http://id.nlm.nih.gov/mesh/D011280,http://snomed.info/id/373266007,skos:broadMatch,0.65,mrrel_rb,D011280,373266007,Anesthetic,8,chemical,BC5CDR
http://id.nlm.nih.gov/mesh/D011802,http://snomed.info/id/372697008,skos:closeMatch,0.90,shared_cui,D011802,372697008,Quinidine,8,chemical,"BC5CDR,BioRED"
http://id.nlm.nih.gov/mesh/D012021,http://snomed.info/id/37280007,skos:closeMatch,0.90,shared_cui,D012021,37280007,Absent reflex,8,disease,BC5CDR
http://id.nlm.nih.gov/mesh/D012170,http://snomed.info/id/1237532002,skos:closeMatch,0.90,shared_cui,D012170,1237532002,Retinal vein occlusion,8,disease,BC5CDR
http://id.nlm.nih.gov/mesh/D012178,http://snomed.info/id/415297005,skos:closeMatch,0.90,shared_cui,D012178,415297005,Retinopathy of prematurity,8,disease,BioRED
http://id.nlm.nih.gov/mesh/D012509,http://snomed.info/id/1187396000,skos:closeMatch,0.90,shared_cui,D012509,1187396000,Sarcoma,8,disease,"BC5CDR,BioRED"
http://id.nlm.nih.gov/mesh/D012769,http://snomed.info/id/27942005,skos:closeMatch,0.90,shared_cui,D012769,27942005,Shock,8,disease,BC5CDR
http://id.nlm.nih.gov/mesh/D012804,http://snomed.info/id/36083008,skos:closeMatch,0.90,shared_cui,D012804,36083008,Sick sinus syndrome,8,disease,"BC5CDR,BioRED"
http://id.nlm.nih.gov/mesh/D012970,http://snomed.info/id/75665004,skos:closeMatch,0.90,shared_cui,D012970,75665004,Monosodium glutamate,8,chemical,BC5CDR
http://id.nlm.nih.gov/mesh/D013276,http://snomed.info/id/397825006,skos:closeMatch,0.90,shared_cui,D013276,397825006,Gastric ulcer,8,disease,BioRED
http://id.nlm.nih.gov/mesh/D013752,http://snomed.info/id/372809001,skos:closeMatch,0.90,shared_cui,D013752,372809001,Tetracycline,8,chemical,BC5CDR
http://id.nlm.nih.gov/mesh/D013924,http://snomed.info/id/64156001,skos:closeMatch,0.90,shared_cui,D013924,64156001,Thrombophlebitis,8,disease,BC5CDR
http://id.nlm.nih.gov/mesh/D014331,http://snomed.info/id/387526001,skos:closeMatch,0.90,shared_cui,D014331,387526001,Tropicamide,8,chemical,BC5CDR
http://id.nlm.nih.gov/mesh/D014364,http://snomed.info/id/54821000,skos:closeMatch,0.90,shared_cui,D014364,54821000,Tryptophan,8,chemical,"BC5CDR,BioRED"
http://id.nlm.nih.gov/mesh/D015212,http://snomed.info/id/24526004,skos:closeMatch,0.90,shared_cui,D015212,24526004,Inflammatory bowel disease,8,disease,"BC5CDR,BioRED"
http://id.nlm.nih.gov/mesh/D015313,http://snomed.info/id/13585009,skos:closeMatch,0.90,shared_cui,D015313,13585009,Cefotetan,8,chemical,BC5CDR
http://id.nlm.nih.gov/mesh/D015835,http://snomed.info/id/194177006,skos:closeMatch,0.90,shared_cui,D015835,194177006,Opsoclonia,8,disease,BC5CDR
http://id.nlm.nih.gov/mesh/D016861,http://snomed.info/id/782376000,skos:closeMatch,0.90,shared_cui,D016861,782376000,Cyclooxygenase inhibitor,8,chemical,"BC5CDR,BioRED"
http://id.nlm.nih.gov/mesh/D017330,http://snomed.info/id/419361008,skos:closeMatch,0.90,shared_cui,D017330,419361008,Remoxipride,8,chemical,BC5CDR
http://id.nlm.nih.gov/mesh/D017829,http://snomed.info/id/372489005,skos:closeMatch,0.90,shared_cui,D017829,372489005,Granisetron,8,chemical,BC5CDR
http://id.nlm.nih.gov/mesh/D018357,http://snomed.info/id/55735004,skos:closeMatch,0.90,shared_cui,D018357,55735004,Respiratory syncytial virus infection,8,disease,"BC5CDR,BioRED"
http://id.nlm.nih.gov/mesh/D018376,http://snomed.info/id/93353003,skos:narrowMatch,0.55,mrrel_rn,D018376,93353003,Congenital malposition of subclavian artery,8,disease,"BC5CDR,BioRED"
http://id.nlm.nih.gov/mesh/D018377,http://snomed.info/id/35069000,skos:closeMatch,0.90,shared_cui,D018377,35069000,Neurotransmitter,8,chemical,BioRED
http://id.nlm.nih.gov/mesh/D018754,http://snomed.info/id/64572001,skos:relatedMatch,0.40,sty_fallback:Pathologic Function,D018754,64572001,Disease,8,disease,"BC5CDR,BioRED"
http://id.nlm.nih.gov/mesh/D018942,http://snomed.info/id/428787002,skos:closeMatch,0.90,shared_cui,D018942,428787002,Macrolide,8,chemical,BC5CDR
http://id.nlm.nih.gov/mesh/D019797,http://snomed.info/id/395786000,skos:closeMatch,0.90,shared_cui,D019797,395786000,Iobenguane,8,chemical,BC5CDR
http://id.nlm.nih.gov/mesh/D019829,http://snomed.info/id/386898005,skos:closeMatch,0.90,shared_cui,D019829,386898005,Nevirapine,8,chemical,"BC5CDR,BioRED"
http://id.nlm.nih.gov/mesh/D020110,http://snomed.info/id/372787008,skos:broadMatch,0.65,mrrel_rb,D020110,372787008,Vasodilator,8,chemical,BC5CDR
http://id.nlm.nih.gov/mesh/D020141,http://snomed.info/id/21112004,skos:closeMatch,0.90,shared_cui,D020141,21112004,Vascular hemostatic disease,8,disease,BC5CDR
http://id.nlm.nih.gov/mesh/D020301,http://snomed.info/id/73173006,skos:closeMatch,0.90,shared_cui,D020301,73173006,Spasm of cerebral arteries,8,disease,BC5CDR
http://id.nlm.nih.gov/mesh/D020325,http://snomed.info/id/4473006,skos:closeMatch,0.90,shared_cui,D020325,4473006,Migraine with aura,8,disease,BC5CDR
http://id.nlm.nih.gov/mesh/D020514,http://snomed.info/id/82732003,skos:closeMatch,0.90,shared_cui,D020514,82732003,Familial hypokalemic periodic paralysis,8,disease,BioRED
http://id.nlm.nih.gov/mesh/D047310,http://snomed.info/id/105590001,skos:relatedMatch,0.40,sty_fallback:Organic Chemical,D047310,105590001,Substance,8,chemical,BC5CDR
http://id.nlm.nih.gov/mesh/D049950,http://snomed.info/id/36348003,skos:closeMatch,0.90,shared_cui,D049950,36348003,Primary hyperparathyroidism,8,disease,"BC5CDR,BioRED"
http://id.nlm.nih.gov/mesh/D049971,http://snomed.info/id/860766002,skos:closeMatch,0.90,shared_cui,D049971,860766002,Thiazide,8,chemical,"BC5CDR,BioRED"
http://id.nlm.nih.gov/mesh/D050171,http://snomed.info/id/370992007,skos:closeMatch,0.90,shared_cui,D050171,370992007,Dyslipidemia,8,disease,"BC5CDR,BioRED"
http://id.nlm.nih.gov/mesh/D052016,http://snomed.info/id/87749000,skos:closeMatch,0.90,shared_cui,D052016,87749000,Mucous inflammation,8,disease,"BC5CDR,BioRED"
http://id.nlm.nih.gov/mesh/D053608,http://snomed.info/id/89458003,skos:closeMatch,0.90,shared_cui,D053608,89458003,Stupor,8,disease,BC5CDR
http://id.nlm.nih.gov/mesh/D058729,http://snomed.info/id/840580004,skos:closeMatch,0.90,shared_cui,D058729,840580004,Peripheral arterial disease,8,disease,BioRED
http://id.nlm.nih.gov/mesh/D060831,http://snomed.info/id/64572001,skos:relatedMatch,0.40,sty_fallback:Disease or Syndrome,D060831,64572001,Disease,8,disease,"BC5CDR,BioRED"
http://id.nlm.nih.gov/mesh/C005975,http://snomed.info/id/123582007,skos:broadMatch,0.65,mrrel_rb,C005975,123582007,Phenyl ethyl alcohol,7,chemical,BC5CDR
http://id.nlm.nih.gov/mesh/C020976,http://snomed.info/id/372520005,skos:closeMatch,0.90,shared_cui,C020976,372520005,Azelastine,7,chemical,BC5CDR
http://id.nlm.nih.gov/mesh/C025541,http://snomed.info/id/89867007,skos:closeMatch,0.90,shared_cui,C025541,89867007,Triorthocresyl phosphate,7,chemical,BC5CDR
http://id.nlm.nih.gov/mesh/C037293,http://snomed.info/id/373227004,skos:broadMatch,0.65,mrrel_rb,C037293,373227004,Beta adrenergic receptor agonist,7,chemical,BC5CDR
http://id.nlm.nih.gov/mesh/C037476,http://snomed.info/id/105590001,skos:relatedMatch,0.40,sty_fallback:Organic Chemical,C037476,105590001,Substance,7,chemical,BC5CDR
http://id.nlm.nih.gov/mesh/C045856,http://snomed.info/id/419190006,skos:broadMatch,0.65,mrrel_rb,C045856,419190006,Lactone,7,chemical,BC5CDR
http://id.nlm.nih.gov/mesh/C049860,http://snomed.info/id/105590001,skos:relatedMatch,0.40,sty_fallback:Organic Chemical,C049860,105590001,Substance,7,chemical,BC5CDR
http://id.nlm.nih.gov/mesh/C062769,http://snomed.info/id/255632006,skos:broadMatch,0.65,mrrel_rb,C062769,255632006,Anticonvulsant,7,chemical,BC5CDR
http://id.nlm.nih.gov/mesh/C081198,http://snomed.info/id/105590001,skos:relatedMatch,0.40,sty_fallback:Organic Chemical,C081198,105590001,Substance,7,chemical,BC5CDR
http://id.nlm.nih.gov/mesh/C092292,http://snomed.info/id/409356003,skos:closeMatch,0.90,shared_cui,C092292,409356003,Ziprasidone,7,chemical,"BC5CDR,BioRED"
http://id.nlm.nih.gov/mesh/C106791,http://snomed.info/id/410908003,skos:closeMatch,0.90,shared_cui,C106791,410908003,Telithromycin,7,chemical,BC5CDR
http://id.nlm.nih.gov/mesh/C106876,http://snomed.info/id/105590001,skos:relatedMatch,0.40,sty_fallback:Organic Chemical,C106876,105590001,Substance,7,chemical,BC5CDR
http://id.nlm.nih.gov/mesh/C121465,http://snomed.info/id/373282008,skos:broadMatch,0.65,mrrel_rb,C121465,373282008,Anxiolytic agent,7,chemical,BC5CDR
http://id.nlm.nih.gov/mesh/C507346,http://snomed.info/id/105590001,skos:relatedMatch,0.40,sty_fallback:Organic Chemical,C507346,105590001,Substance,7,chemical,BC5CDR
http://id.nlm.nih.gov/mesh/C537377,http://snomed.info/id/80773006,skos:closeMatch,0.90,shared_cui,C537377,80773006,Escobar syndrome,7,disease,BioRED
http://id.nlm.nih.gov/mesh/C562793,http://snomed.info/id/237891005,skos:closeMatch,0.90,shared_cui,C562793,237891005,Autosomal recessive hypophosphatemic bone disease,7,disease,BioRED
http://id.nlm.nih.gov/mesh/C563678,http://snomed.info/id/719455002,skos:closeMatch,0.90,shared_cui,C563678,719455002,Cone dystrophy with supernormal rod response,7,disease,BioRED
http://id.nlm.nih.gov/mesh/D000140,http://snomed.info/id/91273001,skos:closeMatch,0.90,shared_cui,D000140,91273001,Lactic acidosis,7,disease,"BC5CDR,BioRED"
http://id.nlm.nih.gov/mesh/D000171,http://snomed.info/id/85937005,skos:closeMatch,0.93,shared_cui_strict,D000171,85937005,Acrolein,7,chemical,"BC5CDR,BioRED"
http://id.nlm.nih.gov/mesh/D000172,http://snomed.info/id/74107003,skos:closeMatch,0.90,shared_cui,D000172,74107003,Acromegaly,7,disease,BC5CDR
http://id.nlm.nih.gov/mesh/D000588,http://snomed.info/id/43201005,skos:closeMatch,0.90,shared_cui,D000588,43201005,Amine,7,chemical,BC5CDR
http://id.nlm.nih.gov/mesh/D000628,http://snomed.info/id/373508009,skos:closeMatch,0.90,shared_cui,D000628,373508009,Aminophylline,7,chemical,BC5CDR
http://id.nlm.nih.gov/mesh/D000701,http://snomed.info/id/404642006,skos:closeMatch,0.90,shared_cui,D000701,404642006,Opioid receptor agonist,7,chemical,BioRED
http://id.nlm.nih.gov/mesh/D001157,http://snomed.info/id/2929001,skos:closeMatch,0.90,shared_cui,D001157,2929001,Occlusion of artery,7,disease,"BC5CDR,BioRED"
http://id.nlm.nih.gov/mesh/D001260,http://snomed.info/id/68504005,skos:closeMatch,0.90,shared_cui,D001260,68504005,Ataxia-telangiectasia syndrome,7,disease,BioRED
http://id.nlm.nih.gov/mesh/D001649,http://snomed.info/id/118926004,skos:closeMatch,0.90,shared_cui,D001649,118926004,Disorder of bile duct,7,disease,BC5CDR
http://id.nlm.nih.gov/mesh/D001660,http://snomed.info/id/105997008,skos:closeMatch,0.90,shared_cui,D001660,105997008,Disorder of biliary tract,7,disease,BC5CDR
http://id.nlm.nih.gov/mesh/D001848,http://snomed.info/id/371521007,skos:closeMatch,0.90,shared_cui,D001848,371521007,Disorder of bone development,7,disease,BioRED
http://id.nlm.nih.gov/mesh/D001851,http://snomed.info/id/312894000,skos:closeMatch,0.90,shared_cui,D001851,312894000,Osteopenia,7,disease,"BC5CDR,BioRED"
http://id.nlm.nih.gov/mesh/D001997,http://snomed.info/id/64572001,skos:relatedMatch,0.40,sty_fallback:Disease or Syndrome,D001997,64572001,Disease,7,disease,BioRED
http://id.nlm.nih.gov/mesh/D002037,http://snomed.info/id/6374002,skos:closeMatch,0.90,shared_cui,D002037,6374002,Bundle branch block,7,disease,"BC5CDR,BioRED"
http://id.nlm.nih.gov/mesh/D002056,http://snomed.info/id/125666000,skos:closeMatch,0.90,shared_cui,D002056,125666000,Burn,7,disease,BC5CDR
http://id.nlm.nih.gov/mesh/D002116,http://snomed.info/id/63730009,skos:closeMatch,0.90,shared_cui,D002116,63730009,Calcitonin,7,chemical,BC5CDR
http://id.nlm.nih.gov/mesh/D002512,http://snomed.info/id/373485007,skos:closeMatch,0.90,shared_cui,D002512,373485007,Cephalothin,7,chemical,BC5CDR
http://id.nlm.nih.gov/mesh/D002744,http://snomed.info/id/372914003,skos:closeMatch,0.90,shared_cui,D002744,372914003,Chlorpheniramine,7,chemical,BC5CDR
http://id.nlm.nih.gov/mesh/D003123,http://snomed.info/id/716318002,skos:closeMatch,0.90,shared_cui,D003123,716318002,Lynch syndrome,7,disease,BioRED
http://id.nlm.nih.gov/mesh/D003484,http://snomed.info/id/41793006,skos:closeMatch,0.90,shared_cui,D003484,41793006,Calcium cyanamide,7,chemical,BC5CDR
http://id.nlm.nih.gov/mesh/D003613,http://snomed.info/id/126124009,skos:closeMatch,0.90,shared_cui,D003613,126124009,Danazol,7,chemical,BC5CDR
http://id.nlm.nih.gov/mesh/D003840,http://snomed.info/id/434444004,skos:closeMatch,0.90,shared_cui,D003840,434444004,Deoxycholate,7,chemical,BC5CDR
http://id.nlm.nih.gov/mesh/D003915,http://snomed.info/id/387114001,skos:closeMatch,0.90,shared_cui,D003915,387114001,Dextromethorphan,7,chemical,BC5CDR
http://id.nlm.nih.gov/mesh/D004177,http://snomed.info/id/22165008,skos:closeMatch,0.90,shared_cui,D004177,22165008,Dipyrone,7,chemical,BC5CDR
http://id.nlm.nih.gov/mesh/D004194,http://snomed.info/id/64572001,skos:closeMatch,0.93,shared_cui_strict,D004194,64572001,Disease,7,disease,"BC5CDR,BioRED"
http://id.nlm.nih.gov/mesh/D004308,http://snomed.info/id/414047005,skos:closeMatch,0.90,shared_cui,D004308,414047005,Dothiepin,7,chemical,BC5CDR
http://id.nlm.nih.gov/mesh/D004893,http://snomed.info/id/32861005,skos:closeMatch,0.90,shared_cui,D004893,32861005,Erythema nodosum,7,disease,BC5CDR
http://id.nlm.nih.gov/mesh/D005483,http://snomed.info/id/238810007,skos:closeMatch,0.90,shared_cui,D005483,238810007,Flushing,7,disease,BC5CDR
http://id.nlm.nih.gov/mesh/D005702,http://snomed.info/id/395727007,skos:closeMatch,0.90,shared_cui,D005702,395727007,Galantamine,7,chemical,BC5CDR
http://id.nlm.nih.gov/mesh/D005870,http://snomed.info/id/115238001,skos:closeMatch,0.90,shared_cui,D005870,115238001,Giant cell tumor,7,disease,BioRED
http://id.nlm.nih.gov/mesh/D006086,http://snomed.info/id/234646005,skos:closeMatch,0.90,shared_cui,D006086,234646005,Graft versus host disease,7,disease,BC5CDR
http://id.nlm.nih.gov/mesh/D006432,http://snomed.info/id/399144008,skos:closeMatch,0.90,shared_cui,D006432,399144008,Bronze diabetes,7,disease,BioRED
http://id.nlm.nih.gov/mesh/D006679,http://snomed.info/id/165816005,skos:closeMatch,0.90,shared_cui,D006679,165816005,HIV detected,7,disease,"BC5CDR,BioRED"
http://id.nlm.nih.gov/mesh/D006685,http://snomed.info/id/50219008,skos:closeMatch,0.90,shared_cui,D006685,50219008,Hoarse,7,disease,BC5CDR
http://id.nlm.nih.gov/mesh/D006943,http://snomed.info/id/80394007,skos:closeMatch,0.90,shared_cui,D006943,80394007,Hyperglycemia,7,disease,"BC5CDR,BioRED"
http://id.nlm.nih.gov/mesh/D007099,http://snomed.info/id/372718005,skos:closeMatch,0.90,shared_cui,D007099,372718005,Imipramine,7,chemical,BC5CDR
http://id.nlm.nih.gov/mesh/D007153,http://snomed.info/id/234532001,skos:closeMatch,0.90,shared_cui,D007153,234532001,Immunodeficiency disorder,7,disease,"BC5CDR,BioRED"
http://id.nlm.nih.gov/mesh/D007454,http://snomed.info/id/42146005,skos:closeMatch,0.90,shared_cui,D007454,42146005,Iodide salt,7,chemical,BioRED
http://id.nlm.nih.gov/mesh/D007505,http://snomed.info/id/387118003,skos:closeMatch,0.90,shared_cui,D007505,387118003,Iron dextran,7,chemical,BC5CDR
http://id.nlm.nih.gov/mesh/D007627,http://snomed.info/id/58405006,skos:closeMatch,0.90,shared_cui,D007627,58405006,Keloid,7,disease,BioRED
http://id.nlm.nih.gov/mesh/D007660,http://snomed.info/id/386832008,skos:closeMatch,0.90,shared_cui,D007660,386832008,Ketoprofen,7,chemical,BC5CDR
http://id.nlm.nih.gov/mesh/D008140,http://snomed.info/id/387106007,skos:closeMatch,0.90,shared_cui,D008140,387106007,Lorazepam,7,chemical,BC5CDR
http://id.nlm.nih.gov/mesh/D008224,http://snomed.info/id/269476000,skos:closeMatch,0.90,shared_cui,D008224,269476000,Nodular lymphoma,7,disease,"BC5CDR,BioRED"
http://id.nlm.nih.gov/mesh/D008528,http://snomed.info/id/387185008,skos:closeMatch,0.90,shared_cui,D008528,387185008,Mefenamic acid,7,chemical,BC5CDR
http://id.nlm.nih.gov/mesh/D008589,http://snomed.info/id/4089001,skos:closeMatch,0.90,shared_cui,D008589,4089001,Meningococcemia,7,disease,BioRED
http://id.nlm.nih.gov/mesh/D009118,http://snomed.info/id/303345007,skos:closeMatch,0.90,shared_cui,D009118,303345007,Muscimol,7,chemical,BC5CDR
http://id.nlm.nih.gov/mesh/D009220,http://snomed.info/id/26889001,skos:closeMatch,0.90,shared_cui,D009220,26889001,Myositis,7,disease,BC5CDR
http://id.nlm.nih.gov/mesh/D009241,http://snomed.info/id/372518007,skos:closeMatch,0.90,shared_cui,D009241,372518007,Ipratropium,7,chemical,BC5CDR
http://id.nlm.nih.gov/mesh/D009536,http://snomed.info/id/173196005,skos:closeMatch,0.90,shared_cui,D009536,173196005,Niacinamide,7,chemical,BC5CDR
http://id.nlm.nih.gov/mesh/D010615,http://snomed.info/id/83267007,skos:closeMatch,0.90,shared_cui,D010615,83267007,Phenacetin,7,chemical,BC5CDR
http://id.nlm.nih.gov/mesh/D010890,http://snomed.info/id/398669004,skos:closeMatch,0.90,shared_cui,D010890,398669004,Pirenzepine,7,chemical,"BC5CDR,BioRED"
http://id.nlm.nih.gov/mesh/D011342,http://snomed.info/id/372589008,skos:closeMatch,0.90,shared_cui,D011342,372589008,Procainamide,7,chemical,BC5CDR
http://id.nlm.nih.gov/mesh/D011346,http://snomed.info/id/372853006,skos:closeMatch,0.90,shared_cui,D011346,372853006,Prochlorperazine,7,chemical,BC5CDR
http://id.nlm.nih.gov/mesh/D011384,http://snomed.info/id/79212006,skos:closeMatch,0.93,shared_cui_strict,D011384,79212006,Proinsulin,7,chemical,BioRED
http://id.nlm.nih.gov/mesh/D011464,http://snomed.info/id/372513003,skos:closeMatch,0.90,shared_cui,D011464,372513003,Epoprostenol,7,chemical,BC5CDR
http://id.nlm.nih.gov/mesh/D011596,http://snomed.info/id/1144814003,skos:closeMatch,0.90,shared_cui,D011596,1144814003,Psychomotor retardation,7,disease,"BC5CDR,BioRED"
http://id.nlm.nih.gov/mesh/D011654,http://snomed.info/id/19242006,skos:closeMatch,0.90,shared_cui,D011654,19242006,Pulmonary edema,7,disease,BC5CDR
http://id.nlm.nih.gov/mesh/D011658,http://snomed.info/id/51615001,skos:closeMatch,0.90,shared_cui,D011658,51615001,Fibrosis of lung,7,disease,BioRED
http://id.nlm.nih.gov/mesh/D012202,http://snomed.info/id/74351001,skos:closeMatch,0.90,shared_cui,D012202,74351001,Reye's syndrome,7,disease,BC5CDR
http://id.nlm.nih.gov/mesh/D012514,http://snomed.info/id/1179374007,skos:closeMatch,0.90,shared_cui,D012514,1179374007,Kaposi sarcoma,7,disease,BC5CDR
http://id.nlm.nih.gov/mesh/D012734,http://snomed.info/id/21321009,skos:closeMatch,0.90,shared_cui,D012734,21321009,Ambiguous genitalia,7,disease,BioRED
http://id.nlm.nih.gov/mesh/D013307,http://snomed.info/id/387223008,skos:closeMatch,0.90,shared_cui,D013307,387223008,Streptomycin,7,chemical,BC5CDR
http://id.nlm.nih.gov/mesh/D013398,http://snomed.info/id/51178009,skos:closeMatch,0.90,shared_cui,D013398,51178009,Sudden infant death syndrome,7,disease,BioRED
http://id.nlm.nih.gov/mesh/D013547,http://snomed.info/id/56046002,skos:closeMatch,0.90,shared_cui,D013547,56046002,Gustatory sweating,7,disease,BC5CDR
http://id.nlm.nih.gov/mesh/D013793,http://snomed.info/id/71763007,skos:closeMatch,0.93,shared_cui_strict,D013793,71763007,Thallium,7,chemical,BC5CDR
http://id.nlm.nih.gov/mesh/D013852,http://snomed.info/id/387508004,skos:closeMatch,0.90,shared_cui,D013852,387508004,Thiotepa,7,chemical,BC5CDR
http://id.nlm.nih.gov/mesh/D013981,http://snomed.info/id/386783003,skos:closeMatch,0.90,shared_cui,D013981,386783003,Tic,7,disease,"BC5CDR,BioRED"
http://id.nlm.nih.gov/mesh/D014474,http://snomed.info/id/418107008,skos:closeMatch,0.90,shared_cui,D014474,418107008,Unconscious,7,disease,"BC5CDR,BioRED"
http://id.nlm.nih.gov/mesh/D014550,http://snomed.info/id/22220005,skos:closeMatch,0.90,shared_cui,D014550,22220005,Genuine stress incontinence,7,disease,BC5CDR
http://id.nlm.nih.gov/mesh/D014867,http://snomed.info/id/11713004,skos:closeMatch,0.90,shared_cui,D014867,11713004,Water,7,chemical,BC5CDR
http://id.nlm.nih.gov/mesh/D014929,http://snomed.info/id/70694009,skos:closeMatch,0.93,shared_cui_strict,D014929,70694009,Wolfram syndrome,7,disease,BioRED
http://id.nlm.nih.gov/mesh/D014987,http://snomed.info/id/87715008,skos:closeMatch,0.90,shared_cui,D014987,87715008,Xerostomia,7,disease,BC5CDR
http://id.nlm.nih.gov/mesh/D015237,http://snomed.info/id/387228004,skos:closeMatch,0.90,shared_cui,D015237,387228004,Dinoprost,7,chemical,BC5CDR
http://id.nlm.nih.gov/mesh/D015738,http://snomed.info/id/387211002,skos:closeMatch,0.90,shared_cui,D015738,387211002,Famotidine,7,chemical,BC5CDR
http://id.nlm.nih.gov/mesh/D016055,http://snomed.info/id/1251594002,skos:closeMatch,0.90,shared_cui,D016055,1251594002,Urine retention,7,disease,"BC5CDR,BioRED"
http://id.nlm.nih.gov/mesh/D016553,http://snomed.info/id/13172003,skos:closeMatch,0.90,shared_cui,D016553,13172003,Werlhof's disease,7,disease,BioRED
http://id.nlm.nih.gov/mesh/D016574,http://snomed.info/id/247803002,skos:closeMatch,0.90,shared_cui,D016574,247803002,Seasonal affective disorder,7,disease,BioRED
http://id.nlm.nih.gov/mesh/D017116,http://snomed.info/id/279039007,skos:closeMatch,0.90,shared_cui,D017116,279039007,Low back pain,7,disease,"BC5CDR,BioRED"
http://id.nlm.nih.gov/mesh/D017285,http://snomed.info/id/31384009,skos:closeMatch,0.90,shared_cui,D017285,31384009,Polymyositis,7,disease,BC5CDR
http://id.nlm.nih.gov/mesh/D017392,http://snomed.info/id/105590001,skos:relatedMatch,0.40,sty_fallback:Organic Chemical,D017392,105590001,Substance,7,chemical,"BC5CDR,BioRED"
http://id.nlm.nih.gov/mesh/D017499,http://snomed.info/id/400080004,skos:closeMatch,0.90,shared_cui,D017499,400080004,Porokeratosis,7,disease,BioRED
http://id.nlm.nih.gov/mesh/D017673,http://snomed.info/id/263758004,skos:broadMatch,0.65,mrrel_rb,D017673,263758004,Flavoring,7,chemical,BC5CDR
http://id.nlm.nih.gov/mesh/D019694,http://snomed.info/id/61977001,skos:closeMatch,0.90,shared_cui,D019694,61977001,Chronic type B viral hepatitis,7,disease,BC5CDR
http://id.nlm.nih.gov/mesh/D020326,http://snomed.info/id/56097005,skos:closeMatch,0.90,shared_cui,D020326,56097005,Migraine without aura,7,disease,BC5CDR
http://id.nlm.nih.gov/mesh/D020925,http://snomed.info/id/389101006,skos:closeMatch,0.90,shared_cui,D020925,389101006,Anoxic-ischemic encephalopathy,7,disease,"BC5CDR,BioRED"
http://id.nlm.nih.gov/mesh/D043564,http://snomed.info/id/10063005,skos:closeMatch,0.93,shared_cui_strict,D043564,10063005,Inorganic pyrophosphatase,7,chemical,BioRED
http://id.nlm.nih.gov/mesh/D052496,http://snomed.info/id/49292002,skos:closeMatch,0.90,shared_cui,D052496,49292002,Familial partial lipodystrophy,7,disease,BioRED
http://id.nlm.nih.gov/mesh/D052497,http://snomed.info/id/284449005,skos:closeMatch,0.90,shared_cui,D052497,284449005,Congenital generalized lipodystrophy,7,disease,BioRED
http://id.nlm.nih.gov/mesh/D052878,http://snomed.info/id/95566004,skos:closeMatch,0.90,shared_cui,D052878,95566004,Urolithiasis,7,disease,"BC5CDR,BioRED"
http://id.nlm.nih.gov/mesh/D058490,http://snomed.info/id/111332007,skos:closeMatch,0.90,shared_cui,D058490,111332007,Male pseudohermaphroditism,7,disease,BioRED
http://id.nlm.nih.gov/mesh/D058625,http://snomed.info/id/235886005,skos:closeMatch,0.90,shared_cui,D058625,235886005,Chronic hepatic failure,7,disease,"BC5CDR,BioRED"
http://id.nlm.nih.gov/mesh/D059787,http://snomed.info/id/274663001,skos:closeMatch,0.90,shared_cui,D059787,274663001,Acute pain,7,disease,BC5CDR
http://id.nlm.nih.gov/mesh/C002125,http://snomed.info/id/713472003,skos:closeMatch,0.90,shared_cui,C002125,713472003,Etifoxine,6,chemical,BioRED
http://id.nlm.nih.gov/mesh/C005238,http://snomed.info/id/73476005,skos:closeMatch,0.90,shared_cui,C005238,73476005,Mipafox,6,chemical,BC5CDR
http://id.nlm.nih.gov/mesh/C017590,http://snomed.info/id/395993006,skos:closeMatch,0.90,shared_cui,C017590,395993006,Oxitropium,6,chemical,BC5CDR
http://id.nlm.nih.gov/mesh/C027260,http://snomed.info/id/713434008,skos:closeMatch,0.90,shared_cui,C027260,713434008,Pirarubicin,6,chemical,BC5CDR
http://id.nlm.nih.gov/mesh/C034753,http://snomed.info/id/68794004,skos:broadMatch,0.65,mrrel_rb,C034753,68794004,Uracil,6,chemical,BC5CDR
http://id.nlm.nih.gov/mesh/C038983,http://snomed.info/id/47826006,skos:broadMatch,0.65,mrrel_rb,C038983,47826006,Thiourea,6,chemical,BC5CDR
http://id.nlm.nih.gov/mesh/C048081,http://snomed.info/id/372787008,skos:broadMatch,0.65,mrrel_rb,C048081,372787008,Vasodilator,6,chemical,BC5CDR
http://id.nlm.nih.gov/mesh/C054938,http://snomed.info/id/255760002,skos:broadMatch,0.65,mrrel_rb,C054938,255760002,Diamine,6,chemical,"BC5CDR,BioRED"
http://id.nlm.nih.gov/mesh/C059765,http://snomed.info/id/373219008,skos:broadMatch,0.65,mrrel_rb,C059765,373219008,Antifungal,6,chemical,BC5CDR
http://id.nlm.nih.gov/mesh/C059896,http://snomed.info/id/412296005,skos:closeMatch,0.90,shared_cui,C059896,412296005,Miglustat,6,chemical,BC5CDR
http://id.nlm.nih.gov/mesh/C066440,http://snomed.info/id/426233002,skos:broadMatch,0.65,mrrel_rb,C066440,426233002,Triazole,6,chemical,BC5CDR
http://id.nlm.nih.gov/mesh/C066444,http://snomed.info/id/96271000,skos:closeMatch,0.90,shared_cui,C066444,96271000,Cocaethylene,6,chemical,BC5CDR
http://id.nlm.nih.gov/mesh/C078665,http://snomed.info/id/56448008,skos:broadMatch,0.65,mrrel_rb,C078665,56448008,Kallidin I,6,chemical,"BC5CDR,BioRED"
http://id.nlm.nih.gov/mesh/C084599,http://snomed.info/id/698256004,skos:closeMatch,0.90,shared_cui,C084599,698256004,Clotiazepam,6,chemical,BC5CDR
http://id.nlm.nih.gov/mesh/C098320,http://snomed.info/id/387001004,skos:closeMatch,0.90,shared_cui,C098320,387001004,Efavirenz,6,chemical,"BC5CDR,BioRED"
http://id.nlm.nih.gov/mesh/C103477,http://snomed.info/id/105590001,skos:relatedMatch,0.40,sty_fallback:Organic Chemical,C103477,105590001,Substance,6,chemical,BC5CDR
http://id.nlm.nih.gov/mesh/C107044,http://snomed.info/id/419693009,skos:broadMatch,0.65,mrrel_rb,C107044,419693009,Tropane,6,chemical,BC5CDR
http://id.nlm.nih.gov/mesh/C111148,http://snomed.info/id/3622004,skos:broadMatch,0.65,mrrel_rb,C111148,3622004,Opioid analgesics,6,chemical,BC5CDR
http://id.nlm.nih.gov/mesh/C451780,http://snomed.info/id/398648001,skos:closeMatch,0.90,shared_cui,C451780,398648001,Lovastatin- and niacin-containing product,6,chemical,BC5CDR
http://id.nlm.nih.gov/mesh/C519696,http://snomed.info/id/105590001,skos:relatedMatch,0.40,sty_fallback:Organic Chemical,C519696,105590001,Substance,6,chemical,BC5CDR
http://id.nlm.nih.gov/mesh/C534628,http://snomed.info/id/413639003,skos:broadMatch,0.65,mrrel_rb,C534628,413639003,Benzazepine,6,chemical,"BC5CDR,BioRED"
http://id.nlm.nih.gov/mesh/C535440,http://snomed.info/id/312927001,skos:closeMatch,0.90,shared_cui,C535440,312927001,Bietti's crystalline retinopathy,6,disease,BioRED
http://id.nlm.nih.gov/mesh/C536004,http://snomed.info/id/124224004,skos:closeMatch,0.90,shared_cui,C536004,124224004,Deficiency of ferroxidase,6,disease,BioRED
http://id.nlm.nih.gov/mesh/C536647,http://snomed.info/id/401138005,skos:closeMatch,0.90,shared_cui,C536647,401138005,Pena-Shokeir syndrome type I,6,disease,BioRED
http://id.nlm.nih.gov/mesh/C537699,http://snomed.info/id/444830001,skos:closeMatch,0.90,shared_cui,C537699,444830001,Juvenile nephronophthisis,6,disease,BioRED
http://id.nlm.nih.gov/mesh/C538237,http://snomed.info/id/124220008,skos:closeMatch,0.90,shared_cui,C538237,124220008,Deficiency of steroid 17-alpha-monooxygenase,6,disease,BioRED
http://id.nlm.nih.gov/mesh/C544092,http://snomed.info/id/833337009,skos:broadMatch,0.65,mrrel_rb,C544092,833337009,Amyloid beta peptide,6,chemical,"BC5CDR,BioRED"
http://id.nlm.nih.gov/mesh/C563790,http://snomed.info/id/68467004,skos:broadMatch,0.65,mrrel_rb,C563790,68467004,Central hearing loss,6,disease,BioRED
http://id.nlm.nih.gov/mesh/C580539,http://snomed.info/id/307671001,skos:closeMatch,0.90,shared_cui,C580539,307671001,Congenital nystagmus without sensory abnormality,6,disease,BioRED
http://id.nlm.nih.gov/mesh/D000086,http://snomed.info/id/372709008,skos:closeMatch,0.90,shared_cui,D000086,372709008,Acetazolamide,6,chemical,BC5CDR
http://id.nlm.nih.gov/mesh/D000275,http://snomed.info/id/17226007,skos:closeMatch,0.90,shared_cui,D000275,17226007,Adjustment disorder,6,disease,BioRED
http://id.nlm.nih.gov/mesh/D000379,http://snomed.info/id/70691001,skos:closeMatch,0.90,shared_cui,D000379,70691001,Agoraphobia,6,disease,BC5CDR
http://id.nlm.nih.gov/mesh/D000477,http://snomed.info/id/372669002,skos:closeMatch,0.90,shared_cui,D000477,372669002,Alkylating agent,6,chemical,"BC5CDR,BioRED"
http://id.nlm.nih.gov/mesh/D000505,http://snomed.info/id/56317004,skos:closeMatch,0.90,shared_cui,D000505,56317004,Alopecia,6,disease,"BC5CDR,BioRED"
http://id.nlm.nih.gov/mesh/D000690,http://snomed.info/id/86044005,skos:closeMatch,0.93,shared_cui_strict,D000690,86044005,Amyotrophic lateral sclerosis,6,disease,BioRED
http://id.nlm.nih.gov/mesh/D000699,http://snomed.info/id/403605007,skos:closeMatch,0.90,shared_cui,D000699,403605007,Congenital indifference to pain,6,disease,BC5CDR
http://id.nlm.nih.gov/mesh/D000707,http://snomed.info/id/39579001,skos:closeMatch,0.90,shared_cui,D000707,39579001,Anaphylaxis,6,disease,BC5CDR
http://id.nlm.nih.gov/mesh/D000757,http://snomed.info/id/89369001,skos:closeMatch,0.90,shared_cui,D000757,89369001,Anencephalus,6,disease,BC5CDR
http://id.nlm.nih.gov/mesh/D001068,http://snomed.info/id/72366004,skos:closeMatch,0.90,shared_cui,D001068,72366004,Eating disorder,6,disease,"BC5CDR,BioRED"
http://id.nlm.nih.gov/mesh/D001264,http://snomed.info/id/44913001,skos:closeMatch,0.90,shared_cui,D001264,44913001,Athetosis,6,disease,BC5CDR
http://id.nlm.nih.gov/mesh/D001418,http://snomed.info/id/387342009,skos:closeMatch,0.90,shared_cui,D001418,387342009,Baclofen,6,chemical,BC5CDR
http://id.nlm.nih.gov/mesh/D001925,http://snomed.info/id/78689005,skos:closeMatch,0.90,shared_cui,D001925,78689005,Chronic brain syndrome,6,disease,BC5CDR
http://id.nlm.nih.gov/mesh/D001932,http://snomed.info/id/126952004,skos:closeMatch,0.90,shared_cui,D001932,126952004,Neoplasm of brain,6,disease,"BC5CDR,BioRED"
http://id.nlm.nih.gov/mesh/D002047,http://snomed.info/id/387173000,skos:closeMatch,0.90,shared_cui,D002047,387173000,Buprenorphine,6,chemical,"BC5CDR,BioRED"
http://id.nlm.nih.gov/mesh/D002114,http://snomed.info/id/6595006,skos:closeMatch,0.90,shared_cui,D002114,6595006,Calcinosis,6,disease,BC5CDR
http://id.nlm.nih.gov/mesh/D002443,http://snomed.info/id/372670001,skos:closeMatch,0.90,shared_cui,D002443,372670001,Ceftriaxone,6,chemical,BC5CDR
http://id.nlm.nih.gov/mesh/D002532,http://snomed.info/id/277196008,skos:closeMatch,0.90,shared_cui,D002532,277196008,Berry aneurysm,6,disease,BC5CDR
http://id.nlm.nih.gov/mesh/D002701,http://snomed.info/id/830163009,skos:closeMatch,0.90,shared_cui,D002701,830163009,Amphenicol,6,chemical,BC5CDR
http://id.nlm.nih.gov/mesh/D003320,http://snomed.info/id/91514001,skos:closeMatch,0.90,shared_cui,D003320,91514001,Corneal ulcer,6,disease,BC5CDR
http://id.nlm.nih.gov/mesh/D003402,http://snomed.info/id/75828004,skos:closeMatch,0.93,shared_cui_strict,D003402,75828004,Creatine kinase,6,chemical,BioRED
http://id.nlm.nih.gov/mesh/D003409,http://snomed.info/id/75065003,skos:closeMatch,0.90,shared_cui,D003409,75065003,Endemic cretinism,6,disease,BioRED
http://id.nlm.nih.gov/mesh/D003490,http://snomed.info/id/3415004,skos:closeMatch,0.90,shared_cui,D003490,3415004,Cyanosis,6,disease,"BC5CDR,BioRED"
http://id.nlm.nih.gov/mesh/D003622,http://snomed.info/id/387096002,skos:closeMatch,0.90,shared_cui,D003622,387096002,Dapsone,6,chemical,BC5CDR
http://id.nlm.nih.gov/mesh/D003647,http://snomed.info/id/396010003,skos:closeMatch,0.90,shared_cui,D003647,396010003,Debrisoquine,6,chemical,"BC5CDR,BioRED"
http://id.nlm.nih.gov/mesh/D003900,http://snomed.info/id/1336006,skos:closeMatch,0.90,shared_cui,D003900,1336006,Desoxycortone,6,chemical,BC5CDR
http://id.nlm.nih.gov/mesh/D004329,http://snomed.info/id/387146001,skos:closeMatch,0.90,shared_cui,D004329,387146001,Droperidol,6,chemical,BC5CDR
http://id.nlm.nih.gov/mesh/D004393,http://snomed.info/id/367460001,skos:closeMatch,0.90,shared_cui,D004393,367460001,Pituitary dwarfism,6,disease,BioRED
http://id.nlm.nih.gov/mesh/D004414,http://snomed.info/id/71315007,skos:closeMatch,0.90,shared_cui,D004414,71315007,Dyspareunia,6,disease,BC5CDR
http://id.nlm.nih.gov/mesh/D004491,http://snomed.info/id/373342004,skos:closeMatch,0.90,shared_cui,D004491,373342004,Edrophonium,6,chemical,BC5CDR
http://id.nlm.nih.gov/mesh/D005315,http://snomed.info/id/70591005,skos:closeMatch,0.90,shared_cui,D005315,70591005,Fetal disorder,6,disease,"BC5CDR,BioRED"
http://id.nlm.nih.gov/mesh/D005672,http://snomed.info/id/387530003,skos:closeMatch,0.90,shared_cui,D005672,387530003,Fusidic acid,6,chemical,BC5CDR
http://id.nlm.nih.gov/mesh/D006012,http://snomed.info/id/55912009,skos:closeMatch,0.93,shared_cui_strict,D006012,55912009,"Glycogen storage disease, type V",6,disease,BioRED
http://id.nlm.nih.gov/mesh/D006521,http://snomed.info/id/76783007,skos:closeMatch,0.90,shared_cui,D006521,76783007,Chronic hepatitis,6,disease,"BC5CDR,BioRED"
http://id.nlm.nih.gov/mesh/D006886,http://snomed.info/id/373540008,skos:closeMatch,0.90,shared_cui,D006886,373540008,Hydroxychloroquine,6,chemical,BC5CDR
http://id.nlm.nih.gov/mesh/D006987,http://snomed.info/id/397974008,skos:closeMatch,0.90,shared_cui,D006987,397974008,Hypoesthesia,6,disease,"BC5CDR,BioRED"
http://id.nlm.nih.gov/mesh/D007650,http://snomed.info/id/442141001,skos:closeMatch,0.90,shared_cui,D007650,442141001,Ketanserin,6,chemical,BC5CDR
http://id.nlm.nih.gov/mesh/D007690,http://snomed.info/id/82525005,skos:closeMatch,0.90,shared_cui,D007690,82525005,Polycystic kidney disease,6,disease,"BC5CDR,BioRED"
http://id.nlm.nih.gov/mesh/D007752,http://snomed.info/id/6383007,skos:closeMatch,0.90,shared_cui,D007752,6383007,Premature labor,6,disease,"BC5CDR,BioRED"
http://id.nlm.nih.gov/mesh/D007966,http://snomed.info/id/238031009,skos:closeMatch,0.90,shared_cui,D007966,238031009,Arylsulfatase A deficiency,6,disease,BioRED
http://id.nlm.nih.gov/mesh/D008831,http://snomed.info/id/1003374009,skos:closeMatch,0.90,shared_cui,D008831,1003374009,Microlissencephaly,6,disease,BioRED
http://id.nlm.nih.gov/mesh/D009140,http://snomed.info/id/928000,skos:closeMatch,0.90,shared_cui,D009140,928000,Disorder of musculoskeletal system,6,disease,"BC5CDR,BioRED"
http://id.nlm.nih.gov/mesh/D009224,http://snomed.info/id/726051002,skos:closeMatch,0.93,shared_cui_strict,D009224,726051002,Myotonia congenita,6,disease,BC5CDR
http://id.nlm.nih.gov/mesh/D009249,http://snomed.info/id/131144006,skos:closeMatch,0.90,shared_cui,D009249,131144006,Nicotinamide adenine dinucleotide phosphate,6,chemical,"BC5CDR,BioRED"
http://id.nlm.nih.gov/mesh/D009254,http://snomed.info/id/372898000,skos:closeMatch,0.90,shared_cui,D009254,372898000,Nafcillin,6,chemical,"BC5CDR,BioRED"
http://id.nlm.nih.gov/mesh/D009293,http://snomed.info/id/75544000,skos:closeMatch,0.90,shared_cui,D009293,75544000,Opioid dependence,6,disease,"BC5CDR,BioRED"
http://id.nlm.nih.gov/mesh/D009468,http://snomed.info/id/255522009,skos:closeMatch,0.90,shared_cui,D009468,255522009,Neuromyopathy,6,disease,BC5CDR
http://id.nlm.nih.gov/mesh/D010068,http://snomed.info/id/372868007,skos:closeMatch,0.90,shared_cui,D010068,372868007,Oxacillin,6,chemical,"BC5CDR,BioRED"
http://id.nlm.nih.gov/mesh/D010098,http://snomed.info/id/55452001,skos:closeMatch,0.90,shared_cui,D010098,55452001,Oxycodone,6,chemical,BC5CDR
http://id.nlm.nih.gov/mesh/D010232,http://snomed.info/id/255667006,skos:closeMatch,0.90,shared_cui,D010232,255667006,Paraffin,6,chemical,BioRED
http://id.nlm.nih.gov/mesh/D010419,http://snomed.info/id/428873009,skos:closeMatch,0.90,shared_cui,D010419,428873009,Diamidine,6,chemical,BC5CDR
http://id.nlm.nih.gov/mesh/D010423,http://snomed.info/id/387213004,skos:closeMatch,0.90,shared_cui,D010423,387213004,Pentazocine,6,chemical,BC5CDR
http://id.nlm.nih.gov/mesh/D010493,http://snomed.info/id/3238004,skos:closeMatch,0.93,shared_cui_strict,D010493,3238004,Pericarditis,6,disease,BC5CDR
http://id.nlm.nih.gov/mesh/D010520,http://snomed.info/id/449908004,skos:closeMatch,0.90,shared_cui,D010520,449908004,Aggressive periodontitis,6,disease,BioRED
http://id.nlm.nih.gov/mesh/D011020,http://snomed.info/id/415125002,skos:closeMatch,0.90,shared_cui,D011020,415125002,Pneumocystosis pneumonia,6,disease,BC5CDR
http://id.nlm.nih.gov/mesh/D011559,http://snomed.info/id/68267002,skos:closeMatch,0.90,shared_cui,D011559,68267002,Benign intracranial hypertension,6,disease,"BC5CDR,BioRED"
http://id.nlm.nih.gov/mesh/D011681,http://snomed.info/id/193523008,skos:closeMatch,0.90,shared_cui,D011681,193523008,Ectopic pupil,6,disease,BC5CDR
http://id.nlm.nih.gov/mesh/D011693,http://snomed.info/id/12393003,skos:closeMatch,0.90,shared_cui,D011693,12393003,Purpura,6,disease,BC5CDR
http://id.nlm.nih.gov/mesh/D012127,http://snomed.info/id/46775006,skos:closeMatch,0.90,shared_cui,D012127,46775006,Respiratory distress syndrome in the newborn,6,disease,BioRED
http://id.nlm.nih.gov/mesh/D012312,http://snomed.info/id/372893009,skos:closeMatch,0.90,shared_cui,D012312,372893009,Ritodrine,6,chemical,BC5CDR
http://id.nlm.nih.gov/mesh/D012837,http://snomed.info/id/387112002,skos:closeMatch,0.90,shared_cui,D012837,387112002,Silver sulfadiazine,6,chemical,BC5CDR
http://id.nlm.nih.gov/mesh/D013034,http://snomed.info/id/377002,skos:closeMatch,0.93,shared_cui_strict,D013034,377002,Sparteine,6,chemical,"BC5CDR,BioRED"
http://id.nlm.nih.gov/mesh/D013118,http://snomed.info/id/48522003,skos:closeMatch,0.90,shared_cui,D013118,48522003,Spinal cord disease,6,disease,BC5CDR
http://id.nlm.nih.gov/mesh/D013134,http://snomed.info/id/77222007,skos:closeMatch,0.90,shared_cui,D013134,77222007,Spiperone,6,chemical,"BC5CDR,BioRED"
http://id.nlm.nih.gov/mesh/D013262,http://snomed.info/id/768962006,skos:closeMatch,0.90,shared_cui,D013262,768962006,Lyell syndrome,6,disease,BC5CDR
http://id.nlm.nih.gov/mesh/D013684,http://snomed.info/id/112641009,skos:closeMatch,0.90,shared_cui,D013684,112641009,Telangiectasis,6,disease,BC5CDR
http://id.nlm.nih.gov/mesh/D013959,http://snomed.info/id/14304000,skos:closeMatch,0.90,shared_cui,D013959,14304000,Disorder of thyroid gland,6,disease,BC5CDR
http://id.nlm.nih.gov/mesh/D014236,http://snomed.info/id/49849004,skos:closeMatch,0.90,shared_cui,D014236,49849004,Metrifonate,6,chemical,"BC5CDR,BioRED"
http://id.nlm.nih.gov/mesh/D014284,http://snomed.info/id/61275002,skos:closeMatch,0.90,shared_cui,D014284,61275002,Liothyronine,6,chemical,"BC5CDR,BioRED"
http://id.nlm.nih.gov/mesh/D014529,http://snomed.info/id/57763003,skos:closeMatch,0.90,shared_cui,D014529,57763003,Uridine,6,chemical,BC5CDR
http://id.nlm.nih.gov/mesh/D014805,http://snomed.info/id/304111003,skos:closeMatch,0.90,shared_cui,D014805,304111003,Cobalamin,6,chemical,BC5CDR
http://id.nlm.nih.gov/mesh/D014947,http://snomed.info/id/13924000,skos:closeMatch,0.90,shared_cui,D014947,13924000,Wound,6,disease,"BC5CDR,BioRED"
http://id.nlm.nih.gov/mesh/D015451,http://snomed.info/id/92814006,skos:closeMatch,0.90,shared_cui,D015451,92814006,"Chronic lymphoid leukemia, disease",6,disease,BioRED
http://id.nlm.nih.gov/mesh/D015783,http://snomed.info/id/69278003,skos:closeMatch,0.90,shared_cui,D015783,69278003,Congenital aniridia,6,disease,BioRED
http://id.nlm.nih.gov/mesh/D016778,http://snomed.info/id/62676009,skos:closeMatch,0.90,shared_cui,D016778,62676009,Falciparum malaria,6,disease,"BC5CDR,BioRED"
http://id.nlm.nih.gov/mesh/D017135,http://snomed.info/id/126108008,skos:closeMatch,0.90,shared_cui,D017135,126108008,Desogestrel,6,chemical,BC5CDR
http://id.nlm.nih.gov/mesh/D017265,http://snomed.info/id/703566006,skos:closeMatch,0.93,shared_cui_strict,D017265,703566006,Procaterol,6,chemical,BC5CDR
http://id.nlm.nih.gov/mesh/D017706,http://snomed.info/id/386873009,skos:closeMatch,0.90,shared_cui,D017706,386873009,Lisinopril,6,chemical,BC5CDR
http://id.nlm.nih.gov/mesh/D018021,http://snomed.info/id/54835003,skos:closeMatch,0.93,shared_cui_strict,D018021,54835003,Lithium chloride,6,chemical,"BC5CDR,BioRED"
http://id.nlm.nih.gov/mesh/D018119,http://snomed.info/id/386895008,skos:closeMatch,0.90,shared_cui,D018119,386895008,Stavudine,6,chemical,"BC5CDR,BioRED"
http://id.nlm.nih.gov/mesh/D018281,http://snomed.info/id/70179006,skos:closeMatch,0.90,shared_cui,D018281,70179006,Cholangiocarcinoma,6,disease,BioRED
http://id.nlm.nih.gov/mesh/D018490,http://snomed.info/id/387451002,skos:narrowMatch,0.55,mrrel_rn,D018490,387451002,Fenfluramine,6,chemical,"BC5CDR,BioRED"
http://id.nlm.nih.gov/mesh/D019793,http://snomed.info/id/85596006,skos:closeMatch,0.90,shared_cui,D019793,85596006,Fluorescein stain,6,chemical,BC5CDR
http://id.nlm.nih.gov/mesh/D019958,http://snomed.info/id/54319003,skos:closeMatch,0.90,shared_cui,D019958,54319003,Disruptive behavior disorder,6,disease,"BC5CDR,BioRED"
http://id.nlm.nih.gov/mesh/D020230,http://snomed.info/id/371089000,skos:closeMatch,0.93,shared_cui_strict,D020230,371089000,Serotonin syndrome,6,disease,BC5CDR
http://id.nlm.nih.gov/mesh/D020336,http://snomed.info/id/312444006,skos:closeMatch,0.90,shared_cui,D020336,312444006,Spastic paraparesis,6,disease,"BC5CDR,BioRED"
http://id.nlm.nih.gov/mesh/D020520,http://snomed.info/id/230693009,skos:closeMatch,0.90,shared_cui,D020520,230693009,Anterior cerebral circulation infarction,6,disease,"BC5CDR,BioRED"
http://id.nlm.nih.gov/mesh/D020760,http://snomed.info/id/371029002,skos:closeMatch,0.90,shared_cui,D020760,371029002,Ischemic disorder of spinal cord,6,disease,"BC5CDR,BioRED"
http://id.nlm.nih.gov/mesh/D033461,http://snomed.info/id/35885006,skos:closeMatch,0.90,shared_cui,D033461,35885006,Hyperuricemia,6,disease,"BC5CDR,BioRED"
http://id.nlm.nih.gov/mesh/D034141,http://snomed.info/id/119247004,skos:closeMatch,0.93,shared_cui_strict,D034141,119247004,Hypoalbuminemia,6,disease,"BC5CDR,BioRED"
http://id.nlm.nih.gov/mesh/D046628,http://snomed.info/id/721722008,skos:closeMatch,0.90,shared_cui,D046628,721722008,Dyskinesia of sphincter of Oddi,6,disease,BC5CDR
http://id.nlm.nih.gov/mesh/D047090,http://snomed.info/id/406778007,skos:closeMatch,0.90,shared_cui,D047090,406778007,Beta-lactam,6,chemical,BC5CDR
http://id.nlm.nih.gov/mesh/D047928,http://snomed.info/id/282020008,skos:closeMatch,0.90,shared_cui,D047928,282020008,Premature delivery,6,disease,BioRED
http://id.nlm.nih.gov/mesh/D052246,http://snomed.info/id/387050005,skos:closeMatch,0.90,shared_cui,D052246,387050005,Cyclooxygenase-2 inhibitor,6,chemical,"BC5CDR,BioRED"
http://id.nlm.nih.gov/mesh/D053098,http://snomed.info/id/72831007,skos:closeMatch,0.90,shared_cui,D053098,72831007,"Vitamin D-dependent rickets, type 2",6,disease,BioRED
http://id.nlm.nih.gov/mesh/D055959,http://snomed.info/id/77547008,skos:closeMatch,0.90,shared_cui,D055959,77547008,Degeneration of intervertebral disc,6,disease,BioRED
http://id.nlm.nih.gov/mesh/D056728,http://snomed.info/id/128107007,skos:closeMatch,0.90,shared_cui,D056728,128107007,Hereditary von Willebrand disease type 2,6,disease,BioRED
http://id.nlm.nih.gov/mesh/D063726,http://snomed.info/id/74732009,skos:relatedMatch,0.40,sty_fallback:Mental or Behavioral Dysfunction,D063726,74732009,Mental disorder,6,disease,"BC5CDR,BioRED"
http://id.nlm.nih.gov/mesh/C002752,http://snomed.info/id/96179007,skos:closeMatch,0.90,shared_cui,C002752,96179007,Normeperidine,5,chemical,"BC5CDR,BioRED"
http://id.nlm.nih.gov/mesh/C010637,http://snomed.info/id/417479000,skos:closeMatch,0.90,shared_cui,C010637,417479000,Terodiline,5,chemical,BC5CDR
http://id.nlm.nih.gov/mesh/C012102,http://snomed.info/id/372884008,skos:broadMatch,0.65,mrrel_rb,C012102,372884008,Sympathomimetic agent,5,chemical,BC5CDR
http://id.nlm.nih.gov/mesh/C013102,http://snomed.info/id/31979005,skos:broadMatch,0.65,mrrel_rb,C013102,31979005,Fatty acid,5,chemical,BC5CDR
http://id.nlm.nih.gov/mesh/C016986,http://snomed.info/id/391786008,skos:closeMatch,0.90,shared_cui,C016986,391786008,Apraclonidine,5,chemical,BC5CDR
http://id.nlm.nih.gov/mesh/C020731,http://snomed.info/id/425003007,skos:closeMatch,0.90,shared_cui,C020731,425003007,Carbetocin,5,chemical,BC5CDR
http://id.nlm.nih.gov/mesh/C021341,http://snomed.info/id/387470007,skos:broadMatch,0.65,mrrel_rb,C021341,387470007,Cefazolin,5,chemical,BC5CDR
http://id.nlm.nih.gov/mesh/C027576,http://snomed.info/id/60530008,skos:broadMatch,0.65,mrrel_rb,C027576,60530008,Aldehyde,5,chemical,BC5CDR
http://id.nlm.nih.gov/mesh/C032232,http://snomed.info/id/23077008,skos:closeMatch,0.90,shared_cui,C032232,23077008,Barbituric acid,5,chemical,BC5CDR
http://id.nlm.nih.gov/mesh/C038806,http://snomed.info/id/373304005,skos:broadMatch,0.65,mrrel_rb,C038806,373304005,Calcium channel blocker,5,chemical,BC5CDR
http://id.nlm.nih.gov/mesh/C040442,http://snomed.info/id/407312007,skos:broadMatch,0.65,mrrel_rb,C040442,407312007,Enzyme inhibitor,5,chemical,BC5CDR
http://id.nlm.nih.gov/mesh/C042288,http://snomed.info/id/387480006,skos:broadMatch,0.65,mrrel_rb,C042288,387480006,Lidocaine,5,chemical,BC5CDR
http://id.nlm.nih.gov/mesh/C042315,http://snomed.info/id/391774005,skos:broadMatch,0.65,mrrel_rb,C042315,391774005,Amsacrine,5,chemical,BC5CDR
http://id.nlm.nih.gov/mesh/C053571,http://snomed.info/id/1340015006,skos:closeMatch,0.90,shared_cui,C053571,1340015006,Iopentol,5,chemical,BC5CDR
http://id.nlm.nih.gov/mesh/C059447,http://snomed.info/id/105590001,skos:relatedMatch,0.40,sty_fallback:Organic Chemical,C059447,105590001,Substance,5,chemical,BC5CDR
http://id.nlm.nih.gov/mesh/C079198,http://snomed.info/id/395897006,skos:broadMatch,0.65,mrrel_rb,C079198,395897006,Tegafur,5,chemical,BioRED
http://id.nlm.nih.gov/mesh/C080122,http://snomed.info/id/422102009,skos:broadMatch,0.65,mrrel_rb,C080122,422102009,Indazole,5,chemical,BioRED
http://id.nlm.nih.gov/mesh/C083440,http://snomed.info/id/105590001,skos:relatedMatch,0.40,sty_fallback:Organic Chemical,C083440,105590001,Substance,5,chemical,BC5CDR
http://id.nlm.nih.gov/mesh/C086123,http://snomed.info/id/372813008,skos:broadMatch,0.65,mrrel_rb,C086123,372813008,Antiarrhythmic agent,5,chemical,BC5CDR
http://id.nlm.nih.gov/mesh/C090663,http://snomed.info/id/75799006,skos:broadMatch,0.65,mrrel_rb,C090663,75799006,Lysine,5,chemical,BioRED
http://id.nlm.nih.gov/mesh/C095427,http://snomed.info/id/105590001,skos:relatedMatch,0.40,sty_fallback:Organic Chemical,C095427,105590001,Substance,5,chemical,BC5CDR
http://id.nlm.nih.gov/mesh/C535509,http://snomed.info/id/58872001,skos:closeMatch,0.90,shared_cui,C535509,58872001,Erythema elevatum diutinum,5,disease,BC5CDR
http://id.nlm.nih.gov/mesh/C536168,http://snomed.info/id/2625009,skos:closeMatch,0.90,shared_cui,C536168,2625009,Senter syndrome,5,disease,BioRED
http://id.nlm.nih.gov/mesh/C537153,http://snomed.info/id/80710001,skos:closeMatch,0.90,shared_cui,C537153,80710001,Primary hypomagnesemia,5,disease,"BC5CDR,BioRED"
http://id.nlm.nih.gov/mesh/C537346,http://snomed.info/id/111406002,skos:closeMatch,0.90,shared_cui,C537346,111406002,Diffuse mesangial sclerosis,5,disease,"BC5CDR,BioRED"
http://id.nlm.nih.gov/mesh/C564221,http://snomed.info/id/3648007,skos:broadMatch,0.65,mrrel_rb,C564221,3648007,Glucocorticoid receptor,5,disease,BioRED
http://id.nlm.nih.gov/mesh/C564356,http://snomed.info/id/28637003,skos:closeMatch,0.90,shared_cui,C564356,28637003,Acute tubulointerstitial nephritis,5,disease,BC5CDR
http://id.nlm.nih.gov/mesh/D000079,http://snomed.info/id/38705000,skos:closeMatch,0.93,shared_cui_strict,D000079,38705000,Acetaldehyde,5,chemical,"BC5CDR,BioRED"
http://id.nlm.nih.gov/mesh/D000152,http://snomed.info/id/11381005,skos:closeMatch,0.90,shared_cui,D000152,11381005,Acne,5,disease,BC5CDR
http://id.nlm.nih.gov/mesh/D000230,http://snomed.info/id/1187332001,skos:closeMatch,0.90,shared_cui,D000230,1187332001,Adenocarcinoma,5,disease,"BC5CDR,BioRED"
http://id.nlm.nih.gov/mesh/D000437,http://snomed.info/id/7200002,skos:closeMatch,0.90,shared_cui,D000437,7200002,Alcoholism,5,disease,BC5CDR
http://id.nlm.nih.gov/mesh/D000744,http://snomed.info/id/413603009,skos:closeMatch,0.90,shared_cui,D000744,413603009,Autoimmune hemolytic anemia,5,disease,BC5CDR
http://id.nlm.nih.gov/mesh/D000848,http://snomed.info/id/26624006,skos:closeMatch,0.90,shared_cui,D000848,26624006,Anodontia,5,disease,BioRED
http://id.nlm.nih.gov/mesh/D000853,http://snomed.info/id/7183006,skos:closeMatch,0.90,shared_cui,D000853,7183006,Anophthalmos,5,disease,"BC5CDR,BioRED"
http://id.nlm.nih.gov/mesh/D000855,http://snomed.info/id/158268008,skos:closeMatch,0.90,shared_cui,D000855,158268008,[D]Anorexia,5,disease,BC5CDR
http://id.nlm.nih.gov/mesh/D000927,http://snomed.info/id/255632006,skos:closeMatch,0.90,shared_cui,D000927,255632006,Anticonvulsant,5,chemical,BioRED
http://id.nlm.nih.gov/mesh/D001022,http://snomed.info/id/60234000,skos:closeMatch,0.90,shared_cui,D001022,60234000,Aortic valve regurgitation,5,disease,BC5CDR
http://id.nlm.nih.gov/mesh/D001219,http://snomed.info/id/26091008,skos:closeMatch,0.90,shared_cui,D001219,26091008,Aspartate aminotransferase,5,chemical,BioRED
http://id.nlm.nih.gov/mesh/D001507,http://snomed.info/id/116574000,skos:closeMatch,0.90,shared_cui,D001507,116574000,Beclomethasone,5,chemical,BC5CDR
http://id.nlm.nih.gov/mesh/D001590,http://snomed.info/id/372846002,skos:closeMatch,0.90,shared_cui,D001590,372846002,Benztropine,5,chemical,BC5CDR
http://id.nlm.nih.gov/mesh/D001712,http://snomed.info/id/387359004,skos:closeMatch,0.90,shared_cui,D001712,387359004,Biperiden,5,chemical,BC5CDR
http://id.nlm.nih.gov/mesh/D001766,http://snomed.info/id/70449006,skos:closeMatch,0.90,shared_cui,D001766,70449006,Amaurosis,5,disease,"BC5CDR,BioRED"
http://id.nlm.nih.gov/mesh/D001786,http://snomed.info/id/105590001,skos:relatedMatch,0.40,sty_fallback:Organic Chemical,D001786,105590001,Substance,5,chemical,BioRED
http://id.nlm.nih.gov/mesh/D002117,http://snomed.info/id/259333003,skos:closeMatch,0.90,shared_cui,D002117,259333003,Calcitriol,5,chemical,"BC5CDR,BioRED"
http://id.nlm.nih.gov/mesh/D002303,http://snomed.info/id/86318000,skos:closeMatch,0.90,shared_cui,D002303,86318000,Decreased cardiac output,5,disease,BC5CDR
http://id.nlm.nih.gov/mesh/D002658,http://snomed.info/id/5294002,skos:closeMatch,0.90,shared_cui,D002658,5294002,Developmental disorder,5,disease,"BC5CDR,BioRED"
http://id.nlm.nih.gov/mesh/D002712,http://snomed.info/id/50213009,skos:closeMatch,0.90,shared_cui,D002712,50213009,Chloride salt,5,chemical,BC5CDR
http://id.nlm.nih.gov/mesh/D002725,http://snomed.info/id/259153006,skos:closeMatch,0.90,shared_cui,D002725,259153006,Chloroform,5,chemical,BC5CDR
http://id.nlm.nih.gov/mesh/D002752,http://snomed.info/id/387324004,skos:closeMatch,0.90,shared_cui,D002752,387324004,Chlorthalidone,5,chemical,BC5CDR
http://id.nlm.nih.gov/mesh/D003027,http://snomed.info/id/193031009,skos:closeMatch,0.90,shared_cui,D003027,193031009,Cluster headache,5,disease,BC5CDR
http://id.nlm.nih.gov/mesh/D003251,http://snomed.info/id/415582006,skos:closeMatch,0.90,shared_cui,D003251,415582006,Stenosis,5,disease,BC5CDR
http://id.nlm.nih.gov/mesh/D003473,http://snomed.info/id/135396007,skos:closeMatch,0.90,shared_cui,D003473,135396007,Non-depolarising muscle relaxant,5,chemical,BC5CDR
http://id.nlm.nih.gov/mesh/D003560,http://snomed.info/id/367643001,skos:closeMatch,0.90,shared_cui,D003560,367643001,Cyst,5,disease,BC5CDR
http://id.nlm.nih.gov/mesh/D003645,http://snomed.info/id/26636000,skos:closeMatch,0.90,shared_cui,D003645,26636000,Sudden death,5,disease,"BC5CDR,BioRED"
http://id.nlm.nih.gov/mesh/D004070,http://snomed.info/id/65774009,skos:closeMatch,0.93,shared_cui_strict,D004070,65774009,Digitalis,5,chemical,BC5CDR
http://id.nlm.nih.gov/mesh/D004155,http://snomed.info/id/372682005,skos:closeMatch,0.90,shared_cui,D004155,372682005,Diphenhydramine,5,chemical,BC5CDR
http://id.nlm.nih.gov/mesh/D004211,http://snomed.info/id/67406007,skos:closeMatch,0.90,shared_cui,D004211,67406007,Disseminated intravascular coagulation,5,disease,BC5CDR
http://id.nlm.nih.gov/mesh/D004412,http://snomed.info/id/266599000,skos:closeMatch,0.90,shared_cui,D004412,266599000,Dysmenorrhea,5,disease,BC5CDR
http://id.nlm.nih.gov/mesh/D004437,http://snomed.info/id/204357006,skos:closeMatch,0.90,shared_cui,D004437,204357006,Ebstein's anomaly,5,disease,BC5CDR
http://id.nlm.nih.gov/mesh/D004535,http://snomed.info/id/398114001,skos:closeMatch,0.90,shared_cui,D004535,398114001,Ehlers-Danlos syndrome,5,disease,BioRED
http://id.nlm.nih.gov/mesh/D004681,http://snomed.info/id/50776006,skos:closeMatch,0.90,shared_cui,D004681,50776006,Allergic encephalomyelitis,5,disease,BioRED
http://id.nlm.nih.gov/mesh/D004892,http://snomed.info/id/36715001,skos:closeMatch,0.90,shared_cui,D004892,36715001,Erythema multiforme,5,disease,BC5CDR
http://id.nlm.nih.gov/mesh/D005419,http://snomed.info/id/424943007,skos:closeMatch,0.90,shared_cui,D005419,424943007,Flavonoid,5,chemical,"BC5CDR,BioRED"
http://id.nlm.nih.gov/mesh/D005485,http://snomed.info/id/387587007,skos:closeMatch,0.90,shared_cui,D005485,387587007,Flutamide,5,chemical,"BC5CDR,BioRED"
http://id.nlm.nih.gov/mesh/D005911,http://snomed.info/id/81415000,skos:closeMatch,0.90,shared_cui,D005911,81415000,Gliosis,5,disease,"BC5CDR,BioRED"
http://id.nlm.nih.gov/mesh/D006029,http://snomed.info/id/45154002,skos:closeMatch,0.90,shared_cui,D006029,45154002,Glycosuria,5,disease,BC5CDR
http://id.nlm.nih.gov/mesh/D006255,http://snomed.info/id/444316004,skos:closeMatch,0.90,shared_cui,D006255,444316004,Seasonal allergy,5,disease,BC5CDR
http://id.nlm.nih.gov/mesh/D006473,http://snomed.info/id/47821001,skos:closeMatch,0.90,shared_cui,D006473,47821001,Postpartum hemorrhage,5,disease,BC5CDR
http://id.nlm.nih.gov/mesh/D006478,http://snomed.info/id/67247008,skos:closeMatch,0.90,shared_cui,D006478,67247008,Bolivian hemorrhagic fever,5,disease,BC5CDR
http://id.nlm.nih.gov/mesh/D006497,http://snomed.info/id/259442006,skos:closeMatch,0.90,shared_cui,D006497,259442006,Heparan sulfate,5,chemical,BC5CDR
http://id.nlm.nih.gov/mesh/D006859,http://snomed.info/id/2141009,skos:closeMatch,0.93,shared_cui_strict,D006859,2141009,Hydrogen,5,chemical,BC5CDR
http://id.nlm.nih.gov/mesh/D006869,http://snomed.info/id/43064006,skos:closeMatch,0.90,shared_cui,D006869,43064006,Hydronephrosis,5,disease,"BC5CDR,BioRED"
http://id.nlm.nih.gov/mesh/D006916,http://snomed.info/id/73916008,skos:closeMatch,0.90,shared_cui,D006916,73916008,Oxitriptan,5,chemical,BC5CDR
http://id.nlm.nih.gov/mesh/D007036,http://snomed.info/id/308693008,skos:closeMatch,0.90,shared_cui,D007036,308693008,Induction of hypothermia,5,disease,BioRED
http://id.nlm.nih.gov/mesh/D007235,http://snomed.info/id/763401009,skos:narrowMatch,0.55,mrrel_rn,D007235,763401009,Ichthyosis prematurity syndrome,5,disease,"BC5CDR,BioRED"
http://id.nlm.nih.gov/mesh/D007248,http://snomed.info/id/49408009,skos:closeMatch,0.90,shared_cui,D007248,49408009,Male sterility,5,disease,BioRED
http://id.nlm.nih.gov/mesh/D007485,http://snomed.info/id/769090003,skos:closeMatch,0.93,shared_cui_strict,D007485,769090003,Ioxaglic acid,5,chemical,BC5CDR
http://id.nlm.nih.gov/mesh/D007680,http://snomed.info/id/126880001,skos:closeMatch,0.90,shared_cui,D007680,126880001,Neoplasm of kidney,5,disease,BC5CDR
http://id.nlm.nih.gov/mesh/D007986,http://snomed.info/id/64182005,skos:closeMatch,0.90,shared_cui,D007986,64182005,Pituitary luteinizing hormone,5,chemical,BioRED
http://id.nlm.nih.gov/mesh/D008206,http://snomed.info/id/111590001,skos:closeMatch,0.90,shared_cui,D008206,111590001,Disorder of lymphoid system,5,disease,BC5CDR
http://id.nlm.nih.gov/mesh/D008305,http://snomed.info/id/213026003,skos:closeMatch,0.90,shared_cui,D008305,213026003,Malignant hyperthermia caused by anesthetic,5,disease,"BC5CDR,BioRED"
http://id.nlm.nih.gov/mesh/D008382,http://snomed.info/id/19346006,skos:closeMatch,0.90,shared_cui,D008382,19346006,Marfan's syndrome,5,disease,BioRED
http://id.nlm.nih.gov/mesh/D008619,http://snomed.info/id/59560006,skos:closeMatch,0.90,shared_cui,D008619,59560006,Mepivacaine,5,chemical,BC5CDR
http://id.nlm.nih.gov/mesh/D008729,http://snomed.info/id/372769005,skos:closeMatch,0.90,shared_cui,D008729,372769005,Methoxamine,5,chemical,BC5CDR
http://id.nlm.nih.gov/mesh/D008794,http://snomed.info/id/395792006,skos:closeMatch,0.90,shared_cui,D008794,395792006,Metrizoate,5,chemical,BC5CDR
http://id.nlm.nih.gov/mesh/D008942,http://snomed.info/id/386913001,skos:closeMatch,0.90,shared_cui,D008942,386913001,Mitoxantrone,5,chemical,BC5CDR
http://id.nlm.nih.gov/mesh/D009128,http://snomed.info/id/263875003,skos:closeMatch,0.90,shared_cui,D009128,263875003,Spastic,5,disease,"BC5CDR,BioRED"
http://id.nlm.nih.gov/mesh/D009136,http://snomed.info/id/73297009,skos:closeMatch,0.90,shared_cui,D009136,73297009,Muscular dystrophy,5,disease,"BC5CDR,BioRED"
http://id.nlm.nih.gov/mesh/D009230,http://snomed.info/id/43153006,skos:closeMatch,0.90,shared_cui,D009230,43153006,Myxedema,5,disease,BC5CDR
http://id.nlm.nih.gov/mesh/D009705,http://snomed.info/id/47368004,skos:closeMatch,0.90,shared_cui,D009705,47368004,Nucleoside,5,chemical,BC5CDR
http://id.nlm.nih.gov/mesh/D010009,http://snomed.info/id/13449007,skos:closeMatch,0.90,shared_cui,D010009,13449007,Melnick-Needles syndrome,5,disease,BioRED
http://id.nlm.nih.gov/mesh/D010096,http://snomed.info/id/387583006,skos:closeMatch,0.90,shared_cui,D010096,387583006,Oxprenolol,5,chemical,BC5CDR
http://id.nlm.nih.gov/mesh/D010126,http://snomed.info/id/40057008,skos:closeMatch,0.93,shared_cui_strict,D010126,40057008,Ozone,5,chemical,BC5CDR
http://id.nlm.nih.gov/mesh/D010248,http://snomed.info/id/116604005,skos:closeMatch,0.90,shared_cui,D010248,116604005,Paramethasone,5,chemical,BC5CDR
http://id.nlm.nih.gov/mesh/D010291,http://snomed.info/id/20022000,skos:closeMatch,0.90,shared_cui,D010291,20022000,Hemiparesis,5,disease,BC5CDR
http://id.nlm.nih.gov/mesh/D010319,http://snomed.info/id/76854000,skos:closeMatch,0.90,shared_cui,D010319,76854000,Milk fever,5,disease,BC5CDR
http://id.nlm.nih.gov/mesh/D010457,http://snomed.info/id/105590001,skos:relatedMatch,0.40,sty_fallback:Organic Chemical,D010457,105590001,Substance,5,chemical,BioRED
http://id.nlm.nih.gov/mesh/D010468,http://snomed.info/id/32422007,skos:closeMatch,0.90,shared_cui,D010468,32422007,Hemispatial neglect,5,disease,BC5CDR
http://id.nlm.nih.gov/mesh/D010758,http://snomed.info/id/30820000,skos:closeMatch,0.90,shared_cui,D010758,30820000,Phosphorus,5,chemical,BC5CDR
http://id.nlm.nih.gov/mesh/D011092,http://snomed.info/id/8030004,skos:closeMatch,0.90,shared_cui,D011092,8030004,Polyethylene glycol,5,chemical,BC5CDR
http://id.nlm.nih.gov/mesh/D011372,http://snomed.info/id/773603001,skos:closeMatch,0.90,shared_cui,D011372,773603001,Progesterone receptor agonist,5,chemical,BC5CDR
http://id.nlm.nih.gov/mesh/D011479,http://snomed.info/id/372630008,skos:closeMatch,0.90,shared_cui,D011479,372630008,Protamine,5,chemical,BC5CDR
http://id.nlm.nih.gov/mesh/D011718,http://snomed.info/id/387076005,skos:closeMatch,0.90,shared_cui,D011718,387076005,Pyrazinamide,5,chemical,BC5CDR
http://id.nlm.nih.gov/mesh/D011796,http://snomed.info/id/387445007,skos:closeMatch,0.90,shared_cui,D011796,387445007,Quinacrine,5,chemical,BC5CDR
http://id.nlm.nih.gov/mesh/D012133,http://snomed.info/id/404684003,skos:relatedMatch,0.40,sty_fallback:Finding,D012133,404684003,Clinical finding,5,disease,BC5CDR
http://id.nlm.nih.gov/mesh/D012216,http://snomed.info/id/396332003,skos:closeMatch,0.90,shared_cui,D012216,396332003,Rheumatism,5,disease,BC5CDR
http://id.nlm.nih.gov/mesh/D012504,http://snomed.info/id/105590001,skos:relatedMatch,0.40,"sty_fallback:Amino Acid, Peptide, or Protein",D012504,105590001,Substance,5,chemical,BC5CDR
http://id.nlm.nih.gov/mesh/D012594,http://snomed.info/id/201049004,skos:closeMatch,0.90,shared_cui,D012594,201049004,Morphea,5,disease,BC5CDR
http://id.nlm.nih.gov/mesh/D012678,http://snomed.info/id/85972008,skos:closeMatch,0.90,shared_cui,D012678,85972008,Sensory disorder,5,disease,BC5CDR
http://id.nlm.nih.gov/mesh/D012851,http://snomed.info/id/35508004,skos:narrowMatch,0.55,mrrel_rn,D012851,35508004,Empty delta sign,5,disease,BC5CDR
http://id.nlm.nih.gov/mesh/D013119,http://snomed.info/id/90584004,skos:closeMatch,0.90,shared_cui,D013119,90584004,Spinal cord injury,5,disease,BC5CDR
http://id.nlm.nih.gov/mesh/D013203,http://snomed.info/id/56038003,skos:closeMatch,0.90,shared_cui,D013203,56038003,Staphylococcal infectious disease,5,disease,BC5CDR
http://id.nlm.nih.gov/mesh/D013494,http://snomed.info/id/192976002,skos:closeMatch,0.90,shared_cui,D013494,192976002,Progressive supranuclear palsy,5,disease,BC5CDR
http://id.nlm.nih.gov/mesh/D013747,http://snomed.info/id/363581004,skos:closeMatch,0.90,shared_cui,D013747,363581004,Tetrabenazine,5,chemical,BC5CDR
http://id.nlm.nih.gov/mesh/D013759,http://snomed.info/id/386846008,skos:closeMatch,0.90,shared_cui,D013759,386846008,Dronabinol,5,chemical,BC5CDR
http://id.nlm.nih.gov/mesh/D013831,http://snomed.info/id/259659006,skos:closeMatch,0.90,shared_cui,D013831,259659006,Thiamine,5,chemical,"BC5CDR,BioRED"
http://id.nlm.nih.gov/mesh/D014269,http://snomed.info/id/105590001,skos:relatedMatch,0.40,sty_fallback:Organic Chemical,D014269,105590001,Substance,5,chemical,BC5CDR
http://id.nlm.nih.gov/mesh/D014295,http://snomed.info/id/387179001,skos:closeMatch,0.90,shared_cui,D014295,387179001,Trimethoprim,5,chemical,BC5CDR
http://id.nlm.nih.gov/mesh/D014511,http://snomed.info/id/44730006,skos:closeMatch,0.90,shared_cui,D014511,44730006,Uremia,5,disease,"BC5CDR,BioRED"
http://id.nlm.nih.gov/mesh/D014517,http://snomed.info/id/20018005,skos:closeMatch,0.90,shared_cui,D014517,20018005,Occlusion of ureter,5,disease,"BC5CDR,BioRED"
http://id.nlm.nih.gov/mesh/D014520,http://snomed.info/id/873008,skos:closeMatch,0.90,shared_cui,D014520,873008,Urethan,5,chemical,"BC5CDR,BioRED"
http://id.nlm.nih.gov/mesh/D014580,http://snomed.info/id/41143004,skos:closeMatch,0.90,shared_cui,D014580,41143004,Ursodiol,5,chemical,BC5CDR
http://id.nlm.nih.gov/mesh/D014801,http://snomed.info/id/82622003,skos:closeMatch,0.90,shared_cui,D014801,82622003,Retinol,5,chemical,"BC5CDR,BioRED"
http://id.nlm.nih.gov/mesh/D014899,http://snomed.info/id/21007002,skos:closeMatch,0.90,shared_cui,D014899,21007002,Wernicke's disease,5,disease,BC5CDR
http://id.nlm.nih.gov/mesh/D014969,http://snomed.info/id/45784001,skos:closeMatch,0.93,shared_cui_strict,D014969,45784001,Xanthine oxidase,5,chemical,BioRED
http://id.nlm.nih.gov/mesh/D015230,http://snomed.info/id/16613008,skos:closeMatch,0.90,shared_cui,D015230,16613008,Prostaglandin PGD2,5,chemical,BC5CDR
http://id.nlm.nih.gov/mesh/D015251,http://snomed.info/id/417916005,skos:closeMatch,0.90,shared_cui,D015251,417916005,Epirubicin,5,chemical,BC5CDR
http://id.nlm.nih.gov/mesh/D015433,http://snomed.info/id/77182004,skos:closeMatch,0.90,shared_cui,D015433,77182004,Membranous glomerulonephritis,5,disease,BC5CDR
http://id.nlm.nih.gov/mesh/D015464,http://snomed.info/id/1162588009,skos:closeMatch,0.90,shared_cui,D015464,1162588009,Chronic myeloid leukemia,5,disease,BC5CDR
http://id.nlm.nih.gov/mesh/D015767,http://snomed.info/id/387505001,skos:closeMatch,0.90,shared_cui,D015767,387505001,Mefloquine,5,chemical,BC5CDR
http://id.nlm.nih.gov/mesh/D015790,http://snomed.info/id/58343005,skos:closeMatch,0.90,shared_cui,D015790,58343005,Cefonicid,5,chemical,BC5CDR
http://id.nlm.nih.gov/mesh/D016108,http://snomed.info/id/254185007,skos:closeMatch,0.90,shared_cui,D016108,254185007,Dystrophic epidermolysis bullosa,5,disease,BioRED
http://id.nlm.nih.gov/mesh/D016393,http://snomed.info/id/109979007,skos:closeMatch,0.90,shared_cui,D016393,109979007,B-cell lymphoma (clinical),5,disease,BioRED
http://id.nlm.nih.gov/mesh/D016543,http://snomed.info/id/126951006,skos:closeMatch,0.90,shared_cui,D016543,126951006,Neoplasm of central nervous system,5,disease,BioRED
http://id.nlm.nih.gov/mesh/D017255,http://snomed.info/id/386938006,skos:closeMatch,0.90,shared_cui,D017255,386938006,Acitretin,5,chemical,"BC5CDR,BioRED"
http://id.nlm.nih.gov/mesh/D018088,http://snomed.info/id/423709000,skos:closeMatch,0.90,shared_cui,D018088,423709000,Drug resistant tuberculosis,5,disease,BioRED
http://id.nlm.nih.gov/mesh/D018366,http://snomed.info/id/60555002,skos:closeMatch,0.90,shared_cui,D018366,60555002,Hypersensitivity angiitis,5,disease,BC5CDR
http://id.nlm.nih.gov/mesh/D018491,http://snomed.info/id/418222008,skos:closeMatch,0.90,shared_cui,D018491,418222008,Dopamine receptor agonist,5,chemical,"BC5CDR,BioRED"
http://id.nlm.nih.gov/mesh/D019190,http://snomed.info/id/60737008,skos:closeMatch,0.93,shared_cui_strict,D019190,60737008,Iron overload,5,disease,BioRED
http://id.nlm.nih.gov/mesh/D019559,http://snomed.info/id/87730004,skos:closeMatch,0.93,shared_cui_strict,D019559,87730004,Capillary leak syndrome,5,disease,BC5CDR
http://id.nlm.nih.gov/mesh/D019586,http://snomed.info/id/271719001,skos:closeMatch,0.90,shared_cui,D019586,271719001,Raised intracranial pressure,5,disease,"BC5CDR,BioRED"
http://id.nlm.nih.gov/mesh/D019803,http://snomed.info/id/6817006,skos:closeMatch,0.90,shared_cui,D019803,6817006,Oxidized glutathione,5,chemical,BC5CDR
http://id.nlm.nih.gov/mesh/D020181,http://snomed.info/id/78275009,skos:closeMatch,0.90,shared_cui,D020181,78275009,Obstructive sleep apnea syndrome,5,disease,BC5CDR
http://id.nlm.nih.gov/mesh/D020293,http://snomed.info/id/427020007,skos:closeMatch,0.90,shared_cui,D020293,427020007,Cerebral vasculitis,5,disease,BC5CDR
http://id.nlm.nih.gov/mesh/D020518,http://snomed.info/id/22995004,skos:closeMatch,0.93,shared_cui_strict,D020518,22995004,Focal nodular hyperplasia,5,disease,"BC5CDR,BioRED"
http://id.nlm.nih.gov/mesh/D043171,http://snomed.info/id/404684003,skos:relatedMatch,0.40,sty_fallback:Cell or Molecular Dysfunction,D043171,404684003,Clinical finding,5,disease,BioRED
http://id.nlm.nih.gov/mesh/D050177,http://snomed.info/id/238131007,skos:closeMatch,0.90,shared_cui,D050177,238131007,Overweight,5,disease,BioRED
http://id.nlm.nih.gov/mesh/D051474,http://snomed.info/id/2177002,skos:closeMatch,0.90,shared_cui,D051474,2177002,Postherpetic neuralgia,5,disease,BC5CDR
http://id.nlm.nih.gov/mesh/D053099,http://snomed.info/id/445009001,skos:closeMatch,0.93,shared_cui_strict,D053099,445009001,Azotemia,5,disease,BC5CDR
http://id.nlm.nih.gov/mesh/D054038,http://snomed.info/id/450886002,skos:closeMatch,0.90,shared_cui,D054038,450886002,Posterior reversible encephalopathy syndrome,5,disease,BC5CDR
http://id.nlm.nih.gov/mesh/D055370,http://snomed.info/id/316358009,skos:closeMatch,0.90,shared_cui,D055370,316358009,Injury of lung,5,disease,"BC5CDR,BioRED"
http://id.nlm.nih.gov/mesh/D057911,http://snomed.info/id/372913009,skos:closeMatch,0.90,shared_cui,D057911,372913009,Angiotensin II receptor antagonist,5,chemical,"BC5CDR,BioRED"
http://id.nlm.nih.gov/mesh/D058915,http://snomed.info/id/781491002,skos:closeMatch,0.90,shared_cui,D058915,781491002,Adenosine receptor antagonist,5,chemical,"BC5CDR,BioRED"
http://id.nlm.nih.gov/mesh/D059606,http://snomed.info/id/17173007,skos:closeMatch,0.90,shared_cui,D059606,17173007,Excessive thirst,5,disease,BC5CDR
http://id.nlm.nih.gov/mesh/D062788,http://snomed.info/id/784314006,skos:closeMatch,0.90,shared_cui,D062788,784314006,Uterine adenomyosis,5,disease,BC5CDR
http://id.nlm.nih.gov/mesh/C001335,http://snomed.info/id/19209005,skos:broadMatch,0.65,mrrel_rb,C001335,19209005,Fungicide,4,chemical,BC5CDR
http://id.nlm.nih.gov/mesh/C002616,http://snomed.info/id/372772003,skos:broadMatch,0.65,mrrel_rb,C002616,372772003,Propranolol,4,chemical,BC5CDR
http://id.nlm.nih.gov/mesh/C002630,http://snomed.info/id/372688009,skos:broadMatch,0.65,mrrel_rb,C002630,372688009,Antineoplastic agent,4,chemical,"BC5CDR,BioRED"
http://id.nlm.nih.gov/mesh/C002647,http://snomed.info/id/105590001,skos:relatedMatch,0.40,sty_fallback:Organic Chemical,C002647,105590001,Substance,4,chemical,BC5CDR
http://id.nlm.nih.gov/mesh/C002744,http://snomed.info/id/27378009,skos:broadMatch,0.65,mrrel_rb,C002744,27378009,Tyrosine,4,chemical,BC5CDR
http://id.nlm.nih.gov/mesh/C004504,http://snomed.info/id/105590001,skos:relatedMatch,0.40,sty_fallback:Organic Chemical,C004504,105590001,Substance,4,chemical,BC5CDR
http://id.nlm.nih.gov/mesh/C007789,http://snomed.info/id/372862008,skos:broadMatch,0.65,mrrel_rb,C007789,372862008,Anticoagulant,4,chemical,BC5CDR
http://id.nlm.nih.gov/mesh/C010013,http://snomed.info/id/372817009,skos:broadMatch,0.65,mrrel_rb,C010013,372817009,Doxorubicin,4,chemical,"BC5CDR,BioRED"
http://id.nlm.nih.gov/mesh/C015068,http://snomed.info/id/725615001,skos:closeMatch,0.90,shared_cui,C015068,725615001,M-chlorophenylpiperazine,4,chemical,BC5CDR
http://id.nlm.nih.gov/mesh/C017367,http://snomed.info/id/387172005,skos:broadMatch,0.65,mrrel_rb,C017367,387172005,Fluorouracil,4,chemical,BC5CDR
http://id.nlm.nih.gov/mesh/C024224,http://snomed.info/id/372890007,skos:broadMatch,0.65,mrrel_rb,C024224,372890007,Naloxone,4,chemical,BC5CDR
http://id.nlm.nih.gov/mesh/C025504,http://snomed.info/id/769091004,skos:broadMatch,0.65,mrrel_rb,C025504,769091004,Meglumine,4,chemical,BC5CDR
http://id.nlm.nih.gov/mesh/C025725,http://snomed.info/id/441338003,skos:broadMatch,0.65,mrrel_rb,C025725,441338003,Propanolamine,4,chemical,BC5CDR
http://id.nlm.nih.gov/mesh/C027278,http://snomed.info/id/101588008,skos:closeMatch,0.90,shared_cui,C027278,101588008,RENOGRAFIN -76,4,chemical,BC5CDR
http://id.nlm.nih.gov/mesh/C027756,http://snomed.info/id/77136007,skos:broadMatch,0.65,mrrel_rb,C027756,77136007,Alpha-melanocyte stimulating hormone,4,chemical,BioRED
http://id.nlm.nih.gov/mesh/C029504,http://snomed.info/id/372826007,skos:broadMatch,0.65,mrrel_rb,C029504,372826007,Metoprolol,4,chemical,"BC5CDR,BioRED"
http://id.nlm.nih.gov/mesh/C031231,http://snomed.info/id/255632006,skos:broadMatch,0.65,mrrel_rb,C031231,255632006,Anticonvulsant,4,chemical,"BC5CDR,BioRED"
http://id.nlm.nih.gov/mesh/C031763,http://snomed.info/id/259136004,skos:closeMatch,0.90,shared_cui,C031763,259136004,"1,3-butadiene",4,chemical,BC5CDR
http://id.nlm.nih.gov/mesh/C036150,http://snomed.info/id/105590001,skos:relatedMatch,0.40,sty_fallback:Organic Chemical,C036150,105590001,Substance,4,chemical,BC5CDR
http://id.nlm.nih.gov/mesh/C037178,http://snomed.info/id/105590001,skos:relatedMatch,0.40,sty_fallback:Organic Chemical,C037178,105590001,Substance,4,chemical,BioRED
http://id.nlm.nih.gov/mesh/C038192,http://snomed.info/id/395756007,skos:closeMatch,0.90,shared_cui,C038192,395756007,Iopromide,4,chemical,"BC5CDR,BioRED"
http://id.nlm.nih.gov/mesh/C057619,http://snomed.info/id/386966003,skos:closeMatch,0.90,shared_cui,C057619,386966003,Glimepiride,4,chemical,"BC5CDR,BioRED"
http://id.nlm.nih.gov/mesh/C061282,http://snomed.info/id/35431001,skos:broadMatch,0.65,mrrel_rb,C061282,35431001,Adenosine,4,chemical,BC5CDR
http://id.nlm.nih.gov/mesh/C065046,http://snomed.info/id/783923008,skos:broadMatch,0.65,mrrel_rb,C065046,783923008,Serotonin receptor agonist,4,chemical,BC5CDR
http://id.nlm.nih.gov/mesh/C067411,http://snomed.info/id/105590001,skos:relatedMatch,0.40,sty_fallback:Organic Chemical,C067411,105590001,Substance,4,chemical,BC5CDR
http://id.nlm.nih.gov/mesh/C072959,http://snomed.info/id/105590001,skos:relatedMatch,0.40,sty_fallback:Organic Chemical,C072959,105590001,Substance,4,chemical,BC5CDR
http://id.nlm.nih.gov/mesh/C084820,http://snomed.info/id/52850008,skos:closeMatch,0.90,shared_cui,C084820,52850008,Profenamine,4,chemical,BC5CDR
http://id.nlm.nih.gov/mesh/C085788,http://snomed.info/id/396065004,skos:broadMatch,0.65,mrrel_rb,C085788,396065004,Leucovorin,4,chemical,BC5CDR
http://id.nlm.nih.gov/mesh/C093337,http://snomed.info/id/105590001,skos:relatedMatch,0.40,sty_fallback:Organic Chemical,C093337,105590001,Substance,4,chemical,BC5CDR
http://id.nlm.nih.gov/mesh/C105051,http://snomed.info/id/105590001,skos:relatedMatch,0.40,sty_fallback:Organic Chemical,C105051,105590001,Substance,4,chemical,BC5CDR
http://id.nlm.nih.gov/mesh/C106487,http://snomed.info/id/71818000,skos:broadMatch,0.65,mrrel_rb,C106487,71818000,Herbicide,4,chemical,BC5CDR
http://id.nlm.nih.gov/mesh/C109794,http://snomed.info/id/407060002,skos:closeMatch,0.90,shared_cui,C109794,407060002,Pro-brain natriuretic peptide,4,chemical,"BC5CDR,BioRED"
http://id.nlm.nih.gov/mesh/C416545,http://snomed.info/id/105590001,skos:relatedMatch,0.40,sty_fallback:Organic Chemical,C416545,105590001,Substance,4,chemical,BC5CDR
http://id.nlm.nih.gov/mesh/C434926,http://snomed.info/id/373704008,skos:broadMatch,0.65,mrrel_rb,C434926,373704008,Phenanthrene derivative,4,chemical,BC5CDR
http://id.nlm.nih.gov/mesh/C485184,http://snomed.info/id/105590001,skos:relatedMatch,0.40,"sty_fallback:Amino Acid, Peptide, or Protein",C485184,105590001,Substance,4,chemical,BioRED
http://id.nlm.nih.gov/mesh/C535648,http://snomed.info/id/276811008,skos:closeMatch,0.90,shared_cui,C535648,276811008,Gastric lymphoma,4,disease,"BC5CDR,BioRED"
http://id.nlm.nih.gov/mesh/C535700,http://snomed.info/id/89623007,skos:closeMatch,0.90,shared_cui,C535700,89623007,"Mesenchymoma, malignant",4,disease,BC5CDR
http://id.nlm.nih.gov/mesh/C535741,http://snomed.info/id/709412006,skos:closeMatch,0.90,shared_cui,C535741,709412006,Congenital disorder of glycosylation type 1c,4,disease,BioRED
http://id.nlm.nih.gov/mesh/C536293,http://snomed.info/id/716997004,skos:closeMatch,0.90,shared_cui,C536293,716997004,Joubert syndrome,4,disease,BioRED
http://id.nlm.nih.gov/mesh/C536353,http://snomed.info/id/237985009,skos:closeMatch,0.90,shared_cui,C536353,237985009,Pearson's syndrome,4,disease,BioRED
http://id.nlm.nih.gov/mesh/C537775,http://snomed.info/id/65075004,skos:closeMatch,0.90,shared_cui,C537775,65075004,Irido-corneal dysgenesis,4,disease,BioRED
http://id.nlm.nih.gov/mesh/C538049,http://snomed.info/id/715527006,skos:closeMatch,0.90,shared_cui,C538049,715527006,Deafness and oligodontia syndrome,4,disease,BioRED
http://id.nlm.nih.gov/mesh/C538287,http://snomed.info/id/722382006,skos:closeMatch,0.90,shared_cui,C538287,722382006,Cataract and microcornea syndrome,4,disease,BioRED
http://id.nlm.nih.gov/mesh/C562385,http://snomed.info/id/722005000,skos:closeMatch,0.90,shared_cui,C562385,722005000,Iron-refractory iron deficiency anemia,4,disease,BioRED
http://id.nlm.nih.gov/mesh/C563786,http://snomed.info/id/34486009,skos:broadMatch,0.65,mrrel_rb,C563786,34486009,Hyperthyroidism,4,disease,BioRED
http://id.nlm.nih.gov/mesh/C563856,http://snomed.info/id/711157000,skos:closeMatch,0.90,shared_cui,C563856,711157000,Sudden infant death with dysgenesis of testes syndrome,4,disease,BioRED
http://id.nlm.nih.gov/mesh/C564766,http://snomed.info/id/190268003,skos:broadMatch,0.65,mrrel_rb,C564766,190268003,Congenital hypothyroidism,4,disease,BioRED
http://id.nlm.nih.gov/mesh/C565128,http://snomed.info/id/709414007,skos:closeMatch,0.90,shared_cui,C565128,709414007,Deficiency of mitochondrial complex III,4,disease,BioRED
http://id.nlm.nih.gov/mesh/C565137,http://snomed.info/id/193570009,skos:broadMatch,0.65,mrrel_rb,C565137,193570009,Cataract,4,disease,BioRED
http://id.nlm.nih.gov/mesh/C580039,http://snomed.info/id/783734000,skos:closeMatch,0.90,shared_cui,C580039,783734000,"Mitochondrial DNA depletion syndrome, hepatocerebral form due to DGUOK deficiency",4,disease,BioRED
http://id.nlm.nih.gov/mesh/D000100,http://snomed.info/id/32836007,skos:closeMatch,0.90,shared_cui,D000100,32836007,Acetrizoate sodium,4,chemical,BC5CDR
http://id.nlm.nih.gov/mesh/D000130,http://snomed.info/id/86268005,skos:closeMatch,0.90,shared_cui,D000130,86268005,Achondroplasia,4,disease,BioRED
http://id.nlm.nih.gov/mesh/D000312,http://snomed.info/id/237751000,skos:closeMatch,0.90,shared_cui,D000312,237751000,Congenital adrenal hyperplasia,4,disease,BioRED
http://id.nlm.nih.gov/mesh/D000319,http://snomed.info/id/373254001,skos:closeMatch,0.90,shared_cui,D000319,373254001,Beta adrenergic receptor antagonist,4,chemical,BC5CDR
http://id.nlm.nih.gov/mesh/D000324,http://snomed.info/id/40789008,skos:closeMatch,0.90,shared_cui,D000324,40789008,Adrenocorticotropic hormone,4,chemical,BC5CDR
http://id.nlm.nih.gov/mesh/D000644,http://snomed.info/id/301712000,skos:closeMatch,0.90,shared_cui,D000644,301712000,Quaternary ammonium compound,4,chemical,BC5CDR
http://id.nlm.nih.gov/mesh/D000777,http://snomed.info/id/373266007,skos:closeMatch,0.90,shared_cui,D000777,373266007,Anesthetic,4,chemical,BioRED
http://id.nlm.nih.gov/mesh/D000880,http://snomed.info/id/783776008,skos:narrowMatch,0.55,mrrel_rn,D000880,783776008,Rhein,4,chemical,"BC5CDR,BioRED"
http://id.nlm.nih.gov/mesh/D000987,http://snomed.info/id/60814007,skos:closeMatch,0.90,shared_cui,D000987,60814007,Antisocial behavior,4,disease,BC5CDR
http://id.nlm.nih.gov/mesh/D001030,http://snomed.info/id/105590001,skos:relatedMatch,0.40,"sty_fallback:Amino Acid, Peptide, or Protein",D001030,105590001,Substance,4,chemical,"BC5CDR,BioRED"
http://id.nlm.nih.gov/mesh/D001176,http://snomed.info/id/205402004,skos:closeMatch,0.90,shared_cui,D001176,205402004,Arthrogryposis multiplex congenita,4,disease,"BC5CDR,BioRED"
http://id.nlm.nih.gov/mesh/D001279,http://snomed.info/id/372835000,skos:closeMatch,0.90,shared_cui,D001279,372835000,Atracurium,4,chemical,BC5CDR
http://id.nlm.nih.gov/mesh/D001847,http://snomed.info/id/76069003,skos:closeMatch,0.90,shared_cui,D001847,76069003,Disorder of bone,4,disease,BioRED
http://id.nlm.nih.gov/mesh/D002096,http://snomed.info/id/39973008,skos:closeMatch,0.90,shared_cui,D002096,39973008,C-peptide,4,chemical,BioRED
http://id.nlm.nih.gov/mesh/D002137,http://snomed.info/id/56381008,skos:closeMatch,0.90,shared_cui,D002137,56381008,Calculus,4,disease,"BC5CDR,BioRED"
http://id.nlm.nih.gov/mesh/D002389,http://snomed.info/id/247917007,skos:closeMatch,0.90,shared_cui,D002389,247917007,Catatonia,4,disease,BC5CDR
http://id.nlm.nih.gov/mesh/D002506,http://snomed.info/id/387304003,skos:closeMatch,0.90,shared_cui,D002506,387304003,Cephalexin,4,chemical,BC5CDR
http://id.nlm.nih.gov/mesh/D002583,http://snomed.info/id/123841004,skos:closeMatch,0.90,shared_cui,D002583,123841004,Neoplasm of uterine cervix,4,disease,BC5CDR
http://id.nlm.nih.gov/mesh/D002653,http://snomed.info/id/39465007,skos:narrowMatch,0.55,mrrel_rn,D002653,39465007,Psychosocial dwarfism,4,disease,BC5CDR
http://id.nlm.nih.gov/mesh/D002747,http://snomed.info/id/386991003,skos:closeMatch,0.90,shared_cui,D002747,386991003,Chlorpropamide,4,chemical,BC5CDR
http://id.nlm.nih.gov/mesh/D002780,http://snomed.info/id/4637005,skos:closeMatch,0.90,shared_cui,D002780,4637005,Intrahepatic cholestasis,4,disease,BC5CDR
http://id.nlm.nih.gov/mesh/D003061,http://snomed.info/id/387494007,skos:closeMatch,0.90,shared_cui,D003061,387494007,Codeine,4,chemical,BC5CDR
http://id.nlm.nih.gov/mesh/D003093,http://snomed.info/id/64766004,skos:closeMatch,0.90,shared_cui,D003093,64766004,Ulcerative colitis,4,disease,"BC5CDR,BioRED"
http://id.nlm.nih.gov/mesh/D003103,http://snomed.info/id/93390002,skos:closeMatch,0.90,shared_cui,D003103,93390002,Coloboma of eye,4,disease,BioRED
http://id.nlm.nih.gov/mesh/D003286,http://snomed.info/id/57048009,skos:closeMatch,0.90,shared_cui,D003286,57048009,Contracture,4,disease,"BC5CDR,BioRED"
http://id.nlm.nih.gov/mesh/D003300,http://snomed.info/id/66925006,skos:closeMatch,0.90,shared_cui,D003300,66925006,Copper,4,chemical,BC5CDR
http://id.nlm.nih.gov/mesh/D003328,http://snomed.info/id/398274000,skos:closeMatch,0.90,shared_cui,D003328,398274000,Coronary artery thrombosis,4,disease,BC5CDR
http://id.nlm.nih.gov/mesh/D003389,http://snomed.info/id/73013002,skos:closeMatch,0.90,shared_cui,D003389,73013002,Cranial nerve disorder,4,disease,BC5CDR
http://id.nlm.nih.gov/mesh/D003606,http://snomed.info/id/387441003,skos:closeMatch,0.90,shared_cui,D003606,387441003,Dacarbazine,4,chemical,BC5CDR
http://id.nlm.nih.gov/mesh/D003680,http://snomed.info/id/40739000,skos:closeMatch,0.90,shared_cui,D003680,40739000,Dysphagia,4,disease,BC5CDR
http://id.nlm.nih.gov/mesh/D003731,http://snomed.info/id/80967001,skos:closeMatch,0.90,shared_cui,D003731,80967001,Dental caries,4,disease,"BC5CDR,BioRED"
http://id.nlm.nih.gov/mesh/D004041,http://snomed.info/id/762894007,skos:closeMatch,0.90,shared_cui,D004041,762894007,Dietary fat,4,chemical,"BC5CDR,BioRED"
http://id.nlm.nih.gov/mesh/D004049,http://snomed.info/id/387340001,skos:closeMatch,0.90,shared_cui,D004049,387340001,Diethylcarbamazine,4,chemical,BC5CDR
http://id.nlm.nih.gov/mesh/D004232,http://snomed.info/id/372695000,skos:closeMatch,0.90,shared_cui,D004232,372695000,Diuretic,4,chemical,BC5CDR
http://id.nlm.nih.gov/mesh/D004401,http://snomed.info/id/8011004,skos:closeMatch,0.90,shared_cui,D004401,8011004,Dysarthria,4,disease,BC5CDR
http://id.nlm.nih.gov/mesh/D004408,http://snomed.info/id/271801002,skos:closeMatch,0.90,shared_cui,D004408,271801002,Taste sense altered,4,disease,BC5CDR
http://id.nlm.nih.gov/mesh/D004660,http://snomed.info/id/45170000,skos:closeMatch,0.90,shared_cui,D004660,45170000,Encephalitis,4,disease,BC5CDR
http://id.nlm.nih.gov/mesh/D004696,http://snomed.info/id/56819008,skos:closeMatch,0.93,shared_cui_strict,D004696,56819008,Endocarditis,4,disease,BC5CDR
http://id.nlm.nih.gov/mesh/D004714,http://snomed.info/id/237072009,skos:closeMatch,0.90,shared_cui,D004714,237072009,Endometrial hyperplasia,4,disease,BC5CDR
http://id.nlm.nih.gov/mesh/D004872,http://snomed.info/id/23433006,skos:closeMatch,0.90,shared_cui,D004872,23433006,Ergocalciferol,4,chemical,"BC5CDR,BioRED"
http://id.nlm.nih.gov/mesh/D004874,http://snomed.info/id/126071000,skos:closeMatch,0.90,shared_cui,D004874,126071000,Ergonovine,4,chemical,"BC5CDR,BioRED"
http://id.nlm.nih.gov/mesh/D005166,http://snomed.info/id/88776002,skos:closeMatch,0.90,shared_cui,D005166,88776002,Hereditary factor V deficiency disease,4,disease,BioRED
http://id.nlm.nih.gov/mesh/D005230,http://snomed.info/id/259582002,skos:closeMatch,0.90,shared_cui,D005230,259582002,Unesterified fatty acid,4,chemical,BioRED
http://id.nlm.nih.gov/mesh/D005476,http://snomed.info/id/372730004,skos:closeMatch,0.90,shared_cui,D005476,372730004,Fluphenazine,4,chemical,BC5CDR
http://id.nlm.nih.gov/mesh/D005693,http://snomed.info/id/190745006,skos:closeMatch,0.90,shared_cui,D005693,190745006,Galactosemia,4,disease,BioRED
http://id.nlm.nih.gov/mesh/D005768,http://snomed.info/id/31055005,skos:closeMatch,0.90,shared_cui,D005768,31055005,Gastrointestinal hormone,4,chemical,BioRED
http://id.nlm.nih.gov/mesh/D005907,http://snomed.info/id/395731001,skos:closeMatch,0.90,shared_cui,D005907,395731001,Gliclazide,4,chemical,"BC5CDR,BioRED"
http://id.nlm.nih.gov/mesh/D005913,http://snomed.info/id/387143009,skos:closeMatch,0.90,shared_cui,D005913,387143009,Glipizide,4,chemical,"BC5CDR,BioRED"
http://id.nlm.nih.gov/mesh/D005997,http://snomed.info/id/713657006,skos:closeMatch,0.90,shared_cui,D005997,713657006,Glycerophosphocholine,4,chemical,BC5CDR
http://id.nlm.nih.gov/mesh/D006160,http://snomed.info/id/91262008,skos:closeMatch,0.93,shared_cui_strict,D006160,91262008,Guanosine triphosphate,4,chemical,BioRED
http://id.nlm.nih.gov/mesh/D006423,http://snomed.info/id/77674003,skos:closeMatch,0.90,shared_cui,D006423,77674003,Hemianopia,4,disease,"BC5CDR,BioRED"
http://id.nlm.nih.gov/mesh/D006530,http://snomed.info/id/51292008,skos:closeMatch,0.93,shared_cui_strict,D006530,51292008,Hepatorenal syndrome,4,disease,"BC5CDR,BioRED"
http://id.nlm.nih.gov/mesh/D006585,http://snomed.info/id/387385000,skos:closeMatch,0.90,shared_cui,D006585,387385000,Altretamine,4,chemical,BC5CDR
http://id.nlm.nih.gov/mesh/D006849,http://snomed.info/id/230745008,skos:closeMatch,0.90,shared_cui,D006849,230745008,Hydrocephalus,4,disease,"BC5CDR,BioRED"
http://id.nlm.nih.gov/mesh/D006932,http://snomed.info/id/14783006,skos:closeMatch,0.90,shared_cui,D006932,14783006,Hyperbilirubinemia,4,disease,BC5CDR
http://id.nlm.nih.gov/mesh/D006935,http://snomed.info/id/29596007,skos:closeMatch,0.93,shared_cui_strict,D006935,29596007,Hypercapnia,4,disease,BC5CDR
http://id.nlm.nih.gov/mesh/D006956,http://snomed.info/id/38101003,skos:closeMatch,0.90,shared_cui,D006956,38101003,Hypermetropia,4,disease,BioRED
http://id.nlm.nih.gov/mesh/D006967,http://snomed.info/id/419076005,skos:closeMatch,0.90,shared_cui,D006967,419076005,Allergic reaction,4,disease,BioRED
http://id.nlm.nih.gov/mesh/D006985,http://snomed.info/id/68978004,skos:closeMatch,0.90,shared_cui,D006985,68978004,Hyperventilation,4,disease,"BC5CDR,BioRED"
http://id.nlm.nih.gov/mesh/D006994,http://snomed.info/id/60086000,skos:closeMatch,0.90,shared_cui,D006994,60086000,Aldosterone deficiency,4,disease,BC5CDR
http://id.nlm.nih.gov/mesh/D007319,http://snomed.info/id/193462001,skos:closeMatch,0.90,shared_cui,D007319,193462001,Insomnia,4,disease,"BC5CDR,BioRED"
http://id.nlm.nih.gov/mesh/D007464,http://snomed.info/id/387291001,skos:closeMatch,0.90,shared_cui,D007464,387291001,Clioquinol,4,chemical,BC5CDR
http://id.nlm.nih.gov/mesh/D007669,http://snomed.info/id/386103008,skos:closeMatch,0.90,shared_cui,D007669,386103008,Renal stone,4,disease,BC5CDR
http://id.nlm.nih.gov/mesh/D008078,http://snomed.info/id/102739008,skos:closeMatch,0.90,shared_cui,D008078,102739008,LDL cholesterol,4,chemical,BioRED
http://id.nlm.nih.gov/mesh/D008258,http://snomed.info/id/190817009,skos:closeMatch,0.90,shared_cui,D008258,190817009,Macroglobulinemia,4,disease,"BC5CDR,BioRED"
http://id.nlm.nih.gov/mesh/D008466,http://snomed.info/id/372692002,skos:closeMatch,0.90,shared_cui,D008466,372692002,Mechlorethamine,4,chemical,BC5CDR
http://id.nlm.nih.gov/mesh/D008595,http://snomed.info/id/386692008,skos:closeMatch,0.90,shared_cui,D008595,386692008,Menorrhagia,4,disease,BC5CDR
http://id.nlm.nih.gov/mesh/D008755,http://snomed.info/id/126074008,skos:closeMatch,0.90,shared_cui,D008755,126074008,Methylergonovine,4,chemical,BC5CDR
http://id.nlm.nih.gov/mesh/D008901,http://snomed.info/id/83692001,skos:closeMatch,0.90,shared_cui,D008901,83692001,Mineralocorticoid-containing product,4,chemical,BioRED
http://id.nlm.nih.gov/mesh/D008911,http://snomed.info/id/372653009,skos:closeMatch,0.90,shared_cui,D008911,372653009,Minocycline,4,chemical,BC5CDR
http://id.nlm.nih.gov/mesh/D009120,http://snomed.info/id/55300003,skos:closeMatch,0.90,shared_cui,D009120,55300003,Cramp,4,disease,"BC5CDR,BioRED"
http://id.nlm.nih.gov/mesh/D009123,http://snomed.info/id/397488002,skos:closeMatch,0.90,shared_cui,D009123,397488002,Flaccidity,4,disease,"BC5CDR,BioRED"
http://id.nlm.nih.gov/mesh/D009181,http://snomed.info/id/3218000,skos:closeMatch,0.90,shared_cui,D009181,3218000,Mycosis,4,disease,"BC5CDR,BioRED"
http://id.nlm.nih.gov/mesh/D009212,http://snomed.info/id/48165008,skos:closeMatch,0.90,shared_cui,D009212,48165008,Myoglobinuria,4,disease,"BC5CDR,BioRED"
http://id.nlm.nih.gov/mesh/D009221,http://snomed.info/id/44551007,skos:closeMatch,0.90,shared_cui,D009221,44551007,Muscular ossification,4,disease,BioRED
http://id.nlm.nih.gov/mesh/D009243,http://snomed.info/id/131143000,skos:closeMatch,0.90,shared_cui,D009243,131143000,Nicotinamide adenine dinucleotide,4,chemical,BC5CDR
http://id.nlm.nih.gov/mesh/D009393,http://snomed.info/id/52845002,skos:closeMatch,0.90,shared_cui,D009393,52845002,Nephritis,4,disease,"BC5CDR,BioRED"
http://id.nlm.nih.gov/mesh/D009396,http://snomed.info/id/25081006,skos:closeMatch,0.90,shared_cui,D009396,25081006,Nephroblastoma,4,disease,BC5CDR
http://id.nlm.nih.gov/mesh/D009506,http://snomed.info/id/51697005,skos:closeMatch,0.90,shared_cui,D009506,51697005,Skin mole,4,disease,BioRED
http://id.nlm.nih.gov/mesh/D009566,http://snomed.info/id/89119000,skos:closeMatch,0.90,shared_cui,D009566,89119000,Nitrate salt,4,chemical,"BC5CDR,BioRED"
http://id.nlm.nih.gov/mesh/D009846,http://snomed.info/id/83128009,skos:closeMatch,0.90,shared_cui,D009846,83128009,Oliguria,4,disease,BC5CDR
http://id.nlm.nih.gov/mesh/D010195,http://snomed.info/id/75694006,skos:closeMatch,0.90,shared_cui,D010195,75694006,Pancreatitis,4,disease,"BC5CDR,BioRED"
http://id.nlm.nih.gov/mesh/D010211,http://snomed.info/id/6141006,skos:closeMatch,0.90,shared_cui,D010211,6141006,Retinal edema,4,disease,"BC5CDR,BioRED"
http://id.nlm.nih.gov/mesh/D010212,http://snomed.info/id/711329002,skos:closeMatch,0.90,shared_cui,D010212,711329002,Papilloma,4,disease,"BC5CDR,BioRED"
http://id.nlm.nih.gov/mesh/D010386,http://snomed.info/id/126644004,skos:closeMatch,0.90,shared_cui,D010386,126644004,Neoplasm of pelvis,4,disease,BC5CDR
http://id.nlm.nih.gov/mesh/D010622,http://snomed.info/id/9721008,skos:closeMatch,0.90,shared_cui,D010622,9721008,Phencyclidine,4,chemical,"BC5CDR,BioRED"
http://id.nlm.nih.gov/mesh/D010646,http://snomed.info/id/372863003,skos:closeMatch,0.90,shared_cui,D010646,372863003,Phentolamine,4,chemical,BC5CDR
http://id.nlm.nih.gov/mesh/D011317,http://snomed.info/id/6273006,skos:closeMatch,0.90,shared_cui,D011317,6273006,Priapism,4,disease,BC5CDR
http://id.nlm.nih.gov/mesh/D011405,http://snomed.info/id/372910007,skos:closeMatch,0.90,shared_cui,D011405,372910007,Propafenone,4,chemical,BC5CDR
http://id.nlm.nih.gov/mesh/D012004,http://snomed.info/id/126847008,skos:closeMatch,0.90,shared_cui,D012004,126847008,Neoplasm of rectum,4,disease,BioRED
http://id.nlm.nih.gov/mesh/D012010,http://snomed.info/id/50715003,skos:closeMatch,0.90,shared_cui,D012010,50715003,Pure red cell aplasia,4,disease,BC5CDR
http://id.nlm.nih.gov/mesh/D012310,http://snomed.info/id/31827005,skos:closeMatch,0.90,shared_cui,D012310,31827005,Ristocetin,4,chemical,BioRED
http://id.nlm.nih.gov/mesh/D012393,http://snomed.info/id/398909004,skos:closeMatch,0.90,shared_cui,D012393,398909004,Rosacea,4,disease,BC5CDR
http://id.nlm.nih.gov/mesh/D012459,http://snomed.info/id/255637000,skos:closeMatch,0.90,shared_cui,D012459,255637000,Salicylate,4,chemical,BC5CDR
http://id.nlm.nih.gov/mesh/D012770,http://snomed.info/id/89138009,skos:closeMatch,0.90,shared_cui,D012770,89138009,Cardiogenic shock,4,disease,"BC5CDR,BioRED"
http://id.nlm.nih.gov/mesh/D012798,http://snomed.info/id/53827007,skos:closeMatch,0.90,shared_cui,D012798,53827007,Excessive salivation,4,disease,BC5CDR
http://id.nlm.nih.gov/mesh/D013375,http://snomed.info/id/720822008,skos:closeMatch,0.90,shared_cui,D013375,720822008,Withdrawal symptom,4,disease,BC5CDR
http://id.nlm.nih.gov/mesh/D013395,http://snomed.info/id/11320009,skos:closeMatch,0.90,shared_cui,D013395,11320009,Sucrose,4,chemical,BC5CDR
http://id.nlm.nih.gov/mesh/D013411,http://snomed.info/id/74523009,skos:closeMatch,0.90,shared_cui,D013411,74523009,Sulfadiazine,4,chemical,BC5CDR
http://id.nlm.nih.gov/mesh/D013611,http://snomed.info/id/233896004,skos:closeMatch,0.90,shared_cui,D013611,233896004,Re-entrant atrioventricular node tachycardia,4,disease,BC5CDR
http://id.nlm.nih.gov/mesh/D013929,http://snomed.info/id/18298003,skos:closeMatch,0.90,shared_cui,D013929,18298003,Thromboxane B>2<,4,chemical,"BC5CDR,BioRED"
http://id.nlm.nih.gov/mesh/D014217,http://snomed.info/id/64130008,skos:closeMatch,0.90,shared_cui,D014217,64130008,Troleandomycin,4,chemical,BC5CDR
http://id.nlm.nih.gov/mesh/D014223,http://snomed.info/id/387053007,skos:closeMatch,0.90,shared_cui,D014223,387053007,Triamterene,4,chemical,BC5CDR
http://id.nlm.nih.gov/mesh/D014229,http://snomed.info/id/386984001,skos:closeMatch,0.90,shared_cui,D014229,386984001,Triazolam,4,chemical,BC5CDR
http://id.nlm.nih.gov/mesh/D014316,http://snomed.info/id/16082008,skos:closeMatch,0.93,shared_cui_strict,D014316,16082008,Tritium,4,chemical,BioRED
http://id.nlm.nih.gov/mesh/D014397,http://snomed.info/id/154283005,skos:closeMatch,0.90,shared_cui,D014397,154283005,Pulmonary tuberculosis,4,disease,BC5CDR
http://id.nlm.nih.gov/mesh/D014766,http://snomed.info/id/2528003,skos:closeMatch,0.90,shared_cui,D014766,2528003,Viremia,4,disease,"BC5CDR,BioRED"
http://id.nlm.nih.gov/mesh/D014869,http://snomed.info/id/71785001,skos:closeMatch,0.90,shared_cui,D014869,71785001,Water intoxication syndrome,4,disease,BC5CDR
http://id.nlm.nih.gov/mesh/D015032,http://snomed.info/id/86739005,skos:closeMatch,0.90,shared_cui,D015032,86739005,Zinc,4,chemical,"BC5CDR,BioRED"
http://id.nlm.nih.gov/mesh/D015248,http://snomed.info/id/387189002,skos:closeMatch,0.90,shared_cui,D015248,387189002,Gemfibrozil,4,chemical,BC5CDR
http://id.nlm.nih.gov/mesh/D015320,http://snomed.info/id/105590001,skos:relatedMatch,0.40,"sty_fallback:Amino Acid, Peptide, or Protein",D015320,105590001,Substance,4,chemical,BC5CDR
http://id.nlm.nih.gov/mesh/D015458,http://snomed.info/id/723410002,skos:narrowMatch,0.55,mrrel_rn,D015458,723410002,N syndrome,4,disease,"BC5CDR,BioRED"
http://id.nlm.nih.gov/mesh/D015544,http://snomed.info/id/105590001,skos:relatedMatch,0.40,sty_fallback:Organic Chemical,D015544,105590001,Substance,4,chemical,BioRED
http://id.nlm.nih.gov/mesh/D015774,http://snomed.info/id/372848001,skos:closeMatch,0.90,shared_cui,D015774,372848001,Ganciclovir,4,chemical,"BC5CDR,BioRED"
http://id.nlm.nih.gov/mesh/D016399,http://snomed.info/id/109978004,skos:closeMatch,0.90,shared_cui,D016399,109978004,T-cell lymphoma (clinical),4,disease,"BC5CDR,BioRED"
http://id.nlm.nih.gov/mesh/D017364,http://snomed.info/id/772213007,skos:closeMatch,0.90,shared_cui,D017364,772213007,Collagenase,4,chemical,BioRED
http://id.nlm.nih.gov/mesh/D017542,http://snomed.info/id/22039006,skos:closeMatch,0.90,shared_cui,D017542,22039006,Ruptured aneurysm,4,disease,BC5CDR
http://id.nlm.nih.gov/mesh/D017665,http://snomed.info/id/105590001,skos:relatedMatch,0.40,sty_fallback:Inorganic Chemical,D017665,105590001,Substance,4,chemical,"BC5CDR,BioRED"
http://id.nlm.nih.gov/mesh/D017695,http://snomed.info/id/282026002,skos:closeMatch,0.90,shared_cui,D017695,282026002,Injury of soft tissue,4,disease,"BC5CDR,BioRED"
http://id.nlm.nih.gov/mesh/D018226,http://snomed.info/id/65877006,skos:closeMatch,0.90,shared_cui,D018226,65877006,Fibroadenoma,4,disease,BioRED
http://id.nlm.nih.gov/mesh/D019115,http://snomed.info/id/52486002,skos:closeMatch,0.90,shared_cui,D019115,52486002,Necrotizing fasciitis,4,disease,"BC5CDR,BioRED"
http://id.nlm.nih.gov/mesh/D019257,http://snomed.info/id/418222008,skos:broadMatch,0.65,mrrel_rb,D019257,418222008,Dopamine receptor agonist,4,chemical,BC5CDR
http://id.nlm.nih.gov/mesh/D019345,http://snomed.info/id/395952003,skos:closeMatch,0.90,shared_cui,D019345,395952003,Zinc acetate,4,chemical,BC5CDR
http://id.nlm.nih.gov/mesh/D019465,http://snomed.info/id/1230021007,skos:narrowMatch,0.55,mrrel_rn,D019465,1230021007,Frontorhiny,4,disease,BioRED
http://id.nlm.nih.gov/mesh/D019772,http://snomed.info/id/372536007,skos:closeMatch,0.90,shared_cui,D019772,372536007,Topotecan,4,chemical,BC5CDR
http://id.nlm.nih.gov/mesh/D019965,http://snomed.info/id/280949006,skos:closeMatch,0.90,shared_cui,D019965,280949006,Erotomania,4,disease,BC5CDR
http://id.nlm.nih.gov/mesh/D019980,http://snomed.info/id/734844004,skos:closeMatch,0.90,shared_cui,D019980,734844004,Amoxicillin- and clavulanic acid-containing product,4,chemical,BC5CDR
http://id.nlm.nih.gov/mesh/D020105,http://snomed.info/id/373441005,skos:closeMatch,0.90,shared_cui,D020105,373441005,Milrinone,4,chemical,BC5CDR
http://id.nlm.nih.gov/mesh/D020372,http://snomed.info/id/412366002,skos:closeMatch,0.90,shared_cui,D020372,412366002,Dexfenfluramine,4,chemical,BC5CDR
http://id.nlm.nih.gov/mesh/D020821,http://snomed.info/id/15802004,skos:closeMatch,0.90,shared_cui,D020821,15802004,Dystonia,4,disease,BC5CDR
http://id.nlm.nih.gov/mesh/D020879,http://snomed.info/id/404684003,skos:relatedMatch,0.40,sty_fallback:Sign or Symptom,D020879,404684003,Clinical finding,4,disease,BC5CDR
http://id.nlm.nih.gov/mesh/D020968,http://snomed.info/id/72893007,skos:closeMatch,0.90,shared_cui,D020968,72893007,Brachial neuritis,4,disease,"BC5CDR,BioRED"
http://id.nlm.nih.gov/mesh/D024741,http://snomed.info/id/83978005,skos:closeMatch,0.90,shared_cui,D024741,83978005,Primary familial hypertrophic cardiomyopathy,4,disease,BioRED
http://id.nlm.nih.gov/mesh/D024841,http://snomed.info/id/838284008,skos:closeMatch,0.90,shared_cui,D024841,838284008,Fluoroquinolone,4,chemical,"BC5CDR,BioRED"
http://id.nlm.nih.gov/mesh/D036145,http://snomed.info/id/105590001,skos:relatedMatch,0.40,sty_fallback:Organic Chemical,D036145,105590001,Substance,4,chemical,"BC5CDR,BioRED"
http://id.nlm.nih.gov/mesh/D041781,http://snomed.info/id/44018007,skos:closeMatch,0.90,shared_cui,D041781,44018007,Cholestatic jaundice syndrome,4,disease,BC5CDR
http://id.nlm.nih.gov/mesh/D043343,http://snomed.info/id/96338002,skos:closeMatch,0.90,shared_cui,D043343,96338002,Testosterone propionate,4,chemical,BC5CDR
http://id.nlm.nih.gov/mesh/D044342,http://snomed.info/id/248325000,skos:closeMatch,0.90,shared_cui,D044342,248325000,Undernourished,4,disease,"BC5CDR,BioRED"
http://id.nlm.nih.gov/mesh/D045165,http://snomed.info/id/111151007,skos:closeMatch,0.90,shared_cui,D045165,111151007,Anabolic androgenic steroid,4,chemical,BioRED
http://id.nlm.nih.gov/mesh/D046150,http://snomed.info/id/38196001,skos:closeMatch,0.90,shared_cui,D046150,38196001,Laron-type isolated somatotropin defect,4,disease,BioRED
http://id.nlm.nih.gov/mesh/D047508,http://snomed.info/id/427044009,skos:closeMatch,0.90,shared_cui,D047508,427044009,Fulminant hepatitis,4,disease,BC5CDR
http://id.nlm.nih.gov/mesh/D053609,http://snomed.info/id/214264003,skos:closeMatch,0.90,shared_cui,D053609,214264003,Lethargy,4,disease,BC5CDR
http://id.nlm.nih.gov/mesh/D054058,http://snomed.info/id/394659003,skos:closeMatch,0.90,shared_cui,D054058,394659003,Acute coronary syndrome,4,disease,"BC5CDR,BioRED"
http://id.nlm.nih.gov/mesh/D055113,http://snomed.info/id/5689008,skos:closeMatch,0.90,shared_cui,D055113,5689008,Chronic periodontitis,4,disease,BioRED
http://id.nlm.nih.gov/mesh/D055154,http://snomed.info/id/16617009,skos:closeMatch,0.90,shared_cui,D055154,16617009,Dysphonia,4,disease,BC5CDR
http://id.nlm.nih.gov/mesh/D055371,http://snomed.info/id/315345002,skos:closeMatch,0.93,shared_cui_strict,D055371,315345002,Acute lung injury,4,disease,BioRED
http://id.nlm.nih.gov/mesh/D056988,http://snomed.info/id/54329005,skos:closeMatch,0.90,shared_cui,D056988,54329005,Acute myocardial infarction of anterior wall,4,disease,BC5CDR
http://id.nlm.nih.gov/mesh/D056989,http://snomed.info/id/73795002,skos:closeMatch,0.90,shared_cui,D056989,73795002,Acute myocardial infarction of inferior wall,4,disease,BC5CDR
http://id.nlm.nih.gov/mesh/D059350,http://snomed.info/id/82423001,skos:closeMatch,0.93,shared_cui_strict,D059350,82423001,Chronic pain,4,disease,BC5CDR
http://id.nlm.nih.gov/mesh/D065630,http://snomed.info/id/17190001,skos:closeMatch,0.90,shared_cui,D065630,17190001,Congenital diaphragmatic hernia,4,disease,BC5CDR
http://id.nlm.nih.gov/mesh/C004479,http://snomed.info/id/407312007,skos:broadMatch,0.65,mrrel_rb,C004479,407312007,Enzyme inhibitor,3,chemical,BC5CDR
http://id.nlm.nih.gov/mesh/C005177,http://snomed.info/id/418467003,skos:closeMatch,0.90,shared_cui,C005177,418467003,Benserazide- and levodopa-containing product,3,chemical,BC5CDR
http://id.nlm.nih.gov/mesh/C006753,http://snomed.info/id/12801003,skos:closeMatch,0.90,shared_cui,C006753,12801003,Iodamide meglumine,3,chemical,BC5CDR
http://id.nlm.nih.gov/mesh/C013741,http://snomed.info/id/105590001,skos:relatedMatch,0.40,sty_fallback:Organic Chemical,C013741,105590001,Substance,3,chemical,BC5CDR
http://id.nlm.nih.gov/mesh/C019269,http://snomed.info/id/713402004,skos:closeMatch,0.90,shared_cui,C019269,713402004,Benzylthiouracil,3,chemical,BC5CDR
http://id.nlm.nih.gov/mesh/C019529,http://snomed.info/id/52642002,skos:broadMatch,0.65,mrrel_rb,C019529,52642002,Peptide,3,chemical,BioRED
http://id.nlm.nih.gov/mesh/C023754,http://snomed.info/id/373440006,skos:closeMatch,0.90,shared_cui,C023754,373440006,Tizanidine,3,chemical,BC5CDR
http://id.nlm.nih.gov/mesh/C024986,http://snomed.info/id/50213009,skos:broadMatch,0.65,mrrel_rb,C024986,50213009,Chloride salt,3,chemical,BC5CDR
http://id.nlm.nih.gov/mesh/C027429,http://snomed.info/id/713481009,skos:closeMatch,0.90,shared_cui,C027429,713481009,Veralipride,3,chemical,BC5CDR
http://id.nlm.nih.gov/mesh/C029992,http://snomed.info/id/61299002,skos:broadMatch,0.65,mrrel_rb,C029992,61299002,Enkephalin,3,chemical,BC5CDR
http://id.nlm.nih.gov/mesh/C030299,http://snomed.info/id/63133004,skos:closeMatch,0.90,shared_cui,C030299,63133004,Phenylhydrazine,3,chemical,BC5CDR
http://id.nlm.nih.gov/mesh/C031927,http://snomed.info/id/387422001,skos:closeMatch,0.90,shared_cui,C031927,387422001,Hydroquinone,3,chemical,BC5CDR
http://id.nlm.nih.gov/mesh/C032208,http://snomed.info/id/407312007,skos:broadMatch,0.65,mrrel_rb,C032208,407312007,Enzyme inhibitor,3,chemical,BC5CDR
http://id.nlm.nih.gov/mesh/C033273,http://snomed.info/id/395945000,skos:closeMatch,0.90,shared_cui,C033273,395945000,Gestodene,3,chemical,BC5CDR
http://id.nlm.nih.gov/mesh/C033457,http://snomed.info/id/372697008,skos:broadMatch,0.65,mrrel_rb,C033457,372697008,Quinidine,3,chemical,BC5CDR
http://id.nlm.nih.gov/mesh/C034221,http://snomed.info/id/14060003,skos:closeMatch,0.90,shared_cui,C034221,14060003,Catechol,3,chemical,BC5CDR
http://id.nlm.nih.gov/mesh/C034818,http://snomed.info/id/105590001,skos:relatedMatch,0.40,sty_fallback:Organic Chemical,C034818,105590001,Substance,3,chemical,BC5CDR
http://id.nlm.nih.gov/mesh/C034868,http://snomed.info/id/387318005,skos:broadMatch,0.65,mrrel_rb,C034868,387318005,Cisplatin,3,chemical,BC5CDR
http://id.nlm.nih.gov/mesh/C046308,http://snomed.info/id/105590001,skos:relatedMatch,0.40,sty_fallback:Organic Chemical,C046308,105590001,Substance,3,chemical,BC5CDR
http://id.nlm.nih.gov/mesh/C057837,http://snomed.info/id/75371004,skos:broadMatch,0.65,mrrel_rb,C057837,75371004,Theobromine,3,chemical,BC5CDR
http://id.nlm.nih.gov/mesh/C063968,http://snomed.info/id/372813008,skos:broadMatch,0.65,mrrel_rb,C063968,372813008,Antiarrhythmic agent,3,chemical,BC5CDR
http://id.nlm.nih.gov/mesh/C066192,http://snomed.info/id/39694009,skos:broadMatch,0.65,mrrel_rb,C066192,39694009,Kynurenic acid,3,chemical,BC5CDR
http://id.nlm.nih.gov/mesh/C067171,http://snomed.info/id/105590001,skos:relatedMatch,0.40,sty_fallback:Organic Chemical,C067171,105590001,Substance,3,chemical,BC5CDR
http://id.nlm.nih.gov/mesh/C071262,http://snomed.info/id/413639003,skos:broadMatch,0.65,mrrel_rb,C071262,413639003,Benzazepine,3,chemical,BC5CDR
http://id.nlm.nih.gov/mesh/C079415,http://snomed.info/id/424563009,skos:broadMatch,0.65,mrrel_rb,C079415,424563009,Benzopyran,3,chemical,BC5CDR
http://id.nlm.nih.gov/mesh/C084325,http://snomed.info/id/419361008,skos:broadMatch,0.65,mrrel_rb,C084325,419361008,Remoxipride,3,chemical,BC5CDR
http://id.nlm.nih.gov/mesh/C095756,http://snomed.info/id/414351004,skos:broadMatch,0.65,mrrel_rb,C095756,414351004,Glutamate receptor antagonist,3,chemical,BC5CDR
http://id.nlm.nih.gov/mesh/C097299,http://snomed.info/id/52541003,skos:broadMatch,0.65,mrrel_rb,C097299,52541003,Proline,3,chemical,BC5CDR
http://id.nlm.nih.gov/mesh/C097949,http://snomed.info/id/707019004,skos:closeMatch,0.90,shared_cui,C097949,707019004,"1,25-dihydroxyvitamin D",3,chemical,"BC5CDR,BioRED"
http://id.nlm.nih.gov/mesh/C112341,http://snomed.info/id/419361008,skos:broadMatch,0.65,mrrel_rb,C112341,419361008,Remoxipride,3,chemical,BC5CDR
http://id.nlm.nih.gov/mesh/C516667,http://snomed.info/id/443763005,skos:closeMatch,0.90,shared_cui,C516667,443763005,Pazopanib,3,chemical,BioRED
http://id.nlm.nih.gov/mesh/C536183,http://snomed.info/id/716699004,skos:closeMatch,0.90,shared_cui,C536183,716699004,Epidermolysis bullosa simplex due to plakophilin deficiency,3,disease,BioRED
http://id.nlm.nih.gov/mesh/C537884,http://snomed.info/id/204153003,skos:closeMatch,0.90,shared_cui,C537884,204153003,Irido-corneo-trabecular dysgenesis,3,disease,BioRED
http://id.nlm.nih.gov/mesh/C538191,http://snomed.info/id/237983002,skos:closeMatch,0.90,shared_cui,C538191,237983002,Fumarate hydratase deficiency,3,disease,BioRED
http://id.nlm.nih.gov/mesh/C544351,http://snomed.info/id/84438001,skos:closeMatch,0.90,shared_cui,C544351,84438001,Idiopathic orthostatic hypotension,3,disease,BC5CDR
http://id.nlm.nih.gov/mesh/C545373,http://snomed.info/id/703796003,skos:closeMatch,0.90,shared_cui,C545373,703796003,Ponatinib,3,chemical,BioRED
http://id.nlm.nih.gov/mesh/C545823,http://snomed.info/id/226911007,skos:broadMatch,0.65,mrrel_rb,C545823,226911007,Soybean oil,3,chemical,BioRED
http://id.nlm.nih.gov/mesh/C551803,http://snomed.info/id/710228002,skos:closeMatch,0.90,shared_cui,C551803,710228002,Ibrutinib,3,chemical,BioRED
http://id.nlm.nih.gov/mesh/C553185,http://snomed.info/id/105590001,skos:relatedMatch,0.40,"sty_fallback:Amino Acid, Peptide, or Protein",C553185,105590001,Substance,3,chemical,BioRED
http://id.nlm.nih.gov/mesh/C558899,http://snomed.info/id/134573001,skos:closeMatch,0.90,shared_cui,C558899,134573001,Lopinavir- and ritonavir-containing product,3,chemical,BC5CDR
http://id.nlm.nih.gov/mesh/C563867,http://snomed.info/id/724385009,skos:closeMatch,0.90,shared_cui,C563867,724385009,Growth delay due to insulin-like growth factor type 1 deficiency,3,disease,BioRED
http://id.nlm.nih.gov/mesh/C564609,http://snomed.info/id/60700002,skos:broadMatch,0.65,mrrel_rb,C564609,60700002,Sensorineural hearing loss,3,disease,BioRED
http://id.nlm.nih.gov/mesh/C565789,http://snomed.info/id/715829003,skos:closeMatch,0.90,shared_cui,C565789,715829003,Familial advanced sleep phase syndrome,3,disease,BioRED
http://id.nlm.nih.gov/mesh/C567134,http://snomed.info/id/60700002,skos:broadMatch,0.65,mrrel_rb,C567134,60700002,Sensorineural hearing loss,3,disease,BioRED
http://id.nlm.nih.gov/mesh/D000031,http://snomed.info/id/30260009,skos:closeMatch,0.90,shared_cui,D000031,30260009,Septic abortion,3,disease,BC5CDR
http://id.nlm.nih.gov/mesh/D000410,http://snomed.info/id/56935002,skos:closeMatch,0.90,shared_cui,D000410,56935002,Alanine aminotransferase,3,chemical,BioRED
http://id.nlm.nih.gov/mesh/D000471,http://snomed.info/id/21420006,skos:closeMatch,0.90,shared_cui,D000471,21420006,Alkalosis,3,disease,"BC5CDR,BioRED"
http://id.nlm.nih.gov/mesh/D000474,http://snomed.info/id/360378009,skos:closeMatch,0.90,shared_cui,D000474,360378009,"Homogentisate 1,2-dioxygenase deficiency",3,disease,BioRED
http://id.nlm.nih.gov/mesh/D000568,http://snomed.info/id/14302001,skos:closeMatch,0.90,shared_cui,D000568,14302001,Amenorrhea,3,disease,BC5CDR
http://id.nlm.nih.gov/mesh/D000662,http://snomed.info/id/373338002,skos:closeMatch,0.90,shared_cui,D000662,373338002,Amphetamine,3,chemical,BC5CDR
http://id.nlm.nih.gov/mesh/D000857,http://snomed.info/id/708673009,skos:closeMatch,0.90,shared_cui,D000857,708673009,Parosmia,3,disease,BC5CDR
http://id.nlm.nih.gov/mesh/D000961,http://snomed.info/id/66891005,skos:closeMatch,0.90,shared_cui,D000961,66891005,Cytotoxic antibody,3,chemical,BC5CDR
http://id.nlm.nih.gov/mesh/D001146,http://snomed.info/id/71792006,skos:closeMatch,0.90,shared_cui,D001146,71792006,Sinus arrhythmia,3,disease,BC5CDR
http://id.nlm.nih.gov/mesh/D001167,http://snomed.info/id/52089001,skos:closeMatch,0.90,shared_cui,D001167,52089001,Arteritis,3,disease,BC5CDR
http://id.nlm.nih.gov/mesh/D001416,http://snomed.info/id/161891005,skos:closeMatch,0.90,shared_cui,D001416,161891005,Backache,3,disease,BC5CDR
http://id.nlm.nih.gov/mesh/D001477,http://snomed.info/id/707742001,skos:closeMatch,0.90,shared_cui,D001477,707742001,Bartter syndrome,3,disease,BioRED
http://id.nlm.nih.gov/mesh/D001859,http://snomed.info/id/115239009,skos:closeMatch,0.90,shared_cui,D001859,115239009,Bone tumor,3,disease,"BC5CDR,BioRED"
http://id.nlm.nih.gov/mesh/D002180,http://snomed.info/id/79740000,skos:closeMatch,0.90,shared_cui,D002180,79740000,Candidiasis of mouth,3,disease,BC5CDR
http://id.nlm.nih.gov/mesh/D002228,http://snomed.info/id/372713001,skos:closeMatch,0.90,shared_cui,D002228,372713001,Carbenicillin,3,chemical,BC5CDR
http://id.nlm.nih.gov/mesh/D002243,http://snomed.info/id/116509006,skos:narrowMatch,0.55,mrrel_rn,D002243,116509006,Alosetron,3,chemical,BC5CDR
http://id.nlm.nih.gov/mesh/D002524,http://snomed.info/id/32566006,skos:closeMatch,0.90,shared_cui,D002524,32566006,Dysmetria,3,disease,"BC5CDR,BioRED"
http://id.nlm.nih.gov/mesh/D002534,http://snomed.info/id/389089009,skos:closeMatch,0.90,shared_cui,D002534,389089009,Anoxia of brain,3,disease,BC5CDR
http://id.nlm.nih.gov/mesh/D002561,http://snomed.info/id/62914000,skos:closeMatch,0.90,shared_cui,D002561,62914000,Cerebrovascular disease,3,disease,BC5CDR
http://id.nlm.nih.gov/mesh/D002713,http://snomed.info/id/29276003,skos:closeMatch,0.93,shared_cui_strict,D002713,29276003,Chlorine,3,chemical,BC5CDR
http://id.nlm.nih.gov/mesh/D002719,http://snomed.info/id/395978007,skos:closeMatch,0.90,shared_cui,D002719,395978007,Chlormethiazole,3,chemical,BC5CDR
http://id.nlm.nih.gov/mesh/D002806,http://snomed.info/id/278715001,skos:closeMatch,0.90,shared_cui,D002806,278715001,Chondrodysplasia punctata,3,disease,BC5CDR
http://id.nlm.nih.gov/mesh/D002857,http://snomed.info/id/111070004,skos:closeMatch,0.93,shared_cui_strict,D002857,111070004,Chromium,3,chemical,BC5CDR
http://id.nlm.nih.gov/mesh/D003314,http://snomed.info/id/735247006,skos:closeMatch,0.90,shared_cui,D003314,735247006,Corn oil,3,chemical,BioRED
http://id.nlm.nih.gov/mesh/D003316,http://snomed.info/id/15250008,skos:closeMatch,0.90,shared_cui,D003316,15250008,Disorder of cornea,3,disease,"BC5CDR,BioRED"
http://id.nlm.nih.gov/mesh/D003323,http://snomed.info/id/50570003,skos:closeMatch,0.90,shared_cui,D003323,50570003,Aneurysm of coronary vessels,3,disease,BC5CDR
http://id.nlm.nih.gov/mesh/D003545,http://snomed.info/id/5932006,skos:closeMatch,0.90,shared_cui,D003545,5932006,Cysteine,3,chemical,BC5CDR
http://id.nlm.nih.gov/mesh/D003711,http://snomed.info/id/32693004,skos:closeMatch,0.90,shared_cui,D003711,32693004,Demyelination,3,disease,BC5CDR
http://id.nlm.nih.gov/mesh/D003973,http://snomed.info/id/396020008,skos:closeMatch,0.90,shared_cui,D003973,396020008,Diatrizoate,3,chemical,BC5CDR
http://id.nlm.nih.gov/mesh/D003992,http://snomed.info/id/395953008,skos:closeMatch,0.90,shared_cui,D003992,395953008,Dibucaine,3,chemical,"BC5CDR,BioRED"
http://id.nlm.nih.gov/mesh/D004053,http://snomed.info/id/387303009,skos:closeMatch,0.90,shared_cui,D004053,387303009,Diethylpropion,3,chemical,BC5CDR
http://id.nlm.nih.gov/mesh/D004071,http://snomed.info/id/406759007,skos:closeMatch,0.90,shared_cui,D004071,406759007,Digitalis glycoside,3,chemical,BC5CDR
http://id.nlm.nih.gov/mesh/D004128,http://snomed.info/id/725726004,skos:closeMatch,0.90,shared_cui,D004128,725726004,N-nitrosodimethylamine,3,chemical,BC5CDR
http://id.nlm.nih.gov/mesh/D004204,http://snomed.info/id/26396009,skos:closeMatch,0.90,shared_cui,D004204,26396009,Subluxation,3,disease,"BC5CDR,BioRED"
http://id.nlm.nih.gov/mesh/D004365,http://snomed.info/id/256191007,skos:narrowMatch,0.55,mrrel_rn,D004365,256191007,Storax,3,chemical,BC5CDR
http://id.nlm.nih.gov/mesh/D004533,http://snomed.info/id/372892004,skos:broadMatch,0.65,mrrel_rb,D004533,372892004,Antidote,3,chemical,BioRED
http://id.nlm.nih.gov/mesh/D004617,http://snomed.info/id/55584005,skos:closeMatch,0.90,shared_cui,D004617,55584005,Embolus,3,disease,BC5CDR
http://id.nlm.nih.gov/mesh/D004976,http://snomed.info/id/373536004,skos:closeMatch,0.90,shared_cui,D004976,373536004,Ethacrynic acid,3,chemical,BC5CDR
http://id.nlm.nih.gov/mesh/D005097,http://snomed.info/id/254044004,skos:closeMatch,0.90,shared_cui,D005097,254044004,Multiple congenital exostosis,3,disease,BioRED
http://id.nlm.nih.gov/mesh/D005117,http://snomed.info/id/29717002,skos:closeMatch,0.90,shared_cui,D005117,29717002,Premature beats,3,disease,BC5CDR
http://id.nlm.nih.gov/mesh/D005148,http://snomed.info/id/111200005,skos:closeMatch,0.90,shared_cui,D005148,111200005,Nodular elastosis with cysts and comedones,3,disease,BC5CDR
http://id.nlm.nih.gov/mesh/D005199,http://snomed.info/id/30575002,skos:closeMatch,0.90,shared_cui,D005199,30575002,Fanconi's anemia,3,disease,BC5CDR
http://id.nlm.nih.gov/mesh/D005445,http://snomed.info/id/387573007,skos:closeMatch,0.90,shared_cui,D005445,387573007,Flunitrazepam,3,chemical,BC5CDR
http://id.nlm.nih.gov/mesh/D005557,http://snomed.info/id/431510009,skos:closeMatch,0.90,shared_cui,D005557,431510009,Formalin,3,chemical,"BC5CDR,BioRED"
http://id.nlm.nih.gov/mesh/D006046,http://snomed.info/id/2309006,skos:closeMatch,0.90,shared_cui,D006046,2309006,Gold,3,chemical,BC5CDR
http://id.nlm.nih.gov/mesh/D006073,http://snomed.info/id/90560007,skos:closeMatch,0.90,shared_cui,D006073,90560007,Gout,3,disease,BC5CDR
http://id.nlm.nih.gov/mesh/D006099,http://snomed.info/id/45647009,skos:closeMatch,0.90,shared_cui,D006099,45647009,Granuloma,3,disease,BC5CDR
http://id.nlm.nih.gov/mesh/D006152,http://snomed.info/id/42204005,skos:closeMatch,0.90,shared_cui,D006152,42204005,Cyclic guanosine monophosphate,3,chemical,BC5CDR
http://id.nlm.nih.gov/mesh/D006177,http://snomed.info/id/4754008,skos:closeMatch,0.90,shared_cui,D006177,4754008,Gynecomastia,3,disease,BC5CDR
http://id.nlm.nih.gov/mesh/D006222,http://snomed.info/id/400006008,skos:closeMatch,0.90,shared_cui,D006222,400006008,Hamartoma,3,disease,BC5CDR
http://id.nlm.nih.gov/mesh/D006394,http://snomed.info/id/403977003,skos:closeMatch,0.90,shared_cui,D006394,403977003,Angiosarcoma,3,disease,BC5CDR
http://id.nlm.nih.gov/mesh/D006486,http://snomed.info/id/39011001,skos:closeMatch,0.90,shared_cui,D006486,39011001,Hemosiderosis,3,disease,BC5CDR
http://id.nlm.nih.gov/mesh/D006525,http://snomed.info/id/64572001,skos:relatedMatch,0.40,sty_fallback:Disease or Syndrome,D006525,64572001,Disease,3,disease,BC5CDR
http://id.nlm.nih.gov/mesh/D006620,http://snomed.info/id/127287001,skos:closeMatch,0.90,shared_cui,D006620,127287001,Intertrochanteric fracture,3,disease,BC5CDR
http://id.nlm.nih.gov/mesh/D006628,http://snomed.info/id/399939002,skos:closeMatch,0.90,shared_cui,D006628,399939002,Hirsutism,3,disease,BC5CDR
http://id.nlm.nih.gov/mesh/D006713,http://snomed.info/id/87332005,skos:closeMatch,0.93,shared_cui_strict,D006713,87332005,Homogentisic acid,3,chemical,BioRED
http://id.nlm.nih.gov/mesh/D006938,http://snomed.info/id/190773008,skos:closeMatch,0.90,shared_cui,D006938,190773008,Hyperbetalipoproteinemia,3,disease,BioRED
http://id.nlm.nih.gov/mesh/D006962,http://snomed.info/id/91478007,skos:closeMatch,0.90,shared_cui,D006962,91478007,Secondary hyperparathyroidism,3,disease,BC5CDR
http://id.nlm.nih.gov/mesh/D006978,http://snomed.info/id/123800009,skos:closeMatch,0.90,shared_cui,D006978,123800009,Goldblatt hypertension,3,disease,BC5CDR
http://id.nlm.nih.gov/mesh/D007247,http://snomed.info/id/10114008,skos:closeMatch,0.90,shared_cui,D007247,10114008,Female sterility,3,disease,"BC5CDR,BioRED"
http://id.nlm.nih.gov/mesh/D007294,http://snomed.info/id/72164009,skos:closeMatch,0.90,shared_cui,D007294,72164009,Inositol,3,chemical,BC5CDR
http://id.nlm.nih.gov/mesh/D007372,http://snomed.info/id/49327004,skos:closeMatch,0.90,shared_cui,D007372,49327004,Interferon,3,chemical,BC5CDR
http://id.nlm.nih.gov/mesh/D007414,http://snomed.info/id/126769007,skos:closeMatch,0.90,shared_cui,D007414,126769007,Neoplasm of intestinal tract,3,disease,"BC5CDR,BioRED"
http://id.nlm.nih.gov/mesh/D007625,http://snomed.info/id/25792000,skos:closeMatch,0.90,shared_cui,D007625,25792000,Kearns-Sayre syndrome,3,disease,BC5CDR
http://id.nlm.nih.gov/mesh/D007964,http://snomed.info/id/91454002,skos:closeMatch,0.90,shared_cui,D007964,91454002,Pleocytosis,3,disease,BC5CDR
http://id.nlm.nih.gov/mesh/D008077,http://snomed.info/id/22244007,skos:closeMatch,0.90,shared_cui,D008077,22244007,Low density lipoprotein,3,chemical,BioRED
http://id.nlm.nih.gov/mesh/D008178,http://snomed.info/id/7119001,skos:closeMatch,0.90,shared_cui,D008178,7119001,Cutaneous lupus erythematosus,3,disease,BC5CDR
http://id.nlm.nih.gov/mesh/D008238,http://snomed.info/id/15698006,skos:closeMatch,0.90,shared_cui,D008238,15698006,Lysergic acid diethylamide,3,chemical,BC5CDR
http://id.nlm.nih.gov/mesh/D008715,http://snomed.info/id/312184007,skos:closeMatch,0.90,shared_cui,D008715,312184007,L-methionine,3,chemical,"BC5CDR,BioRED"
http://id.nlm.nih.gov/mesh/D008728,http://snomed.info/id/387509007,skos:closeMatch,0.90,shared_cui,D008728,387509007,Methotrimeprazine,3,chemical,BC5CDR
http://id.nlm.nih.gov/mesh/D008734,http://snomed.info/id/102657001,skos:closeMatch,0.90,shared_cui,D008734,102657001,Vanylglycol,3,chemical,BC5CDR
http://id.nlm.nih.gov/mesh/D008770,http://snomed.info/id/372669002,skos:broadMatch,0.65,mrrel_rb,D008770,372669002,Alkylating agent,3,chemical,BC5CDR
http://id.nlm.nih.gov/mesh/D008914,http://snomed.info/id/387272001,skos:closeMatch,0.90,shared_cui,D008914,387272001,Minoxidil,3,chemical,BC5CDR
http://id.nlm.nih.gov/mesh/D008945,http://snomed.info/id/409712001,skos:closeMatch,0.90,shared_cui,D008945,409712001,Mitral valve prolapse,3,disease,"BC5CDR,BioRED"
http://id.nlm.nih.gov/mesh/D008972,http://snomed.info/id/372799001,skos:closeMatch,0.90,shared_cui,D008972,372799001,Molindone,3,chemical,BC5CDR
http://id.nlm.nih.gov/mesh/D009062,http://snomed.info/id/126797001,skos:closeMatch,0.90,shared_cui,D009062,126797001,Neoplasm of mouth,3,disease,"BC5CDR,BioRED"
http://id.nlm.nih.gov/mesh/D009081,http://snomed.info/id/38795005,skos:closeMatch,0.90,shared_cui,D009081,38795005,Sialidosis,3,disease,BioRED
http://id.nlm.nih.gov/mesh/D009408,http://snomed.info/id/45781009,skos:closeMatch,0.90,shared_cui,D009408,45781009,Peripheral nerve entrapment syndrome,3,disease,BC5CDR
http://id.nlm.nih.gov/mesh/D009421,http://snomed.info/id/48777005,skos:closeMatch,0.90,shared_cui,D009421,48777005,Cranioschisis,3,disease,"BC5CDR,BioRED"
http://id.nlm.nih.gov/mesh/D009567,http://snomed.info/id/387449001,skos:closeMatch,0.90,shared_cui,D009567,387449001,Nitrazepam,3,chemical,BC5CDR
http://id.nlm.nih.gov/mesh/D009584,http://snomed.info/id/36012007,skos:closeMatch,0.90,shared_cui,D009584,36012007,Nitrogen,3,chemical,"BC5CDR,BioRED"
http://id.nlm.nih.gov/mesh/D009609,http://snomed.info/id/111132001,skos:closeMatch,0.90,shared_cui,D009609,111132001,Nitrous oxide,3,chemical,BC5CDR
http://id.nlm.nih.gov/mesh/D009841,http://snomed.info/id/23243007,skos:closeMatch,0.90,shared_cui,D009841,23243007,Oligonucleotide,3,chemical,BioRED
http://id.nlm.nih.gov/mesh/D009896,http://snomed.info/id/76976005,skos:closeMatch,0.90,shared_cui,D009896,76976005,Optic atrophy,3,disease,"BC5CDR,BioRED"
http://id.nlm.nih.gov/mesh/D009916,http://snomed.info/id/371436007,skos:closeMatch,0.90,shared_cui,D009916,371436007,Disorder of orbit proper,3,disease,BC5CDR
http://id.nlm.nih.gov/mesh/D009956,http://snomed.info/id/75116005,skos:closeMatch,0.90,shared_cui,D009956,75116005,Ornithosis,3,disease,BC5CDR
http://id.nlm.nih.gov/mesh/D009999,http://snomed.info/id/128491006,skos:closeMatch,0.90,shared_cui,D009999,128491006,Heterotopic ossification,3,disease,BioRED
http://id.nlm.nih.gov/mesh/D010130,http://snomed.info/id/259104006,skos:closeMatch,0.90,shared_cui,D010130,259104006,p-Aminohippurate,3,chemical,BC5CDR
http://id.nlm.nih.gov/mesh/D010264,http://snomed.info/id/60389000,skos:closeMatch,0.90,shared_cui,D010264,60389000,Paraplegia,3,disease,"BC5CDR,BioRED"
http://id.nlm.nih.gov/mesh/D010282,http://snomed.info/id/128474007,skos:closeMatch,0.90,shared_cui,D010282,128474007,Parathyroid adenoma,3,disease,BioRED
http://id.nlm.nih.gov/mesh/D010488,http://snomed.info/id/155441006,skos:closeMatch,0.90,shared_cui,D010488,155441006,Polyarteritis nodosa,3,disease,BC5CDR
http://id.nlm.nih.gov/mesh/D010490,http://snomed.info/id/23412002,skos:closeMatch,0.90,shared_cui,D010490,23412002,Hemopericardium,3,disease,BC5CDR
http://id.nlm.nih.gov/mesh/D010518,http://snomed.info/id/41565005,skos:closeMatch,0.90,shared_cui,D010518,41565005,Periodontitis,3,disease,BioRED
http://id.nlm.nih.gov/mesh/D010612,http://snomed.info/id/267102003,skos:closeMatch,0.90,shared_cui,D010612,267102003,Sore throat,3,disease,BC5CDR
http://id.nlm.nih.gov/mesh/D010640,http://snomed.info/id/9663002,skos:narrowMatch,0.55,mrrel_rn,D010640,9663002,Mepazine,3,chemical,BC5CDR
http://id.nlm.nih.gov/mesh/D010661,http://snomed.info/id/190687004,skos:closeMatch,0.90,shared_cui,D010661,190687004,Phenylketonuria,3,disease,BioRED
http://id.nlm.nih.gov/mesh/D011064,http://snomed.info/id/105590001,skos:relatedMatch,0.40,"sty_fallback:Nucleic Acid, Nucleoside, or Nucleotide",D011064,105590001,Substance,3,chemical,BC5CDR
http://id.nlm.nih.gov/mesh/D011070,http://snomed.info/id/372701006,skos:broadMatch,0.65,mrrel_rb,D011070,372701006,Antiviral,3,chemical,BioRED
http://id.nlm.nih.gov/mesh/D011189,http://snomed.info/id/8631001,skos:closeMatch,0.90,shared_cui,D011189,8631001,Potassium chloride,3,chemical,"BC5CDR,BioRED"
http://id.nlm.nih.gov/mesh/D011655,http://snomed.info/id/59282003,skos:closeMatch,0.90,shared_cui,D011655,59282003,Pulmonary embolism,3,disease,BC5CDR
http://id.nlm.nih.gov/mesh/D011665,http://snomed.info/id/91434003,skos:closeMatch,0.90,shared_cui,D011665,91434003,Pulmonic valve regurgitation,3,disease,BC5CDR
http://id.nlm.nih.gov/mesh/D011760,http://snomed.info/id/1285522009,skos:closeMatch,0.90,shared_cui,D011760,1285522009,Pyrrolidone,3,chemical,"BC5CDR,BioRED"
http://id.nlm.nih.gov/mesh/D011782,http://snomed.info/id/11538006,skos:closeMatch,0.90,shared_cui,D011782,11538006,Tetraplegia,3,disease,BC5CDR
http://id.nlm.nih.gov/mesh/D012162,http://snomed.info/id/95695004,skos:closeMatch,0.90,shared_cui,D012162,95695004,Degeneration of retina,3,disease,BioRED
http://id.nlm.nih.gov/mesh/D012266,http://snomed.info/id/16850006,skos:closeMatch,0.93,shared_cui_strict,D012266,16850006,Ribose,3,chemical,BC5CDR
http://id.nlm.nih.gov/mesh/D012563,http://snomed.info/id/48500005,skos:closeMatch,0.90,shared_cui,D012563,48500005,Delusional disorder,3,disease,"BC5CDR,BioRED"
http://id.nlm.nih.gov/mesh/D012702,http://snomed.info/id/387102009,skos:narrowMatch,0.55,mrrel_rn,D012702,387102009,Pindolol,3,chemical,BioRED
http://id.nlm.nih.gov/mesh/D012852,http://snomed.info/id/36971009,skos:closeMatch,0.90,shared_cui,D012852,36971009,Sinusitis,3,disease,BC5CDR
http://id.nlm.nih.gov/mesh/D013331,http://snomed.info/id/51200005,skos:closeMatch,0.90,shared_cui,D013331,51200005,Strychnine,3,chemical,BC5CDR
http://id.nlm.nih.gov/mesh/D013373,http://snomed.info/id/585007,skos:closeMatch,0.93,shared_cui_strict,D013373,585007,Substance P,3,chemical,BioRED
http://id.nlm.nih.gov/mesh/D013439,http://snomed.info/id/23217006,skos:narrowMatch,0.55,mrrel_rn,D013439,23217006,Arsenic compound,3,chemical,BioRED
http://id.nlm.nih.gov/mesh/D013482,http://snomed.info/id/27562008,skos:closeMatch,0.93,shared_cui_strict,D013482,27562008,Superoxide dismutase,3,chemical,BioRED
http://id.nlm.nih.gov/mesh/D013585,http://snomed.info/id/416209007,skos:closeMatch,0.90,shared_cui,D013585,416209007,Synovitis,3,disease,"BC5CDR,BioRED"
http://id.nlm.nih.gov/mesh/D013657,http://snomed.info/id/264299001,skos:broadMatch,0.65,mrrel_rb,D013657,264299001,Detergent,3,chemical,BC5CDR
http://id.nlm.nih.gov/mesh/D013835,http://snomed.info/id/259661002,skos:closeMatch,0.90,shared_cui,D013835,259661002,Thiamine pyrophosphate,3,chemical,BC5CDR
http://id.nlm.nih.gov/mesh/D013866,http://snomed.info/id/387407006,skos:closeMatch,0.90,shared_cui,D013866,387407006,Thioguanine,3,chemical,BC5CDR
http://id.nlm.nih.gov/mesh/D013936,http://snomed.info/id/3892007,skos:closeMatch,0.93,shared_cui_strict,D013936,3892007,Thymidine,3,chemical,BC5CDR
http://id.nlm.nih.gov/mesh/D013956,http://snomed.info/id/418416001,skos:closeMatch,0.90,shared_cui,D013956,418416001,Antithyroid agent,3,chemical,BC5CDR
http://id.nlm.nih.gov/mesh/D013963,http://snomed.info/id/18220004,skos:closeMatch,0.90,shared_cui,D013963,18220004,Thyroid hormone,3,chemical,BioRED
http://id.nlm.nih.gov/mesh/D013971,http://snomed.info/id/90739004,skos:closeMatch,0.90,shared_cui,D013971,90739004,Thyrotoxicosis,3,disease,"BC5CDR,BioRED"
http://id.nlm.nih.gov/mesh/D014042,http://snomed.info/id/387186009,skos:closeMatch,0.90,shared_cui,D014042,387186009,Tolazamide,3,chemical,BC5CDR
http://id.nlm.nih.gov/mesh/D014147,http://snomed.info/id/386858008,skos:closeMatch,0.90,shared_cui,D014147,386858008,Tramadol,3,chemical,BC5CDR
http://id.nlm.nih.gov/mesh/D014233,http://snomed.info/id/16885006,skos:narrowMatch,0.55,mrrel_rn,D014233,16885006,Trimellitic acid,3,chemical,BioRED
http://id.nlm.nih.gov/mesh/D014262,http://snomed.info/id/111287006,skos:closeMatch,0.90,shared_cui,D014262,111287006,Tricuspid valve regurgitation,3,disease,BC5CDR
http://id.nlm.nih.gov/mesh/D014516,http://snomed.info/id/126882009,skos:closeMatch,0.90,shared_cui,D014516,126882009,Neoplasm of ureter,3,disease,BC5CDR
http://id.nlm.nih.gov/mesh/D014777,http://snomed.info/id/34014006,skos:closeMatch,0.90,shared_cui,D014777,34014006,Viral disease,3,disease,"BC5CDR,BioRED"
http://id.nlm.nih.gov/mesh/D014883,http://snomed.info/id/64572001,skos:relatedMatch,0.40,sty_fallback:Pathologic Function,D014883,64572001,Disease,3,disease,"BC5CDR,BioRED"
http://id.nlm.nih.gov/mesh/D014917,http://snomed.info/id/27836007,skos:closeMatch,0.90,shared_cui,D014917,27836007,Pertussis,3,disease,BC5CDR
http://id.nlm.nih.gov/mesh/D014927,http://snomed.info/id/74390002,skos:closeMatch,0.90,shared_cui,D014927,74390002,Wolff-Parkinson-White pattern,3,disease,BC5CDR
http://id.nlm.nih.gov/mesh/D015097,http://snomed.info/id/407312007,skos:broadMatch,0.65,mrrel_rb,D015097,407312007,Enzyme inhibitor,3,chemical,BC5CDR
http://id.nlm.nih.gov/mesh/D015228,http://snomed.info/id/302870006,skos:closeMatch,0.93,shared_cui_strict,D015228,302870006,Hypertriglyceridemia,3,disease,"BC5CDR,BioRED"
http://id.nlm.nih.gov/mesh/D015354,http://snomed.info/id/246635007,skos:closeMatch,0.90,shared_cui,D015354,246635007,Dim vision,3,disease,BC5CDR
http://id.nlm.nih.gov/mesh/D015427,http://snomed.info/id/703868004,skos:closeMatch,0.90,shared_cui,D015427,703868004,Ischemia-reperfusion injury,3,disease,BC5CDR
http://id.nlm.nih.gov/mesh/D015647,http://snomed.info/id/418222008,skos:broadMatch,0.65,mrrel_rb,D015647,418222008,Dopamine receptor agonist,3,chemical,BC5CDR
http://id.nlm.nih.gov/mesh/D015837,http://snomed.info/id/20425006,skos:closeMatch,0.90,shared_cui,D015837,20425006,Vestibular disorder,3,disease,BC5CDR
http://id.nlm.nih.gov/mesh/D016534,http://snomed.info/id/27545003,skos:closeMatch,0.90,shared_cui,D016534,27545003,Increased cardiac output,3,disease,BC5CDR
http://id.nlm.nih.gov/mesh/D016651,http://snomed.info/id/387095003,skos:closeMatch,0.90,shared_cui,D016651,387095003,Lithium carbonate,3,chemical,BC5CDR
http://id.nlm.nih.gov/mesh/D016757,http://snomed.info/id/95281009,skos:closeMatch,0.90,shared_cui,D016757,95281009,Sudden cardiac death,3,disease,BC5CDR
http://id.nlm.nih.gov/mesh/D016898,http://snomed.info/id/45754009,skos:closeMatch,0.90,shared_cui,D016898,45754009,Interferon alfa,3,chemical,BC5CDR
http://id.nlm.nih.gov/mesh/D016912,http://snomed.info/id/126109000,skos:closeMatch,0.90,shared_cui,D016912,126109000,Levonorgestrel,3,chemical,BC5CDR
http://id.nlm.nih.gov/mesh/D017256,http://snomed.info/id/424299003,skos:closeMatch,0.90,shared_cui,D017256,424299003,Technetium (99m-Tc) sestamibi,3,chemical,BC5CDR
http://id.nlm.nih.gov/mesh/D017275,http://snomed.info/id/386862002,skos:closeMatch,0.90,shared_cui,D017275,386862002,Isradipine,3,chemical,BC5CDR
http://id.nlm.nih.gov/mesh/D017402,http://snomed.info/id/255764006,skos:closeMatch,0.90,shared_cui,D017402,255764006,Freon,3,chemical,BC5CDR
http://id.nlm.nih.gov/mesh/D017682,http://snomed.info/id/281092007,skos:closeMatch,0.90,shared_cui,D017682,281092007,Stunned myocardium,3,disease,"BC5CDR,BioRED"
http://id.nlm.nih.gov/mesh/D018358,http://snomed.info/id/128928004,skos:closeMatch,0.90,shared_cui,D018358,128928004,Neuroendocrine neoplasm,3,disease,BioRED
http://id.nlm.nih.gov/mesh/D018658,http://snomed.info/id/3098007,skos:closeMatch,0.90,shared_cui,D018658,3098007,Rupture of interventricular septum,3,disease,BC5CDR
http://id.nlm.nih.gov/mesh/D018674,http://snomed.info/id/771351007,skos:closeMatch,0.90,shared_cui,D018674,771351007,Substance with adrenergic receptor antagonist mechanism of action,3,chemical,BioRED
http://id.nlm.nih.gov/mesh/D018678,http://snomed.info/id/19581007,skos:closeMatch,0.90,shared_cui,D018678,19581007,Cholinergic agent,3,chemical,BioRED
http://id.nlm.nih.gov/mesh/D019326,http://snomed.info/id/56014002,skos:closeMatch,0.90,shared_cui,D019326,56014002,Hydroxyprogesterone-containing product,3,chemical,BioRED
http://id.nlm.nih.gov/mesh/D019337,http://snomed.info/id/129154003,skos:closeMatch,0.90,shared_cui,D019337,129154003,Hematologic neoplasm,3,disease,BC5CDR
http://id.nlm.nih.gov/mesh/D019462,http://snomed.info/id/398665005,skos:closeMatch,0.90,shared_cui,D019462,398665005,Vasovagal syncope,3,disease,"BC5CDR,BioRED"
http://id.nlm.nih.gov/mesh/D019805,http://snomed.info/id/387495008,skos:closeMatch,0.90,shared_cui,D019805,387495008,Metyrosine,3,chemical,"BC5CDR,BioRED"
http://id.nlm.nih.gov/mesh/D019813,http://snomed.info/id/88376000,skos:broadMatch,0.65,mrrel_rb,D019813,88376000,Carcinogen,3,chemical,BC5CDR
http://id.nlm.nih.gov/mesh/D019830,http://snomed.info/id/372787008,skos:broadMatch,0.65,mrrel_rb,D019830,372787008,Vasodilator,3,chemical,BC5CDR
http://id.nlm.nih.gov/mesh/D019888,http://snomed.info/id/373445001,skos:closeMatch,0.90,shared_cui,D019888,373445001,Nelfinavir,3,chemical,BC5CDR
http://id.nlm.nih.gov/mesh/D019969,http://snomed.info/id/21647008,skos:closeMatch,0.90,shared_cui,D019969,21647008,Amphetamine dependence,3,disease,BC5CDR
http://id.nlm.nih.gov/mesh/D020428,http://snomed.info/id/25690000,skos:closeMatch,0.93,shared_cui_strict,D020428,25690000,Femoral neuropathy,3,disease,BC5CDR
http://id.nlm.nih.gov/mesh/D020788,http://snomed.info/id/5619004,skos:closeMatch,0.93,shared_cui_strict,D020788,5619004,Bardet-Biedl syndrome,3,disease,BioRED
http://id.nlm.nih.gov/mesh/D020964,http://snomed.info/id/64572001,skos:relatedMatch,0.40,sty_fallback:Pathologic Function,D020964,64572001,Disease,3,disease,BC5CDR
http://id.nlm.nih.gov/mesh/D029424,http://snomed.info/id/13645005,skos:closeMatch,0.90,shared_cui,D029424,13645005,Chronic obstructive pulmonary disease,3,disease,BC5CDR
http://id.nlm.nih.gov/mesh/D049912,http://snomed.info/id/254957009,skos:closeMatch,0.90,shared_cui,D049912,254957009,Somatotroph adenoma,3,disease,BioRED
http://id.nlm.nih.gov/mesh/D054059,http://snomed.info/id/63739005,skos:closeMatch,0.93,shared_cui_strict,D054059,63739005,Coronary occlusion,3,disease,BC5CDR
http://id.nlm.nih.gov/mesh/D054138,http://snomed.info/id/64572001,skos:relatedMatch,0.40,sty_fallback:Pathologic Function,D054138,64572001,Disease,3,disease,BC5CDR
http://id.nlm.nih.gov/mesh/D055623,http://snomed.info/id/201101007,skos:closeMatch,0.90,shared_cui,D055623,201101007,Actinic keratosis,3,disease,BioRED
http://id.nlm.nih.gov/mesh/D055752,http://snomed.info/id/254632001,skos:closeMatch,0.90,shared_cui,D055752,254632001,Small cell carcinoma of lung,3,disease,BioRED
http://id.nlm.nih.gov/mesh/D058447,http://snomed.info/id/41652007,skos:closeMatch,0.90,shared_cui,D058447,41652007,Pain in eye,3,disease,BC5CDR
http://id.nlm.nih.gov/mesh/D059265,http://snomed.info/id/73645008,skos:closeMatch,0.93,shared_cui_strict,D059265,73645008,Visceral pain,3,disease,BC5CDR
http://id.nlm.nih.gov/mesh/D059352,http://snomed.info/id/279069000,skos:closeMatch,0.90,shared_cui,D059352,279069000,Musculoskeletal pain,3,disease,"BC5CDR,BioRED"
http://id.nlm.nih.gov/mesh/D059373,http://snomed.info/id/53430007,skos:closeMatch,0.90,shared_cui,D059373,53430007,Pain of breast,3,disease,BC5CDR
http://id.nlm.nih.gov/mesh/D064793,http://snomed.info/id/58694006,skos:closeMatch,0.93,shared_cui_strict,D064793,58694006,Teratogenesis,3,disease,BC5CDR
http://id.nlm.nih.gov/mesh/D065817,http://snomed.info/id/35045004,skos:closeMatch,0.90,shared_cui,D065817,35045004,Microtia,3,disease,"BC5CDR,BioRED"
http://id.nlm.nih.gov/mesh/C001803,http://snomed.info/id/105590001,skos:relatedMatch,0.40,sty_fallback:Organic Chemical,C001803,105590001,Substance,2,chemical,"BC5CDR,BioRED"
http://id.nlm.nih.gov/mesh/C003636,http://snomed.info/id/373266007,skos:broadMatch,0.65,mrrel_rb,C003636,373266007,Anesthetic,2,chemical,"BC5CDR,BioRED"
http://id.nlm.nih.gov/mesh/C006253,http://snomed.info/id/88376000,skos:broadMatch,0.65,mrrel_rb,C006253,88376000,Carcinogen,2,chemical,BioRED
http://id.nlm.nih.gov/mesh/C006820,http://snomed.info/id/725571009,skos:closeMatch,0.90,shared_cui,C006820,725571009,Bromperidol,2,chemical,BC5CDR
http://id.nlm.nih.gov/mesh/C008316,http://snomed.info/id/425977005,skos:broadMatch,0.65,mrrel_rb,C008316,425977005,Pyrone,2,chemical,"BC5CDR,BioRED"
http://id.nlm.nih.gov/mesh/C008514,http://snomed.info/id/259553003,skos:closeMatch,0.90,shared_cui,C008514,259553003,Methyl xanthine,2,chemical,BC5CDR
http://id.nlm.nih.gov/mesh/C009265,http://snomed.info/id/404830004,skos:closeMatch,0.90,shared_cui,C009265,404830004,Carbidopa- and levodopa-containing product,2,chemical,BC5CDR
http://id.nlm.nih.gov/mesh/C009695,http://snomed.info/id/372841007,skos:closeMatch,0.90,shared_cui,C009695,372841007,Xylometazoline,2,chemical,BC5CDR
http://id.nlm.nih.gov/mesh/C012282,http://snomed.info/id/387439004,skos:broadMatch,0.65,mrrel_rb,C012282,387439004,Clofibrate,2,chemical,BC5CDR
http://id.nlm.nih.gov/mesh/C013440,http://snomed.info/id/73427004,skos:broadMatch,0.65,mrrel_rb,C013440,73427004,Cholesterol ester,2,chemical,BC5CDR
http://id.nlm.nih.gov/mesh/C014282,http://snomed.info/id/870406003,skos:broadMatch,0.65,mrrel_rb,C014282,870406003,Vasopressor,2,chemical,BC5CDR
http://id.nlm.nih.gov/mesh/C014896,http://snomed.info/id/438459002,skos:broadMatch,0.65,mrrel_rb,C014896,438459002,Pyrazine,2,chemical,BC5CDR
http://id.nlm.nih.gov/mesh/C015173,http://snomed.info/id/372830005,skos:closeMatch,0.90,shared_cui,C015173,372830005,Dipivefrin,2,chemical,BC5CDR
http://id.nlm.nih.gov/mesh/C015445,http://snomed.info/id/11621003,skos:broadMatch,0.65,mrrel_rb,C015445,11621003,Organic metallic compound,2,chemical,BC5CDR
http://id.nlm.nih.gov/mesh/C020743,http://snomed.info/id/404850000,skos:closeMatch,0.90,shared_cui,C020743,404850000,Hydrochlorothiazide- and triamterene-containing product,2,chemical,BC5CDR
http://id.nlm.nih.gov/mesh/C023470,http://snomed.info/id/1332137007,skos:closeMatch,0.90,shared_cui,C023470,1332137007,Perhexiline maleate,2,chemical,BC5CDR
http://id.nlm.nih.gov/mesh/C025205,http://snomed.info/id/95977000,skos:broadMatch,0.65,mrrel_rb,C025205,95977000,Chelated iron,2,chemical,BioRED
http://id.nlm.nih.gov/mesh/C026956,http://snomed.info/id/372701006,skos:broadMatch,0.65,mrrel_rb,C026956,372701006,Antiviral,2,chemical,"BC5CDR,BioRED"
http://id.nlm.nih.gov/mesh/C027078,http://snomed.info/id/105590001,skos:relatedMatch,0.40,"sty_fallback:Nucleic Acid, Nucleoside, or Nucleotide",C027078,105590001,Substance,2,chemical,BioRED
http://id.nlm.nih.gov/mesh/C029684,http://snomed.info/id/14638000,skos:closeMatch,0.90,shared_cui,C029684,14638000,Thiobarbiturate,2,chemical,BC5CDR
http://id.nlm.nih.gov/mesh/C030262,http://snomed.info/id/116595005,skos:closeMatch,0.90,shared_cui,C030262,116595005,Triamcinolone diacetate,2,chemical,"BC5CDR,BioRED"
http://id.nlm.nih.gov/mesh/C030298,http://snomed.info/id/31790006,skos:closeMatch,0.90,shared_cui,C030298,31790006,Malic acid,2,chemical,"BC5CDR,BioRED"
http://id.nlm.nih.gov/mesh/C032519,http://snomed.info/id/259274001,skos:closeMatch,0.90,shared_cui,C032519,259274001,Pyrrolidine,2,chemical,BC5CDR
http://id.nlm.nih.gov/mesh/C033706,http://snomed.info/id/387188005,skos:broadMatch,0.65,mrrel_rb,C033706,387188005,Ribavirin,2,chemical,BC5CDR
http://id.nlm.nih.gov/mesh/C037652,http://snomed.info/id/78713005,skos:closeMatch,0.90,shared_cui,C037652,78713005,Caproic acid,2,chemical,BC5CDR
http://id.nlm.nih.gov/mesh/C037689,http://snomed.info/id/438377006,skos:closeMatch,0.90,shared_cui,C037689,438377006,Benzamide,2,chemical,BC5CDR
http://id.nlm.nih.gov/mesh/C042705,http://snomed.info/id/108814000,skos:closeMatch,0.90,shared_cui,C042705,108814000,Pegaspargase,2,chemical,BC5CDR
http://id.nlm.nih.gov/mesh/C045022,http://snomed.info/id/45986006,skos:broadMatch,0.65,mrrel_rb,C045022,45986006,Teratogen,2,chemical,"BC5CDR,BioRED"
http://id.nlm.nih.gov/mesh/C050232,http://snomed.info/id/255632006,skos:broadMatch,0.65,mrrel_rb,C050232,255632006,Anticonvulsant,2,chemical,BC5CDR
http://id.nlm.nih.gov/mesh/C053001,http://snomed.info/id/412072006,skos:closeMatch,0.90,shared_cui,C053001,412072006,Adefovir,2,chemical,"BC5CDR,BioRED"
http://id.nlm.nih.gov/mesh/C053876,http://snomed.info/id/105590001,skos:relatedMatch,0.40,sty_fallback:Organic Chemical,C053876,105590001,Substance,2,chemical,BC5CDR
http://id.nlm.nih.gov/mesh/C053907,http://snomed.info/id/372810006,skos:broadMatch,0.65,mrrel_rb,C053907,372810006,Theophylline,2,chemical,BC5CDR
http://id.nlm.nih.gov/mesh/C054626,http://snomed.info/id/255632006,skos:broadMatch,0.65,mrrel_rb,C054626,255632006,Anticonvulsant,2,chemical,BC5CDR
http://id.nlm.nih.gov/mesh/C056299,http://snomed.info/id/105590001,skos:relatedMatch,0.40,sty_fallback:Organic Chemical,C056299,105590001,Substance,2,chemical,BC5CDR
http://id.nlm.nih.gov/mesh/C059715,http://snomed.info/id/105590001,skos:relatedMatch,0.40,sty_fallback:Organic Chemical,C059715,105590001,Substance,2,chemical,"BC5CDR,BioRED"
http://id.nlm.nih.gov/mesh/C064227,http://snomed.info/id/386904003,skos:broadMatch,0.65,mrrel_rb,C064227,386904003,Ifosfamide,2,chemical,BC5CDR
http://id.nlm.nih.gov/mesh/C071693,http://snomed.info/id/409207001,skos:broadMatch,0.65,mrrel_rb,C071693,409207001,Neurokinin 1 receptor antagonist,2,chemical,BC5CDR
http://id.nlm.nih.gov/mesh/C073839,http://snomed.info/id/105590001,skos:relatedMatch,0.40,sty_fallback:Organic Chemical,C073839,105590001,Substance,2,chemical,BC5CDR
http://id.nlm.nih.gov/mesh/C076259,http://snomed.info/id/372813008,skos:broadMatch,0.65,mrrel_rb,C076259,372813008,Antiarrhythmic agent,2,chemical,BC5CDR
http://id.nlm.nih.gov/mesh/C079087,http://snomed.info/id/105590001,skos:relatedMatch,0.40,sty_fallback:Organic Chemical,C079087,105590001,Substance,2,chemical,BC5CDR
http://id.nlm.nih.gov/mesh/C079574,http://snomed.info/id/105590001,skos:relatedMatch,0.40,sty_fallback:Organic Chemical,C079574,105590001,Substance,2,chemical,BC5CDR
http://id.nlm.nih.gov/mesh/C080436,http://snomed.info/id/406751005,skos:closeMatch,0.90,shared_cui,C080436,406751005,8-aminoquinoline,2,chemical,BC5CDR
http://id.nlm.nih.gov/mesh/C085911,http://snomed.info/id/407312007,skos:broadMatch,0.65,mrrel_rb,C085911,407312007,Enzyme inhibitor,2,chemical,BioRED
http://id.nlm.nih.gov/mesh/C090942,http://snomed.info/id/407312007,skos:broadMatch,0.65,mrrel_rb,C090942,407312007,Enzyme inhibitor,2,chemical,BioRED
http://id.nlm.nih.gov/mesh/C093415,http://snomed.info/id/105590001,skos:relatedMatch,0.40,sty_fallback:Organic Chemical,C093415,105590001,Substance,2,chemical,BC5CDR
http://id.nlm.nih.gov/mesh/C118258,http://snomed.info/id/52642002,skos:broadMatch,0.65,mrrel_rb,C118258,52642002,Peptide,2,chemical,BioRED
http://id.nlm.nih.gov/mesh/C448659,http://snomed.info/id/105590001,skos:relatedMatch,0.40,sty_fallback:Organic Chemical,C448659,105590001,Substance,2,chemical,BioRED
http://id.nlm.nih.gov/mesh/C522374,http://snomed.info/id/42850000,skos:broadMatch,0.65,mrrel_rb,C522374,42850000,Fluorinated hydrocarbon,2,chemical,BC5CDR
http://id.nlm.nih.gov/mesh/C532833,http://snomed.info/id/387584000,skos:broadMatch,0.65,mrrel_rb,C532833,387584000,Simvastatin,2,chemical,"BC5CDR,BioRED"
http://id.nlm.nih.gov/mesh/C535476,http://snomed.info/id/231930000,skos:closeMatch,0.90,shared_cui,C535476,231930000,Reis-Bucklers' corneal dystrophy,2,disease,BioRED
http://id.nlm.nih.gov/mesh/C535702,http://snomed.info/id/361203007,skos:closeMatch,0.90,shared_cui,C535702,361203007,Malonic aciduria,2,disease,BioRED
http://id.nlm.nih.gov/mesh/C535830,http://snomed.info/id/738771004,skos:closeMatch,0.90,shared_cui,C535830,738771004,Pseudovaginal perineoscrotal hypospadias,2,disease,BioRED
http://id.nlm.nih.gov/mesh/C536044,http://snomed.info/id/385483009,skos:closeMatch,0.90,shared_cui,C536044,385483009,Osteogenesis imperfecta type III,2,disease,BioRED
http://id.nlm.nih.gov/mesh/C536133,http://snomed.info/id/28835009,skos:broadMatch,0.65,mrrel_rb,C536133,28835009,Retinitis pigmentosa,2,disease,BioRED
http://id.nlm.nih.gov/mesh/C536522,http://snomed.info/id/129565002,skos:broadMatch,0.65,mrrel_rb,C536522,129565002,Disorder of muscle,2,disease,BC5CDR
http://id.nlm.nih.gov/mesh/C537296,http://snomed.info/id/46585005,skos:broadMatch,0.65,mrrel_rb,C537296,46585005,Granulosa cell tumor,2,disease,BC5CDR
http://id.nlm.nih.gov/mesh/C537417,http://snomed.info/id/360619001,skos:closeMatch,0.90,shared_cui,C537417,360619001,Deficiency of butyrylcholinesterase,2,disease,"BC5CDR,BioRED"
http://id.nlm.nih.gov/mesh/C537702,http://snomed.info/id/9273005,skos:closeMatch,0.90,shared_cui,C537702,9273005,Juvenile polyposis syndrome,2,disease,BioRED
http://id.nlm.nih.gov/mesh/C538496,http://snomed.info/id/297231002,skos:broadMatch,0.65,mrrel_rb,C538496,297231002,3-Methylglutaconic aciduria type 2,2,disease,"BC5CDR,BioRED"
http://id.nlm.nih.gov/mesh/C547455,http://snomed.info/id/105590001,skos:relatedMatch,0.40,sty_fallback:Organic Chemical,C547455,105590001,Substance,2,chemical,BioRED
http://id.nlm.nih.gov/mesh/C556631,http://snomed.info/id/387080000,skos:broadMatch,0.65,mrrel_rb,C556631,387080000,Valproic acid,2,chemical,"BC5CDR,BioRED"
http://id.nlm.nih.gov/mesh/C562399,http://snomed.info/id/35055000,skos:closeMatch,0.90,shared_cui,C562399,35055000,Band-shaped keratopathy,2,disease,BC5CDR
http://id.nlm.nih.gov/mesh/C562477,http://snomed.info/id/235873001,skos:closeMatch,0.90,shared_cui,C562477,235873001,Halothane hepatitis,2,disease,BC5CDR
http://id.nlm.nih.gov/mesh/C562509,http://snomed.info/id/718222000,skos:closeMatch,0.90,shared_cui,C562509,718222000,Autosomal dominant popliteal pterygium syndrome,2,disease,BioRED
http://id.nlm.nih.gov/mesh/C562568,http://snomed.info/id/16026008,skos:closeMatch,0.90,shared_cui,C562568,16026008,Congenital cerebellar hypoplasia,2,disease,BioRED
http://id.nlm.nih.gov/mesh/C563417,http://snomed.info/id/60700002,skos:broadMatch,0.65,mrrel_rb,C563417,60700002,Sensorineural hearing loss,2,disease,BioRED
http://id.nlm.nih.gov/mesh/C566236,http://snomed.info/id/724384008,skos:closeMatch,0.90,shared_cui,C566236,724384008,Helicoid peripapillary chorioretinal degeneration,2,disease,BC5CDR
http://id.nlm.nih.gov/mesh/C567552,http://snomed.info/id/719172003,skos:closeMatch,0.90,shared_cui,C567552,719172003,Spondyloepimetaphyseal dysplasia PAPSS2 type,2,disease,BioRED
http://id.nlm.nih.gov/mesh/C582180,http://snomed.info/id/105590001,skos:relatedMatch,0.40,"sty_fallback:Amino Acid, Peptide, or Protein",C582180,105590001,Substance,2,chemical,BioRED
http://id.nlm.nih.gov/mesh/D000111,http://snomed.info/id/387440002,skos:closeMatch,0.90,shared_cui,D000111,387440002,Acetylcysteine,2,chemical,"BC5CDR,BioRED"
http://id.nlm.nih.gov/mesh/D000141,http://snomed.info/id/1776003,skos:closeMatch,0.90,shared_cui,D000141,1776003,Renal tubular acidosis,2,disease,BC5CDR
http://id.nlm.nih.gov/mesh/D000252,http://snomed.info/id/85943007,skos:closeMatch,0.90,shared_cui,D000252,85943007,Ca^2+^-transporting ATPase,2,chemical,BioRED
http://id.nlm.nih.gov/mesh/D000254,http://snomed.info/id/23736002,skos:closeMatch,0.90,shared_cui,D000254,23736002,Na^+^/K^+^-transporting ATPase,2,chemical,BioRED
http://id.nlm.nih.gov/mesh/D000402,http://snomed.info/id/249489001,skos:closeMatch,0.90,shared_cui,D000402,249489001,Choking,2,disease,BC5CDR
http://id.nlm.nih.gov/mesh/D000592,http://snomed.info/id/42930003,skos:closeMatch,0.90,shared_cui,D000592,42930003,Inborn error of amino acid metabolism,2,disease,"BC5CDR,BioRED"
http://id.nlm.nih.gov/mesh/D000608,http://snomed.info/id/703388005,skos:narrowMatch,0.55,mrrel_rn,D000608,703388005,GRACILE syndrome,2,disease,BC5CDR
http://id.nlm.nih.gov/mesh/D000637,http://snomed.info/id/130093006,skos:closeMatch,0.90,shared_cui,D000637,130093006,Aminotransferase,2,chemical,BioRED
http://id.nlm.nih.gov/mesh/D000784,http://snomed.info/id/308546005,skos:closeMatch,0.90,shared_cui,D000784,308546005,Dissection of aorta,2,disease,BC5CDR
http://id.nlm.nih.gov/mesh/D000893,http://snomed.info/id/330901000,skos:closeMatch,0.90,shared_cui,D000893,330901000,Antiinflammatory agent,2,chemical,BioRED
http://id.nlm.nih.gov/mesh/D000900,http://snomed.info/id/419241000,skos:closeMatch,0.90,shared_cui,D000900,419241000,Antibacterial,2,chemical,BioRED
http://id.nlm.nih.gov/mesh/D000995,http://snomed.info/id/2537003,skos:closeMatch,0.90,shared_cui,D000995,2537003,Antituberculosis agent,2,chemical,BC5CDR
http://id.nlm.nih.gov/mesh/D001017,http://snomed.info/id/7305005,skos:closeMatch,0.90,shared_cui,D001017,7305005,Coarctation of aorta,2,disease,BC5CDR
http://id.nlm.nih.gov/mesh/D001018,http://snomed.info/id/47040006,skos:closeMatch,0.90,shared_cui,D001018,47040006,Disorder of aorta,2,disease,"BC5CDR,BioRED"
http://id.nlm.nih.gov/mesh/D001037,http://snomed.info/id/87486003,skos:closeMatch,0.90,shared_cui,D001037,87486003,Aphasia,2,disease,BC5CDR
http://id.nlm.nih.gov/mesh/D001151,http://snomed.info/id/47809000,skos:closeMatch,0.90,shared_cui,D001151,47809000,Arsenic,2,chemical,"BC5CDR,BioRED"
http://id.nlm.nih.gov/mesh/D001165,http://snomed.info/id/24551003,skos:closeMatch,0.90,shared_cui,D001165,24551003,Arteriovenous malformation,2,disease,BC5CDR
http://id.nlm.nih.gov/mesh/D001254,http://snomed.info/id/1157043006,skos:closeMatch,0.90,shared_cui,D001254,1157043006,Astrocytoma,2,disease,BC5CDR
http://id.nlm.nih.gov/mesh/D001478,http://snomed.info/id/69408002,skos:closeMatch,0.90,shared_cui,D001478,69408002,Gorlin syndrome,2,disease,BioRED
http://id.nlm.nih.gov/mesh/D001498,http://snomed.info/id/105590001,skos:relatedMatch,0.40,sty_fallback:Organic Chemical,D001498,105590001,Substance,2,chemical,BC5CDR
http://id.nlm.nih.gov/mesh/D001545,http://snomed.info/id/391821005,skos:closeMatch,0.90,shared_cui,D001545,391821005,Benserazide,2,chemical,BC5CDR
http://id.nlm.nih.gov/mesh/D001554,http://snomed.info/id/57939002,skos:closeMatch,0.93,shared_cui_strict,D001554,57939002,Benzene,2,chemical,BC5CDR
http://id.nlm.nih.gov/mesh/D001588,http://snomed.info/id/105590001,skos:relatedMatch,0.40,sty_fallback:Organic Chemical,D001588,105590001,Substance,2,chemical,"BC5CDR,BioRED"
http://id.nlm.nih.gov/mesh/D001650,http://snomed.info/id/70179006,skos:closeMatch,0.90,shared_cui,D001650,70179006,Bile duct carcinoma,2,disease,BC5CDR
http://id.nlm.nih.gov/mesh/D001651,http://snomed.info/id/20719006,skos:closeMatch,0.90,shared_cui,D001651,20719006,Extrahepatic cholestasis,2,disease,BC5CDR
http://id.nlm.nih.gov/mesh/D001710,http://snomed.info/id/8919000,skos:closeMatch,0.90,shared_cui,D001710,8919000,Biotin,2,chemical,"BC5CDR,BioRED"
http://id.nlm.nih.gov/mesh/D001768,http://snomed.info/id/339008,skos:closeMatch,0.90,shared_cui,D001768,339008,Blister,2,disease,BC5CDR
http://id.nlm.nih.gov/mesh/D001839,http://snomed.info/id/56714008,skos:closeMatch,0.93,shared_cui_strict,D001839,56714008,Bombesin,2,chemical,BioRED
http://id.nlm.nih.gov/mesh/D001996,http://snomed.info/id/396285007,skos:closeMatch,0.90,shared_cui,D001996,396285007,Bronchopneumonia,2,disease,BC5CDR
http://id.nlm.nih.gov/mesh/D002034,http://snomed.info/id/387498005,skos:closeMatch,0.90,shared_cui,D002034,387498005,Bumetanide,2,chemical,BC5CDR
http://id.nlm.nih.gov/mesh/D002051,http://snomed.info/id/77381001,skos:closeMatch,0.90,shared_cui,D002051,77381001,Burkitt lymphoma,2,disease,BC5CDR
http://id.nlm.nih.gov/mesh/D002065,http://snomed.info/id/387523009,skos:closeMatch,0.90,shared_cui,D002065,387523009,Buspirone,2,chemical,BC5CDR
http://id.nlm.nih.gov/mesh/D002125,http://snomed.info/id/387292008,skos:closeMatch,0.90,shared_cui,D002125,387292008,Calcium gluconate,2,chemical,BC5CDR
http://id.nlm.nih.gov/mesh/D002132,http://snomed.info/id/33137005,skos:closeMatch,0.90,shared_cui,D002132,33137005,Calcium radioisotope,2,chemical,BC5CDR
http://id.nlm.nih.gov/mesh/D002177,http://snomed.info/id/78048006,skos:closeMatch,0.90,shared_cui,D002177,78048006,Candidiasis,2,disease,BC5CDR
http://id.nlm.nih.gov/mesh/D002230,http://snomed.info/id/73579000,skos:closeMatch,0.90,shared_cui,D002230,73579000,Carbidopa,2,chemical,BC5CDR
http://id.nlm.nih.gov/mesh/D002241,http://snomed.info/id/2331003,skos:closeMatch,0.90,shared_cui,D002241,2331003,Carbohydrate,2,chemical,BioRED
http://id.nlm.nih.gov/mesh/D002282,http://snomed.info/id/36310008,skos:closeMatch,0.90,shared_cui,D002282,36310008,Alveolar adenocarcinoma,2,disease,"BC5CDR,BioRED"
http://id.nlm.nih.gov/mesh/D002316,http://snomed.info/id/69440003,skos:closeMatch,0.90,shared_cui,D002316,69440003,Cardiotonic drug,2,chemical,BioRED
http://id.nlm.nih.gov/mesh/D002338,http://snomed.info/id/73131003,skos:closeMatch,0.90,shared_cui,D002338,73131003,Carotene,2,chemical,"BC5CDR,BioRED"
http://id.nlm.nih.gov/mesh/D002340,http://snomed.info/id/300920004,skos:closeMatch,0.90,shared_cui,D002340,300920004,Carotid atherosclerosis,2,disease,"BC5CDR,BioRED"
http://id.nlm.nih.gov/mesh/D002341,http://snomed.info/id/86003009,skos:closeMatch,0.90,shared_cui,D002341,86003009,Carotid artery thrombosis,2,disease,BC5CDR
http://id.nlm.nih.gov/mesh/D002547,http://snomed.info/id/128188000,skos:closeMatch,0.90,shared_cui,D002547,128188000,Cerebral palsy,2,disease,BC5CDR
http://id.nlm.nih.gov/mesh/D002698,http://snomed.info/id/277016007,skos:closeMatch,0.90,shared_cui,D002698,277016007,Alphachloralose,2,chemical,BC5CDR
http://id.nlm.nih.gov/mesh/D002766,http://snomed.info/id/46225008,skos:closeMatch,0.90,shared_cui,D002766,46225008,Cholecystokinin,2,chemical,BC5CDR
http://id.nlm.nih.gov/mesh/D002809,http://snomed.info/id/4104007,skos:closeMatch,0.90,shared_cui,D002809,4104007,Chondroitin sulfate,2,chemical,BC5CDR
http://id.nlm.nih.gov/mesh/D002966,http://snomed.info/id/105590001,skos:relatedMatch,0.40,"sty_fallback:Amino Acid, Peptide, or Protein",D002966,105590001,Substance,2,chemical,BioRED
http://id.nlm.nih.gov/mesh/D003117,http://snomed.info/id/85049009,skos:closeMatch,0.90,shared_cui,D003117,85049009,Tritanopia,2,disease,BioRED
http://id.nlm.nih.gov/mesh/D003147,http://snomed.info/id/278919001,skos:closeMatch,0.90,shared_cui,D003147,278919001,Communication disorder,2,disease,"BC5CDR,BioRED"
http://id.nlm.nih.gov/mesh/D003161,http://snomed.info/id/111245009,skos:closeMatch,0.90,shared_cui,D003161,111245009,Compartment syndrome,2,disease,BC5CDR
http://id.nlm.nih.gov/mesh/D003231,http://snomed.info/id/9826008,skos:closeMatch,0.90,shared_cui,D003231,9826008,Conjunctivitis,2,disease,BC5CDR
http://id.nlm.nih.gov/mesh/D003244,http://snomed.info/id/74732009,skos:relatedMatch,0.40,sty_fallback:Mental or Behavioral Dysfunction,D003244,74732009,Mental disorder,2,disease,BC5CDR
http://id.nlm.nih.gov/mesh/D003350,http://snomed.info/id/22941009,skos:closeMatch,0.90,shared_cui,D003350,22941009,Cortodoxone,2,chemical,BC5CDR
http://id.nlm.nih.gov/mesh/D003480,http://snomed.info/id/47270006,skos:closeMatch,0.90,shared_cui,D003480,47270006,Itsenko disease,2,disease,"BC5CDR,BioRED"
http://id.nlm.nih.gov/mesh/D003609,http://snomed.info/id/387353003,skos:closeMatch,0.90,shared_cui,D003609,387353003,Dactinomycin,2,chemical,"BC5CDR,BioRED"
http://id.nlm.nih.gov/mesh/D003847,http://snomed.info/id/372701006,skos:broadMatch,0.65,mrrel_rb,D003847,372701006,Antiviral,2,chemical,BioRED
http://id.nlm.nih.gov/mesh/D003873,http://snomed.info/id/399992009,skos:closeMatch,0.90,shared_cui,D003873,399992009,Erythroderma,2,disease,BC5CDR
http://id.nlm.nih.gov/mesh/D003876,http://snomed.info/id/90823000,skos:closeMatch,0.90,shared_cui,D003876,90823000,Infantile eczema,2,disease,"BC5CDR,BioRED"
http://id.nlm.nih.gov/mesh/D003882,http://snomed.info/id/396230008,skos:closeMatch,0.90,shared_cui,D003882,396230008,Dermatomyositis,2,disease,BC5CDR
http://id.nlm.nih.gov/mesh/D003974,http://snomed.info/id/772986003,skos:closeMatch,0.90,shared_cui,D003974,772986003,Amidotrizoic acid,2,chemical,BC5CDR
http://id.nlm.nih.gov/mesh/D004025,http://snomed.info/id/372732007,skos:closeMatch,0.90,shared_cui,D004025,372732007,Dicyclomine,2,chemical,BC5CDR
http://id.nlm.nih.gov/mesh/D004147,http://snomed.info/id/116281006,skos:closeMatch,0.90,shared_cui,D004147,116281006,Dioxin (category),2,chemical,BioRED
http://id.nlm.nih.gov/mesh/D004172,http://snomed.info/id/24982008,skos:closeMatch,0.90,shared_cui,D004172,24982008,Diplopia,2,disease,BC5CDR
http://id.nlm.nih.gov/mesh/D004310,http://snomed.info/id/7484005,skos:closeMatch,0.90,shared_cui,D004310,7484005,Double outlet right ventricle,2,disease,BC5CDR
http://id.nlm.nih.gov/mesh/D004318,http://snomed.info/id/372478003,skos:closeMatch,0.90,shared_cui,D004318,372478003,Doxycycline,2,chemical,BioRED
http://id.nlm.nih.gov/mesh/D004415,http://snomed.info/id/162031009,skos:closeMatch,0.90,shared_cui,D004415,162031009,Indigestion,2,disease,"BC5CDR,BioRED"
http://id.nlm.nih.gov/mesh/D004456,http://snomed.info/id/387073002,skos:closeMatch,0.90,shared_cui,D004456,387073002,Echothiophate iodide,2,chemical,BC5CDR
http://id.nlm.nih.gov/mesh/D004492,http://snomed.info/id/69519002,skos:closeMatch,0.90,shared_cui,D004492,69519002,Edetic acid,2,chemical,BC5CDR
http://id.nlm.nih.gov/mesh/D004700,http://snomed.info/id/362969004,skos:closeMatch,0.90,shared_cui,D004700,362969004,Disorder of endocrine system,2,disease,"BC5CDR,BioRED"
http://id.nlm.nih.gov/mesh/D004831,http://snomed.info/id/230437002,skos:closeMatch,0.90,shared_cui,D004831,230437002,Dravet syndrome,2,disease,BC5CDR
http://id.nlm.nih.gov/mesh/D004844,http://snomed.info/id/249366005,skos:closeMatch,0.90,shared_cui,D004844,249366005,Bleeding from nose,2,disease,BC5CDR
http://id.nlm.nih.gov/mesh/D004876,http://snomed.info/id/32824001,skos:closeMatch,0.90,shared_cui,D004876,32824001,Ergot alkaloid,2,chemical,BC5CDR
http://id.nlm.nih.gov/mesh/D004881,http://snomed.info/id/51510002,skos:closeMatch,0.90,shared_cui,D004881,51510002,Ergotism,2,disease,BC5CDR
http://id.nlm.nih.gov/mesh/D004890,http://snomed.info/id/247441003,skos:closeMatch,0.90,shared_cui,D004890,247441003,Erythema,2,disease,"BC5CDR,BioRED"
http://id.nlm.nih.gov/mesh/D004966,http://snomed.info/id/126098001,skos:closeMatch,0.90,shared_cui,D004966,126098001,Conjugated estrogen,2,chemical,BC5CDR
http://id.nlm.nih.gov/mesh/D004986,http://snomed.info/id/259170003,skos:closeMatch,0.90,shared_cui,D004986,259170003,Ethyl ether,2,chemical,BC5CDR
http://id.nlm.nih.gov/mesh/D005013,http://snomed.info/id/387244008,skos:closeMatch,0.90,shared_cui,D005013,387244008,Ethosuximide,2,chemical,"BC5CDR,BioRED"
http://id.nlm.nih.gov/mesh/D005124,http://snomed.info/id/19416009,skos:closeMatch,0.90,shared_cui,D005124,19416009,Congenital anomaly of eye,2,disease,BioRED
http://id.nlm.nih.gov/mesh/D005185,http://snomed.info/id/126916003,skos:closeMatch,0.90,shared_cui,D005185,126916003,Neoplasm of fallopian tube,2,disease,BC5CDR
http://id.nlm.nih.gov/mesh/D005280,http://snomed.info/id/395976006,skos:closeMatch,0.90,shared_cui,D005280,395976006,Fenoterol,2,chemical,BC5CDR
http://id.nlm.nih.gov/mesh/D005343,http://snomed.info/id/372742009,skos:closeMatch,0.90,shared_cui,D005343,372742009,Thrombolytic agent,2,chemical,BioRED
http://id.nlm.nih.gov/mesh/D005402,http://snomed.info/id/118622000,skos:closeMatch,0.90,shared_cui,D005402,118622000,Fistula,2,disease,BC5CDR
http://id.nlm.nih.gov/mesh/D005414,http://snomed.info/id/40015002,skos:closeMatch,0.90,shared_cui,D005414,40015002,Flatus,2,disease,BC5CDR
http://id.nlm.nih.gov/mesh/D005438,http://snomed.info/id/116586002,skos:closeMatch,0.90,shared_cui,D005438,116586002,Fludrocortisone,2,chemical,BC5CDR
http://id.nlm.nih.gov/mesh/D005459,http://snomed.info/id/372639009,skos:closeMatch,0.90,shared_cui,D005459,372639009,Fluoride,2,chemical,"BC5CDR,BioRED"
http://id.nlm.nih.gov/mesh/D005480,http://snomed.info/id/373506008,skos:closeMatch,0.90,shared_cui,D005480,373506008,Flurbiprofen,2,chemical,BC5CDR
http://id.nlm.nih.gov/mesh/D005600,http://snomed.info/id/613003,skos:closeMatch,0.90,shared_cui,D005600,613003,Fragile X syndrome,2,disease,BioRED
http://id.nlm.nih.gov/mesh/D005632,http://snomed.info/id/58202007,skos:closeMatch,0.90,shared_cui,D005632,58202007,Fructose,2,chemical,BioRED
http://id.nlm.nih.gov/mesh/D005734,http://snomed.info/id/36024000,skos:closeMatch,0.90,shared_cui,D005734,36024000,Gangrene,2,disease,BC5CDR
http://id.nlm.nih.gov/mesh/D005764,http://snomed.info/id/235595009,skos:closeMatch,0.90,shared_cui,D005764,235595009,Gastroesophageal reflux disease,2,disease,BC5CDR
http://id.nlm.nih.gov/mesh/D005862,http://snomed.info/id/36785009,skos:closeMatch,0.90,shared_cui,D005862,36785009,Aphasia-angular gyrus syndrome,2,disease,BC5CDR
http://id.nlm.nih.gov/mesh/D005885,http://snomed.info/id/441798003,skos:closeMatch,0.90,shared_cui,D005885,441798003,Hyperplasia of gingiva,2,disease,BC5CDR
http://id.nlm.nih.gov/mesh/D006030,http://snomed.info/id/226309007,skos:closeMatch,0.90,shared_cui,D006030,226309007,Familial renal glucosuria,2,disease,BC5CDR
http://id.nlm.nih.gov/mesh/D006063,http://snomed.info/id/408755005,skos:closeMatch,0.90,shared_cui,D006063,408755005,Choriogonadotropin,2,chemical,BioRED
http://id.nlm.nih.gov/mesh/D006153,http://snomed.info/id/57858007,skos:closeMatch,0.93,shared_cui_strict,D006153,57858007,Guanosine diphosphate,2,chemical,BioRED
http://id.nlm.nih.gov/mesh/D006259,http://snomed.info/id/82271004,skos:closeMatch,0.90,shared_cui,D006259,82271004,Injury of head,2,disease,BC5CDR
http://id.nlm.nih.gov/mesh/D006316,http://snomed.info/id/194421002,skos:closeMatch,0.90,shared_cui,D006316,194421002,High frequency deafness,2,disease,BC5CDR
http://id.nlm.nih.gov/mesh/D006397,http://snomed.info/id/259699009,skos:closeMatch,0.90,shared_cui,D006397,259699009,Hematinic,2,chemical,BioRED
http://id.nlm.nih.gov/mesh/D006426,http://snomed.info/id/19581007,skos:broadMatch,0.65,mrrel_rb,D006426,19581007,Cholinergic agent,2,chemical,BC5CDR
http://id.nlm.nih.gov/mesh/D006456,http://snomed.info/id/68600005,skos:closeMatch,0.90,shared_cui,D006456,68600005,Hemoglobinuria,2,disease,BC5CDR
http://id.nlm.nih.gov/mesh/D006505,http://snomed.info/id/128241005,skos:closeMatch,0.90,shared_cui,D006505,128241005,Inflammatory disease of liver,2,disease,"BC5CDR,BioRED"
http://id.nlm.nih.gov/mesh/D006719,http://snomed.info/id/84926003,skos:closeMatch,0.93,shared_cui_strict,D006719,84926003,Homovanillic acid,2,chemical,BC5CDR
http://id.nlm.nih.gov/mesh/D006816,http://snomed.info/id/58756001,skos:closeMatch,0.90,shared_cui,D006816,58756001,Huntington's chorea,2,disease,BC5CDR
http://id.nlm.nih.gov/mesh/D006830,http://snomed.info/id/387125005,skos:closeMatch,0.90,shared_cui,D006830,387125005,Hydralazine,2,chemical,"BC5CDR,BioRED"
http://id.nlm.nih.gov/mesh/D006876,http://snomed.info/id/79231000,skos:closeMatch,0.90,shared_cui,D006876,79231000,Hydrothorax,2,disease,BC5CDR
http://id.nlm.nih.gov/mesh/D006909,http://snomed.info/id/74727008,skos:closeMatch,0.90,shared_cui,D006909,74727008,Hydroxyproline,2,chemical,BC5CDR
http://id.nlm.nih.gov/mesh/D006912,http://snomed.info/id/111121001,skos:closeMatch,0.90,shared_cui,D006912,111121001,Chiniofon,2,chemical,BC5CDR
http://id.nlm.nih.gov/mesh/D006944,http://snomed.info/id/310505005,skos:closeMatch,0.90,shared_cui,D006944,310505005,Hyperosmolar non-ketotic state due to diabetes mellitus,2,disease,BC5CDR
http://id.nlm.nih.gov/mesh/D006945,http://snomed.info/id/312230002,skos:closeMatch,0.90,shared_cui,D006945,312230002,Hyperhidrosis,2,disease,BC5CDR
http://id.nlm.nih.gov/mesh/D006946,http://snomed.info/id/83469008,skos:closeMatch,0.90,shared_cui,D006946,83469008,Hyperinsulinism,2,disease,BC5CDR
http://id.nlm.nih.gov/mesh/D006961,http://snomed.info/id/66999008,skos:closeMatch,0.90,shared_cui,D006961,66999008,Hyperparathyroidism,2,disease,BC5CDR
http://id.nlm.nih.gov/mesh/D006974,http://snomed.info/id/70272006,skos:closeMatch,0.90,shared_cui,D006974,70272006,Malignant hypertension,2,disease,BC5CDR
http://id.nlm.nih.gov/mesh/D007011,http://snomed.info/id/36976004,skos:closeMatch,0.90,shared_cui,D007011,36976004,Hypoparathyroidism,2,disease,BC5CDR
http://id.nlm.nih.gov/mesh/D007040,http://snomed.info/id/31515003,skos:closeMatch,0.90,shared_cui,D007040,31515003,Hypoventilation,2,disease,BC5CDR
http://id.nlm.nih.gov/mesh/D007154,http://snomed.info/id/41266007,skos:closeMatch,0.90,shared_cui,D007154,41266007,Disorder of immune system,2,disease,"BC5CDR,BioRED"
http://id.nlm.nih.gov/mesh/D007328,http://snomed.info/id/67866001,skos:closeMatch,0.90,shared_cui,D007328,67866001,Insulin,2,chemical,BioRED
http://id.nlm.nih.gov/mesh/D007383,http://snomed.info/id/63491006,skos:closeMatch,0.90,shared_cui,D007383,63491006,Intermittent claudication,2,disease,BC5CDR
http://id.nlm.nih.gov/mesh/D007410,http://snomed.info/id/85919009,skos:closeMatch,0.90,shared_cui,D007410,85919009,Disorder of intestine,2,disease,"BC5CDR,BioRED"
http://id.nlm.nih.gov/mesh/D007488,http://snomed.info/id/419144003,skos:closeMatch,0.90,shared_cui,D007488,419144003,Iprindole,2,chemical,BC5CDR
http://id.nlm.nih.gov/mesh/D007548,http://snomed.info/id/387332007,skos:closeMatch,0.90,shared_cui,D007548,387332007,Isosorbide dinitrate,2,chemical,BC5CDR
http://id.nlm.nih.gov/mesh/D007632,http://snomed.info/id/18128003,skos:closeMatch,0.93,shared_cui_strict,D007632,18128003,Keratan sulfate,2,chemical,BioRED
http://id.nlm.nih.gov/mesh/D007642,http://snomed.info/id/254666005,skos:closeMatch,0.93,shared_cui_strict,D007642,254666005,Keratosis,2,disease,BioRED
http://id.nlm.nih.gov/mesh/D007805,http://snomed.info/id/229721007,skos:closeMatch,0.90,shared_cui,D007805,229721007,Speech delay,2,disease,"BC5CDR,BioRED"
http://id.nlm.nih.gov/mesh/D007855,http://snomed.info/id/1145155005,skos:closeMatch,0.90,shared_cui,D007855,1145155005,Lead and/or lead compound poisoning,2,disease,"BC5CDR,BioRED"
http://id.nlm.nih.gov/mesh/D007918,http://snomed.info/id/81004002,skos:closeMatch,0.90,shared_cui,D007918,81004002,Leprosy,2,disease,BC5CDR
http://id.nlm.nih.gov/mesh/D007955,http://snomed.info/id/56478004,skos:closeMatch,0.93,shared_cui_strict,D007955,56478004,Leukemoid reaction,2,disease,BC5CDR
http://id.nlm.nih.gov/mesh/D008105,http://snomed.info/id/1761006,skos:closeMatch,0.90,shared_cui,D008105,1761006,Biliary cirrhosis,2,disease,BC5CDR
http://id.nlm.nih.gov/mesh/D008278,http://snomed.info/id/387202002,skos:closeMatch,0.90,shared_cui,D008278,387202002,Magnesium sulfate,2,chemical,BC5CDR
http://id.nlm.nih.gov/mesh/D008464,http://snomed.info/id/372828008,skos:closeMatch,0.90,shared_cui,D008464,372828008,Mecamylamine,2,chemical,BC5CDR
http://id.nlm.nih.gov/mesh/D008538,http://snomed.info/id/230325003,skos:closeMatch,0.93,shared_cui_strict,D008538,230325003,Meige syndrome,2,disease,BC5CDR
http://id.nlm.nih.gov/mesh/D008559,http://snomed.info/id/406458000,skos:closeMatch,0.90,shared_cui,D008559,406458000,Memantine,2,chemical,"BC5CDR,BioRED"
http://id.nlm.nih.gov/mesh/D008579,http://snomed.info/id/40935003,skos:closeMatch,0.90,shared_cui,D008579,40935003,Meningiomatosis,2,disease,BC5CDR
http://id.nlm.nih.gov/mesh/D008599,http://snomed.info/id/52754008,skos:closeMatch,0.90,shared_cui,D008599,52754008,Polymenorrhea,2,disease,BC5CDR
http://id.nlm.nih.gov/mesh/D008625,http://snomed.info/id/109106000,skos:closeMatch,0.90,shared_cui,D008625,109106000,Tiopronin,2,chemical,BC5CDR
http://id.nlm.nih.gov/mesh/D008654,http://snomed.info/id/154491004,skos:closeMatch,0.90,shared_cui,D008654,154491004,Mesothelioma,2,disease,BC5CDR
http://id.nlm.nih.gov/mesh/D008712,http://snomed.info/id/373515001,skos:closeMatch,0.90,shared_cui,D008712,373515001,Methicillin,2,chemical,"BC5CDR,BioRED"
http://id.nlm.nih.gov/mesh/D008733,http://snomed.info/id/11136004,skos:closeMatch,0.90,shared_cui,D008733,11136004,Methoxyflurane,2,chemical,BC5CDR
http://id.nlm.nih.gov/mesh/D008748,http://snomed.info/id/13967008,skos:closeMatch,0.93,shared_cui_strict,D008748,13967008,Methylcholanthrene,2,chemical,BC5CDR
http://id.nlm.nih.gov/mesh/D008784,http://snomed.info/id/387044000,skos:closeMatch,0.90,shared_cui,D008784,387044000,Methysergide,2,chemical,BC5CDR
http://id.nlm.nih.gov/mesh/D009087,http://snomed.info/id/69463008,skos:closeMatch,0.90,shared_cui,D009087,69463008,Maroteaux-Lamy syndrome,2,disease,BioRED
http://id.nlm.nih.gov/mesh/D009134,http://snomed.info/id/5262007,skos:closeMatch,0.90,shared_cui,D009134,5262007,Spinal muscular atrophy,2,disease,BioRED
http://id.nlm.nih.gov/mesh/D009187,http://snomed.info/id/41370002,skos:closeMatch,0.90,shared_cui,D009187,41370002,Myelitis,2,disease,"BC5CDR,BioRED"
http://id.nlm.nih.gov/mesh/D009222,http://snomed.info/id/3434004,skos:closeMatch,0.90,shared_cui,D009222,3434004,Myotonia,2,disease,BC5CDR
http://id.nlm.nih.gov/mesh/D009240,http://snomed.info/id/105590001,skos:relatedMatch,0.40,"sty_fallback:Amino Acid, Peptide, or Protein",D009240,105590001,Substance,2,chemical,BC5CDR
http://id.nlm.nih.gov/mesh/D009260,http://snomed.info/id/17790008,skos:closeMatch,0.90,shared_cui,D009260,17790008,Disorder of nail,2,disease,BioRED
http://id.nlm.nih.gov/mesh/D009278,http://snomed.info/id/372803000,skos:closeMatch,0.90,shared_cui,D009278,372803000,Naphazoline,2,chemical,BC5CDR
http://id.nlm.nih.gov/mesh/D009525,http://snomed.info/id/273943001,skos:closeMatch,0.90,shared_cui,D009525,273943001,Niacin,2,chemical,BC5CDR
http://id.nlm.nih.gov/mesh/D009529,http://snomed.info/id/372502001,skos:closeMatch,0.90,shared_cui,D009529,372502001,Nicardipine,2,chemical,"BC5CDR,BioRED"
http://id.nlm.nih.gov/mesh/D009582,http://snomed.info/id/373543005,skos:closeMatch,0.90,shared_cui,D009582,373543005,Nitrofurantoin,2,chemical,BC5CDR
http://id.nlm.nih.gov/mesh/D009589,http://snomed.info/id/311735009,skos:closeMatch,0.90,shared_cui,D009589,311735009,Oxide of nitrogen,2,chemical,BioRED
http://id.nlm.nih.gov/mesh/D009661,http://snomed.info/id/372652004,skos:closeMatch,0.90,shared_cui,D009661,372652004,Nortriptyline,2,chemical,BC5CDR
http://id.nlm.nih.gov/mesh/D009711,http://snomed.info/id/71211001,skos:closeMatch,0.90,shared_cui,D009711,71211001,Nucleotide,2,chemical,BC5CDR
http://id.nlm.nih.gov/mesh/D009712,http://snomed.info/id/105590001,skos:relatedMatch,0.40,"sty_fallback:Nucleic Acid, Nucleoside, or Nucleotide",D009712,105590001,Substance,2,chemical,BC5CDR
http://id.nlm.nih.gov/mesh/D009838,http://snomed.info/id/105590001,skos:relatedMatch,0.40,"sty_fallback:Nucleic Acid, Nucleoside, or Nucleotide",D009838,105590001,Substance,2,chemical,BC5CDR
http://id.nlm.nih.gov/mesh/D009877,http://snomed.info/id/1847009,skos:closeMatch,0.90,shared_cui,D009877,1847009,Endophthalmitis,2,disease,BC5CDR
http://id.nlm.nih.gov/mesh/D009894,http://snomed.info/id/61274003,skos:closeMatch,0.90,shared_cui,D009894,61274003,Opportunistic infectious disease,2,disease,BC5CDR
http://id.nlm.nih.gov/mesh/D009943,http://snomed.info/id/50352000,skos:closeMatch,0.90,shared_cui,D009943,50352000,Organic phosphorus compound,2,chemical,BC5CDR
http://id.nlm.nih.gov/mesh/D010019,http://snomed.info/id/60168000,skos:closeMatch,0.90,shared_cui,D010019,60168000,Osteomyelitis,2,disease,"BC5CDR,BioRED"
http://id.nlm.nih.gov/mesh/D010049,http://snomed.info/id/5552004,skos:closeMatch,0.90,shared_cui,D010049,5552004,Disorder of ovary,2,disease,BC5CDR
http://id.nlm.nih.gov/mesh/D010197,http://snomed.info/id/373738000,skos:closeMatch,0.90,shared_cui,D010197,373738000,Pancuronium,2,chemical,BC5CDR
http://id.nlm.nih.gov/mesh/D010382,http://snomed.info/id/58008004,skos:closeMatch,0.90,shared_cui,D010382,58008004,Peliosis hepatis,2,disease,BC5CDR
http://id.nlm.nih.gov/mesh/D010428,http://snomed.info/id/105590001,skos:relatedMatch,0.40,sty_fallback:Organic Chemical,D010428,105590001,Substance,2,chemical,BC5CDR
http://id.nlm.nih.gov/mesh/D010437,http://snomed.info/id/13200003,skos:closeMatch,0.90,shared_cui,D010437,13200003,Peptic ulcer,2,disease,BC5CDR
http://id.nlm.nih.gov/mesh/D010534,http://snomed.info/id/448707007,skos:closeMatch,0.90,shared_cui,D010534,448707007,Abdominal wall tumor,2,disease,BC5CDR
http://id.nlm.nih.gov/mesh/D010545,http://snomed.info/id/418339008,skos:closeMatch,0.90,shared_cui,D010545,418339008,Peroxide,2,chemical,BC5CDR
http://id.nlm.nih.gov/mesh/D010642,http://snomed.info/id/105590001,skos:relatedMatch,0.40,sty_fallback:Organic Chemical,D010642,105590001,Substance,2,chemical,BC5CDR
http://id.nlm.nih.gov/mesh/D010653,http://snomed.info/id/273951003,skos:closeMatch,0.90,shared_cui,D010653,273951003,Phenylbutazone,2,chemical,BC5CDR
http://id.nlm.nih.gov/mesh/D010689,http://snomed.info/id/61599003,skos:closeMatch,0.90,shared_cui,D010689,61599003,Phlebitis,2,disease,BC5CDR
http://id.nlm.nih.gov/mesh/D010713,http://snomed.info/id/26312007,skos:closeMatch,0.90,shared_cui,D010713,26312007,Phosphatidylcholine,2,chemical,BioRED
http://id.nlm.nih.gov/mesh/D010725,http://snomed.info/id/16984006,skos:closeMatch,0.93,shared_cui_strict,D010725,16984006,Phosphocreatine,2,chemical,BC5CDR
http://id.nlm.nih.gov/mesh/D010835,http://snomed.info/id/10669005,skos:closeMatch,0.90,shared_cui,D010835,10669005,Phytohemagglutinin,2,chemical,BioRED
http://id.nlm.nih.gov/mesh/D010859,http://snomed.info/id/48543002,skos:closeMatch,0.90,shared_cui,D010859,48543002,Nevus of Ito,2,disease,BioRED
http://id.nlm.nih.gov/mesh/D010869,http://snomed.info/id/387102009,skos:closeMatch,0.90,shared_cui,D010869,387102009,Pindolol,2,chemical,BC5CDR
http://id.nlm.nih.gov/mesh/D011024,http://snomed.info/id/75570004,skos:closeMatch,0.90,shared_cui,D011024,75570004,Viral pneumonia,2,disease,BC5CDR
http://id.nlm.nih.gov/mesh/D011034,http://snomed.info/id/76575003,skos:closeMatch,0.90,shared_cui,D011034,76575003,Podophyllotoxin,2,chemical,"BC5CDR,BioRED"
http://id.nlm.nih.gov/mesh/D011086,http://snomed.info/id/127062003,skos:closeMatch,0.90,shared_cui,D011086,127062003,Erythrocytosis,2,disease,"BC5CDR,BioRED"
http://id.nlm.nih.gov/mesh/D011343,http://snomed.info/id/387238009,skos:closeMatch,0.90,shared_cui,D011343,387238009,Procaine,2,chemical,"BC5CDR,BioRED"
http://id.nlm.nih.gov/mesh/D011352,http://snomed.info/id/387247001,skos:closeMatch,0.90,shared_cui,D011352,387247001,Procyclidine,2,chemical,BC5CDR
http://id.nlm.nih.gov/mesh/D011388,http://snomed.info/id/70454002,skos:closeMatch,0.90,shared_cui,D011388,70454002,Prolactin,2,chemical,BC5CDR
http://id.nlm.nih.gov/mesh/D011419,http://snomed.info/id/105590001,skos:relatedMatch,0.40,sty_fallback:Organic Chemical,D011419,105590001,Substance,2,chemical,"BC5CDR,BioRED"
http://id.nlm.nih.gov/mesh/D011687,http://snomed.info/id/45386002,skos:narrowMatch,0.55,mrrel_rn,D011687,45386002,Purine,2,chemical,BC5CDR
http://id.nlm.nih.gov/mesh/D011702,http://snomed.info/id/27174002,skos:closeMatch,0.90,shared_cui,D011702,27174002,Pyelitis,2,disease,BC5CDR
http://id.nlm.nih.gov/mesh/D011814,http://snomed.info/id/410937004,skos:broadMatch,0.65,mrrel_rb,D011814,410937004,Oxytocic agent,2,chemical,BC5CDR
http://id.nlm.nih.gov/mesh/D011832,http://snomed.info/id/81018009,skos:closeMatch,0.90,shared_cui,D011832,81018009,Radiation injury,2,disease,"BC5CDR,BioRED"
http://id.nlm.nih.gov/mesh/D011843,http://snomed.info/id/82473003,skos:closeMatch,0.90,shared_cui,D011843,82473003,Radiculitis,2,disease,"BC5CDR,BioRED"
http://id.nlm.nih.gov/mesh/D012078,http://snomed.info/id/302233006,skos:closeMatch,0.90,shared_cui,D012078,302233006,Renal artery stenosis,2,disease,BC5CDR
http://id.nlm.nih.gov/mesh/D012128,http://snomed.info/id/67782005,skos:closeMatch,0.90,shared_cui,D012128,67782005,Acute respiratory distress syndrome,2,disease,BC5CDR
http://id.nlm.nih.gov/mesh/D012140,http://snomed.info/id/721076000,skos:narrowMatch,0.55,mrrel_rn,D012140,721076000,Siegler Brewer Carey syndrome,2,disease,BC5CDR
http://id.nlm.nih.gov/mesh/D012163,http://snomed.info/id/42059000,skos:closeMatch,0.90,shared_cui,D012163,42059000,Retinal detachment,2,disease,"BC5CDR,BioRED"
http://id.nlm.nih.gov/mesh/D012313,http://snomed.info/id/27888000,skos:closeMatch,0.90,shared_cui,D012313,27888000,Ribonucleic acid,2,chemical,"BC5CDR,BioRED"
http://id.nlm.nih.gov/mesh/D012421,http://snomed.info/id/125671007,skos:closeMatch,0.90,shared_cui,D012421,125671007,Rupture,2,disease,BC5CDR
http://id.nlm.nih.gov/mesh/D012524,http://snomed.info/id/70846008,skos:closeMatch,0.93,shared_cui_strict,D012524,70846008,Sarin,2,chemical,"BC5CDR,BioRED"
http://id.nlm.nih.gov/mesh/D012530,http://snomed.info/id/23317009,skos:closeMatch,0.93,shared_cui_strict,D012530,23317009,Saxitoxin,2,chemical,BC5CDR
http://id.nlm.nih.gov/mesh/D012532,http://snomed.info/id/128869009,skos:closeMatch,0.90,shared_cui,D012532,128869009,Infestation by Sarcoptes scabiei var hominis,2,disease,BC5CDR
http://id.nlm.nih.gov/mesh/D012598,http://snomed.info/id/43846000,skos:closeMatch,0.93,shared_cui_strict,D012598,43846000,Sclerosis,2,disease,BC5CDR
http://id.nlm.nih.gov/mesh/D012607,http://snomed.info/id/129625005,skos:closeMatch,0.90,shared_cui,D012607,129625005,Ring scotoma,2,disease,BC5CDR
http://id.nlm.nih.gov/mesh/D012643,http://snomed.info/id/22038003,skos:closeMatch,0.90,shared_cui,D012643,22038003,Selenium,2,chemical,"BC5CDR,BioRED"
http://id.nlm.nih.gov/mesh/D012685,http://snomed.info/id/256227006,skos:closeMatch,0.90,shared_cui,D012685,256227006,Agarose,2,chemical,BioRED
http://id.nlm.nih.gov/mesh/D012817,http://snomed.info/id/404684003,skos:relatedMatch,0.40,sty_fallback:Sign or Symptom,D012817,404684003,Clinical finding,2,disease,BC5CDR
http://id.nlm.nih.gov/mesh/D012834,http://snomed.info/id/41967008,skos:closeMatch,0.90,shared_cui,D012834,41967008,Silver,2,chemical,BC5CDR
http://id.nlm.nih.gov/mesh/D012977,http://snomed.info/id/10377000,skos:closeMatch,0.90,shared_cui,D012977,10377000,Sodium nitrite,2,chemical,BC5CDR
http://id.nlm.nih.gov/mesh/D012980,http://snomed.info/id/387411000,skos:closeMatch,0.90,shared_cui,D012980,387411000,Sodium salicylate,2,chemical,BC5CDR
http://id.nlm.nih.gov/mesh/D012999,http://snomed.info/id/363650003,skos:closeMatch,0.93,shared_cui_strict,D012999,363650003,Soman,2,chemical,"BC5CDR,BioRED"
http://id.nlm.nih.gov/mesh/D013261,http://snomed.info/id/16136003,skos:closeMatch,0.90,shared_cui,D013261,16136003,Sterol,2,chemical,BC5CDR
http://id.nlm.nih.gov/mesh/D013290,http://snomed.info/id/302809008,skos:closeMatch,0.90,shared_cui,D013290,302809008,Streptococcus pyogenes infection,2,disease,"BC5CDR,BioRED"
http://id.nlm.nih.gov/mesh/D013449,http://snomed.info/id/387406002,skos:closeMatch,0.90,shared_cui,D013449,387406002,Sulfonamide,2,chemical,BC5CDR
http://id.nlm.nih.gov/mesh/D013479,http://snomed.info/id/63363004,skos:closeMatch,0.90,shared_cui,D013479,63363004,Superior vena cava syndrome,2,disease,BC5CDR
http://id.nlm.nih.gov/mesh/D013616,http://snomed.info/id/11092001,skos:closeMatch,0.90,shared_cui,D013616,11092001,Sinus tachycardia,2,disease,BC5CDR
http://id.nlm.nih.gov/mesh/D013656,http://snomed.info/id/47950009,skos:closeMatch,0.93,shared_cui_strict,D013656,47950009,Taurocholic acid,2,chemical,BC5CDR
http://id.nlm.nih.gov/mesh/D013693,http://snomed.info/id/387300007,skos:closeMatch,0.90,shared_cui,D013693,387300007,Temazepam,2,chemical,BC5CDR
http://id.nlm.nih.gov/mesh/D013716,http://snomed.info/id/202855006,skos:closeMatch,0.90,shared_cui,D013716,202855006,Lateral epicondylitis,2,disease,BC5CDR
http://id.nlm.nih.gov/mesh/D013733,http://snomed.info/id/64910008,skos:closeMatch,0.90,shared_cui,D013733,64910008,Disorder of testis,2,disease,"BC5CDR,BioRED"
http://id.nlm.nih.gov/mesh/D013789,http://snomed.info/id/40108008,skos:closeMatch,0.90,shared_cui,D013789,40108008,Thalassemia,2,disease,BC5CDR
http://id.nlm.nih.gov/mesh/D013827,http://snomed.info/id/416624006,skos:closeMatch,0.90,shared_cui,D013827,416624006,Thiabendazole,2,chemical,BC5CDR
http://id.nlm.nih.gov/mesh/D013881,http://snomed.info/id/372706001,skos:closeMatch,0.90,shared_cui,D013881,372706001,Thioridazine,2,chemical,BC5CDR
http://id.nlm.nih.gov/mesh/D013931,http://snomed.info/id/80946001,skos:closeMatch,0.90,shared_cui,D013931,80946001,Thromboxane,2,chemical,"BC5CDR,BioRED"
http://id.nlm.nih.gov/mesh/D013972,http://snomed.info/id/65428006,skos:closeMatch,0.90,shared_cui,D013972,65428006,Thyrotrophin,2,chemical,BC5CDR
http://id.nlm.nih.gov/mesh/D014191,http://snomed.info/id/372891006,skos:closeMatch,0.90,shared_cui,D014191,372891006,Tranylcypromine,2,chemical,BC5CDR
http://id.nlm.nih.gov/mesh/D014277,http://snomed.info/id/31681005,skos:closeMatch,0.90,shared_cui,D014277,31681005,Trigeminal neuralgia,2,disease,BC5CDR
http://id.nlm.nih.gov/mesh/D014343,http://snomed.info/id/60441008,skos:closeMatch,0.90,shared_cui,D014343,60441008,Trypan blue stain,2,chemical,"BC5CDR,BioRED"
http://id.nlm.nih.gov/mesh/D014424,http://snomed.info/id/710008008,skos:closeMatch,0.90,shared_cui,D014424,710008008,Monosomy X,2,disease,BC5CDR
http://id.nlm.nih.gov/mesh/D014514,http://snomed.info/id/64572001,skos:relatedMatch,0.40,sty_fallback:Disease or Syndrome,D014514,64572001,Disease,2,disease,BC5CDR
http://id.nlm.nih.gov/mesh/D014523,http://snomed.info/id/126883004,skos:closeMatch,0.90,shared_cui,D014523,126883004,Neoplasm of urethra,2,disease,BC5CDR
http://id.nlm.nih.gov/mesh/D014552,http://snomed.info/id/68566005,skos:closeMatch,0.90,shared_cui,D014552,68566005,Urinary tract infectious disease,2,disease,BC5CDR
http://id.nlm.nih.gov/mesh/D014571,http://snomed.info/id/126879004,skos:closeMatch,0.90,shared_cui,D014571,126879004,Neoplasm of urinary system,2,disease,BC5CDR
http://id.nlm.nih.gov/mesh/D014591,http://snomed.info/id/12337004,skos:closeMatch,0.90,shared_cui,D014591,12337004,Disorder of uterus,2,disease,BC5CDR
http://id.nlm.nih.gov/mesh/D014673,http://snomed.info/id/372883002,skos:closeMatch,0.90,shared_cui,D014673,372883002,Vecuronium,2,chemical,BC5CDR
http://id.nlm.nih.gov/mesh/D014751,http://snomed.info/id/409198005,skos:closeMatch,0.90,shared_cui,D014751,409198005,Vindesine,2,chemical,BC5CDR
http://id.nlm.nih.gov/mesh/D014812,http://snomed.info/id/65183007,skos:closeMatch,0.90,shared_cui,D014812,65183007,Vitamin K and/or vitamin K derivative,2,chemical,BC5CDR
http://id.nlm.nih.gov/mesh/D014842,http://snomed.info/id/128105004,skos:closeMatch,0.90,shared_cui,D014842,128105004,von Willebrand disorder,2,disease,BioRED
http://id.nlm.nih.gov/mesh/D015043,http://snomed.info/id/53132006,skos:closeMatch,0.90,shared_cui,D015043,53132006,Zollinger-Ellison syndrome,2,disease,BC5CDR
http://id.nlm.nih.gov/mesh/D015055,http://snomed.info/id/105590001,skos:relatedMatch,0.40,"sty_fallback:Amino Acid, Peptide, or Protein",D015055,105590001,Substance,2,chemical,BC5CDR
http://id.nlm.nih.gov/mesh/D015210,http://snomed.info/id/48440001,skos:closeMatch,0.90,shared_cui,D015210,48440001,Gouty arthritis,2,disease,BC5CDR
http://id.nlm.nih.gov/mesh/D015275,http://snomed.info/id/277605001,skos:closeMatch,0.93,shared_cui_strict,D015275,277605001,Tumor lysis syndrome,2,disease,BC5CDR
http://id.nlm.nih.gov/mesh/D015356,http://snomed.info/id/232035005,skos:closeMatch,0.93,shared_cui_strict,D015356,232035005,Retinal artery occlusion,2,disease,BC5CDR
http://id.nlm.nih.gov/mesh/D015737,http://snomed.info/id/386861009,skos:closeMatch,0.90,shared_cui,D015737,386861009,Nisoldipine,2,chemical,BC5CDR
http://id.nlm.nih.gov/mesh/D015784,http://snomed.info/id/409276006,skos:closeMatch,0.90,shared_cui,D015784,409276006,Betaxolol,2,chemical,BC5CDR
http://id.nlm.nih.gov/mesh/D015814,http://snomed.info/id/19721008,skos:closeMatch,0.90,shared_cui,D015814,19721008,Hypotony of eye,2,disease,BC5CDR
http://id.nlm.nih.gov/mesh/D015845,http://snomed.info/id/24225004,skos:closeMatch,0.90,shared_cui,D015845,24225004,Tonic pupillary reaction,2,disease,BC5CDR
http://id.nlm.nih.gov/mesh/D015863,http://snomed.info/id/77971008,skos:closeMatch,0.90,shared_cui,D015863,77971008,Iridocyclitis,2,disease,BC5CDR
http://id.nlm.nih.gov/mesh/D016210,http://snomed.info/id/109196007,skos:closeMatch,0.93,shared_cui_strict,D016210,109196007,Methacholine chloride,2,chemical,BioRED
http://id.nlm.nih.gov/mesh/D016511,http://snomed.info/id/722067005,skos:closeMatch,0.90,shared_cui,D016511,722067005,Omenn syndrome,2,disease,"BC5CDR,BioRED"
http://id.nlm.nih.gov/mesh/D016638,http://snomed.info/id/1351859001,skos:narrowMatch,0.55,mrrel_rn,D016638,1351859001,Post intensive care syndrome,2,disease,BC5CDR
http://id.nlm.nih.gov/mesh/D016718,http://snomed.info/id/3792001,skos:closeMatch,0.93,shared_cui_strict,D016718,3792001,Arachidonic acid,2,chemical,BioRED
http://id.nlm.nih.gov/mesh/D016729,http://snomed.info/id/397198002,skos:closeMatch,0.90,shared_cui,D016729,397198002,Leuprolide,2,chemical,BC5CDR
http://id.nlm.nih.gov/mesh/D017091,http://snomed.info/id/30588004,skos:closeMatch,0.90,shared_cui,D017091,30588004,Ischemic colitis,2,disease,BC5CDR
http://id.nlm.nih.gov/mesh/D017245,http://snomed.info/id/372902006,skos:closeMatch,0.90,shared_cui,D017245,372902006,Foscarnet,2,chemical,BioRED
http://id.nlm.nih.gov/mesh/D017254,http://snomed.info/id/446688004,skos:closeMatch,0.93,shared_cui_strict,D017254,446688004,Leukemic infiltration,2,disease,BC5CDR
http://id.nlm.nih.gov/mesh/D017257,http://snomed.info/id/386872004,skos:closeMatch,0.90,shared_cui,D017257,386872004,Ramipril,2,chemical,"BC5CDR,BioRED"
http://id.nlm.nih.gov/mesh/D017294,http://snomed.info/id/372487007,skos:closeMatch,0.90,shared_cui,D017294,372487007,Ondansetron,2,chemical,BC5CDR
http://id.nlm.nih.gov/mesh/D017301,http://snomed.info/id/105590001,skos:relatedMatch,0.40,"sty_fallback:Amino Acid, Peptide, or Protein",D017301,105590001,Substance,2,chemical,BioRED
http://id.nlm.nih.gov/mesh/D017512,http://snomed.info/id/12873001,skos:closeMatch,0.90,shared_cui,D017512,12873001,Lichenoid eruption,2,disease,BC5CDR
http://id.nlm.nih.gov/mesh/D017674,http://snomed.info/id/4996001,skos:closeMatch,0.93,shared_cui_strict,D017674,4996001,Hypophosphatemia,2,disease,"BC5CDR,BioRED"
http://id.nlm.nih.gov/mesh/D018236,http://snomed.info/id/1156454002,skos:closeMatch,0.90,shared_cui,D018236,1156454002,Embryonal carcinoma,2,disease,BioRED
http://id.nlm.nih.gov/mesh/D018262,http://snomed.info/id/30546008,skos:closeMatch,0.90,shared_cui,D018262,30546008,Clear cell adenocarcinoma,2,disease,BC5CDR
http://id.nlm.nih.gov/mesh/D018636,http://snomed.info/id/62067003,skos:closeMatch,0.93,shared_cui_strict,D018636,62067003,Hypoplastic left heart syndrome,2,disease,BC5CDR
http://id.nlm.nih.gov/mesh/D018680,http://snomed.info/id/373246003,skos:closeMatch,0.90,shared_cui,D018680,373246003,Acetylcholine receptor antagonist,2,chemical,BioRED
http://id.nlm.nih.gov/mesh/D018723,http://snomed.info/id/372698003,skos:closeMatch,0.90,shared_cui,D018723,372698003,Bethanechol,2,chemical,BC5CDR
http://id.nlm.nih.gov/mesh/D018727,http://snomed.info/id/372679000,skos:closeMatch,0.90,shared_cui,D018727,372679000,Muscarinic receptor antagonist,2,chemical,"BC5CDR,BioRED"
http://id.nlm.nih.gov/mesh/D018781,http://snomed.info/id/66551002,skos:closeMatch,0.90,shared_cui,D018781,66551002,Psychogenic headache,2,disease,BC5CDR
http://id.nlm.nih.gov/mesh/D018798,http://snomed.info/id/87522002,skos:closeMatch,0.90,shared_cui,D018798,87522002,Iron deficiency anemia,2,disease,BioRED
http://id.nlm.nih.gov/mesh/D018847,http://snomed.info/id/105590001,skos:relatedMatch,0.40,"sty_fallback:Amino Acid, Peptide, or Protein",D018847,105590001,Substance,2,chemical,BioRED
http://id.nlm.nih.gov/mesh/D018856,http://snomed.info/id/111409009,skos:closeMatch,0.90,shared_cui,D018856,111409009,Ulcerative cystitis,2,disease,BC5CDR
http://id.nlm.nih.gov/mesh/D018981,http://snomed.info/id/238049009,skos:closeMatch,0.90,shared_cui,D018981,238049009,Carbohydrate-deficient glycoprotein syndrome,2,disease,BioRED
http://id.nlm.nih.gov/mesh/D019301,http://snomed.info/id/259579007,skos:closeMatch,0.90,shared_cui,D019301,259579007,9 cis-octadecenoic acid,2,chemical,BC5CDR
http://id.nlm.nih.gov/mesh/D019557,http://snomed.info/id/238751002,skos:closeMatch,0.90,shared_cui,D019557,238751002,Perioral dermatitis,2,disease,BC5CDR
http://id.nlm.nih.gov/mesh/D019800,http://snomed.info/id/116613007,skos:closeMatch,0.90,shared_cui,D019800,116613007,Phenol,2,chemical,BC5CDR
http://id.nlm.nih.gov/mesh/D019820,http://snomed.info/id/46843002,skos:closeMatch,0.90,shared_cui,D019820,46843002,Xanthine,2,chemical,BC5CDR
http://id.nlm.nih.gov/mesh/D019832,http://snomed.info/id/372690005,skos:closeMatch,0.90,shared_cui,D019832,372690005,Methscopolamine,2,chemical,BC5CDR
http://id.nlm.nih.gov/mesh/D019851,http://snomed.info/id/234467004,skos:closeMatch,0.90,shared_cui,D019851,234467004,Thrombophilia,2,disease,"BC5CDR,BioRED"
http://id.nlm.nih.gov/mesh/D019956,http://snomed.info/id/43954004,skos:closeMatch,0.90,shared_cui,D019956,43954004,Head-banging,2,disease,BC5CDR
http://id.nlm.nih.gov/mesh/D020152,http://snomed.info/id/36351005,skos:closeMatch,0.93,shared_cui_strict,D020152,36351005,Antithrombin III deficiency,2,disease,BioRED
http://id.nlm.nih.gov/mesh/D020294,http://snomed.info/id/230672006,skos:closeMatch,0.90,shared_cui,D020294,230672006,Congenital myasthenic syndrome,2,disease,BioRED
http://id.nlm.nih.gov/mesh/D020335,http://snomed.info/id/1845001,skos:closeMatch,0.93,shared_cui_strict,D020335,1845001,Paraparesis,2,disease,"BC5CDR,BioRED"
http://id.nlm.nih.gov/mesh/D020447,http://snomed.info/id/58690002,skos:closeMatch,0.90,shared_cui,D020447,58690002,Parasomnia,2,disease,BC5CDR
http://id.nlm.nih.gov/mesh/D020748,http://snomed.info/id/421651006,skos:closeMatch,0.90,shared_cui,D020748,421651006,Mibefradil,2,chemical,BC5CDR
http://id.nlm.nih.gov/mesh/D020758,http://snomed.info/id/39134007,skos:closeMatch,0.90,shared_cui,D020758,39134007,Hematomyelia,2,disease,BC5CDR
http://id.nlm.nih.gov/mesh/D020795,http://snomed.info/id/409668002,skos:closeMatch,0.90,shared_cui,D020795,409668002,Photophobia,2,disease,BC5CDR
http://id.nlm.nih.gov/mesh/D020803,http://snomed.info/id/428638009,skos:closeMatch,0.90,shared_cui,D020803,428638009,Encephalitis caused by Herpesvirus,2,disease,BC5CDR
http://id.nlm.nih.gov/mesh/D020896,http://snomed.info/id/816082000,skos:closeMatch,0.90,shared_cui,D020896,816082000,Hypovolemia,2,disease,BC5CDR
http://id.nlm.nih.gov/mesh/D020909,http://snomed.info/id/386965004,skos:closeMatch,0.90,shared_cui,D020909,386965004,Acarbose,2,chemical,BioRED
http://id.nlm.nih.gov/mesh/D020915,http://snomed.info/id/69482004,skos:closeMatch,0.90,shared_cui,D020915,69482004,Korsakoff's psychosis,2,disease,BC5CDR
http://id.nlm.nih.gov/mesh/D020920,http://snomed.info/id/44186003,skos:closeMatch,0.90,shared_cui,D020920,44186003,Dyssomnia,2,disease,"BC5CDR,BioRED"
http://id.nlm.nih.gov/mesh/D020967,http://snomed.info/id/193237003,skos:closeMatch,0.90,shared_cui,D020967,193237003,Myotonic disorder,2,disease,BC5CDR
http://id.nlm.nih.gov/mesh/D021501,http://snomed.info/id/247355005,skos:closeMatch,0.90,shared_cui,D021501,247355005,Flank pain,2,disease,BC5CDR
http://id.nlm.nih.gov/mesh/D023341,http://snomed.info/id/43724002,skos:closeMatch,0.90,shared_cui,D023341,43724002,Chill,2,disease,"BC5CDR,BioRED"
http://id.nlm.nih.gov/mesh/D025861,http://snomed.info/id/33297000,skos:narrowMatch,0.55,mrrel_rn,D025861,33297000,Hereditary factor II deficiency disease,2,disease,BioRED
http://id.nlm.nih.gov/mesh/D026941,http://snomed.info/id/782436006,skos:closeMatch,0.90,shared_cui,D026941,782436006,Sodium channel blocker,2,chemical,BioRED
http://id.nlm.nih.gov/mesh/D031300,http://snomed.info/id/77628002,skos:closeMatch,0.90,shared_cui,D031300,77628002,Retinal vasculitis,2,disease,BC5CDR
http://id.nlm.nih.gov/mesh/D041881,http://snomed.info/id/65275009,skos:closeMatch,0.90,shared_cui,D041881,65275009,Acute cholecystitis,2,disease,BC5CDR
http://id.nlm.nih.gov/mesh/D042967,http://snomed.info/id/40879004,skos:closeMatch,0.90,shared_cui,D042967,40879004,NADH dehydrogenase (ubiquinon),2,chemical,BioRED
http://id.nlm.nih.gov/mesh/D044882,http://snomed.info/id/126877002,skos:closeMatch,0.90,shared_cui,D044882,126877002,Disorder of glucose metabolism,2,disease,BioRED
http://id.nlm.nih.gov/mesh/D052177,http://snomed.info/id/156973002,skos:closeMatch,0.90,shared_cui,D052177,156973002,Cystic kidney disease,2,disease,"BC5CDR,BioRED"
http://id.nlm.nih.gov/mesh/D052638,http://snomed.info/id/105590001,skos:relatedMatch,0.40,sty_fallback:Hazardous or Poisonous Substance,D052638,105590001,Substance,2,chemical,BC5CDR
http://id.nlm.nih.gov/mesh/D054019,http://snomed.info/id/426202004,skos:closeMatch,0.93,shared_cui_strict,D054019,426202004,Immune reconstitution inflammatory syndrome,2,disease,"BC5CDR,BioRED"
http://id.nlm.nih.gov/mesh/D054179,http://snomed.info/id/82966003,skos:closeMatch,0.90,shared_cui,D054179,82966003,Hereditary angioedema,2,disease,BC5CDR
http://id.nlm.nih.gov/mesh/D054218,http://snomed.info/id/128824003,skos:closeMatch,0.90,shared_cui,D054218,128824003,T-lymphoblastic leukemia,2,disease,BC5CDR
http://id.nlm.nih.gov/mesh/D054559,http://snomed.info/id/20165001,skos:closeMatch,0.93,shared_cui_strict,D054559,20165001,Hyperphosphatemia,2,disease,BC5CDR
http://id.nlm.nih.gov/mesh/D054715,http://snomed.info/id/105590001,skos:relatedMatch,0.40,sty_fallback:Hazardous or Poisonous Substance,D054715,105590001,Substance,2,chemical,BioRED
http://id.nlm.nih.gov/mesh/D054908,http://snomed.info/id/422481005,skos:closeMatch,0.90,shared_cui,D054908,422481005,Extreme drug resistant tuberculosis,2,disease,BC5CDR
http://id.nlm.nih.gov/mesh/D055499,http://snomed.info/id/440653007,skos:closeMatch,0.90,shared_cui,D055499,440653007,Infection associated with catheter,2,disease,BC5CDR
http://id.nlm.nih.gov/mesh/D056648,http://snomed.info/id/722191003,skos:closeMatch,0.90,shared_cui,D056648,722191003,Antineutrophil cytoplasmic antibody positive vasculitis,2,disease,BC5CDR
http://id.nlm.nih.gov/mesh/D056768,http://snomed.info/id/128207002,skos:closeMatch,0.93,shared_cui_strict,D056768,128207002,Giant axonal neuropathy,2,disease,BC5CDR
http://id.nlm.nih.gov/mesh/D058456,http://snomed.info/id/360455002,skos:closeMatch,0.90,shared_cui,D058456,360455002,Coats' disease,2,disease,BioRED
http://id.nlm.nih.gov/mesh/D059327,http://snomed.info/id/43476002,skos:closeMatch,0.90,shared_cui,D059327,43476002,Brachydactyly,2,disease,BioRED
http://id.nlm.nih.gov/mesh/D059808,http://snomed.info/id/416908008,skos:closeMatch,0.90,shared_cui,D059808,416908008,Polyphenol,2,chemical,"BC5CDR,BioRED"
http://id.nlm.nih.gov/mesh/D060050,http://snomed.info/id/233819005,skos:closeMatch,0.90,shared_cui,D060050,233819005,Stable angina,2,disease,BC5CDR
http://id.nlm.nih.gov/mesh/D061325,http://snomed.info/id/718220008,skos:closeMatch,0.93,shared_cui_strict,D061325,718220008,Hereditary breast and ovarian cancer syndrome,2,disease,BioRED
http://id.nlm.nih.gov/mesh/D063730,http://snomed.info/id/66266003,skos:closeMatch,0.90,shared_cui,D063730,66266003,Phosphopenic type rickets,2,disease,BioRED
http://id.nlm.nih.gov/mesh/D065095,http://snomed.info/id/416798007,skos:closeMatch,0.90,shared_cui,D065095,416798007,Calcineurin inhibitor,2,chemical,BioRED
http://id.nlm.nih.gov/mesh/D065127,http://snomed.info/id/387146001,skos:narrowMatch,0.55,mrrel_rn,D065127,387146001,Droperidol,2,chemical,BioRED
http://id.nlm.nih.gov/mesh/D065168,http://snomed.info/id/373873005,skos:relatedMatch,0.40,sty_fallback:Pharmacologic Substance,D065168,373873005,Pharmaceutical / biologic product,2,chemical,BioRED
http://id.nlm.nih.gov/mesh/D065692,http://snomed.info/id/386896009,skos:narrowMatch,0.55,mrrel_rn,D065692,386896009,Ritonavir,2,chemical,BioRED
http://id.nlm.nih.gov/mesh/C001634,http://snomed.info/id/60530008,skos:broadMatch,0.65,mrrel_rb,C001634,60530008,Aldehyde,1,chemical,BioRED
http://id.nlm.nih.gov/mesh/C004648,http://snomed.info/id/116071004,skos:closeMatch,0.90,shared_cui,C004648,116071004,Testosterone enanthate,1,chemical,BC5CDR
http://id.nlm.nih.gov/mesh/C004658,http://snomed.info/id/105590001,skos:relatedMatch,0.40,sty_fallback:Organic Chemical,C004658,105590001,Substance,1,chemical,BC5CDR
http://id.nlm.nih.gov/mesh/C005151,http://snomed.info/id/407312007,skos:broadMatch,0.65,mrrel_rb,C005151,407312007,Enzyme inhibitor,1,chemical,BC5CDR
http://id.nlm.nih.gov/mesh/C005253,http://snomed.info/id/717152000,skos:closeMatch,0.90,shared_cui,C005253,717152000,Picloxydine,1,chemical,BC5CDR
http://id.nlm.nih.gov/mesh/C006389,http://snomed.info/id/33635003,skos:broadMatch,0.65,mrrel_rb,C006389,33635003,Serotonin,1,chemical,BC5CDR
http://id.nlm.nih.gov/mesh/C006649,http://snomed.info/id/391795000,skos:closeMatch,0.90,shared_cui,C006649,391795000,Atropine methonitrate,1,chemical,BC5CDR
http://id.nlm.nih.gov/mesh/C007419,http://snomed.info/id/259522000,skos:closeMatch,0.90,shared_cui,C007419,259522000,Dihydrouracil,1,chemical,BC5CDR
http://id.nlm.nih.gov/mesh/C007744,http://snomed.info/id/105590001,skos:relatedMatch,0.40,sty_fallback:Organic Chemical,C007744,105590001,Substance,1,chemical,BC5CDR
http://id.nlm.nih.gov/mesh/C008261,http://snomed.info/id/79784000,skos:closeMatch,0.90,shared_cui,C008261,79784000,Lead acetate,1,chemical,BC5CDR
http://id.nlm.nih.gov/mesh/C009689,http://snomed.info/id/105590001,skos:relatedMatch,0.40,sty_fallback:Organic Chemical,C009689,105590001,Substance,1,chemical,BioRED
http://id.nlm.nih.gov/mesh/C010012,http://snomed.info/id/105590001,skos:relatedMatch,0.40,sty_fallback:Organic Chemical,C010012,105590001,Substance,1,chemical,BC5CDR
http://id.nlm.nih.gov/mesh/C010882,http://snomed.info/id/108895000,skos:closeMatch,0.90,shared_cui,C010882,108895000,Chlorhexidine gluconate,1,chemical,BC5CDR
http://id.nlm.nih.gov/mesh/C010920,http://snomed.info/id/43289005,skos:closeMatch,0.90,shared_cui,C010920,43289005,Dihydrofolate,1,chemical,BioRED
http://id.nlm.nih.gov/mesh/C010980,http://snomed.info/id/105590001,skos:relatedMatch,0.40,"sty_fallback:Amino Acid, Peptide, or Protein",C010980,105590001,Substance,1,chemical,BC5CDR
http://id.nlm.nih.gov/mesh/C011006,http://snomed.info/id/67036009,skos:broadMatch,0.65,mrrel_rb,C011006,67036009,Plant growth regulator,1,chemical,BioRED
http://id.nlm.nih.gov/mesh/C012589,http://snomed.info/id/373219008,skos:broadMatch,0.65,mrrel_rb,C012589,373219008,Antifungal,1,chemical,BioRED
http://id.nlm.nih.gov/mesh/C013295,http://snomed.info/id/105590001,skos:relatedMatch,0.40,sty_fallback:Organic Chemical,C013295,105590001,Substance,1,chemical,BC5CDR
http://id.nlm.nih.gov/mesh/C016534,http://snomed.info/id/414568004,skos:broadMatch,0.65,mrrel_rb,C016534,414568004,Lanthanum,1,chemical,BC5CDR
http://id.nlm.nih.gov/mesh/C016635,http://snomed.info/id/52770005,skos:closeMatch,0.90,shared_cui,C016635,52770005,Acetoacetic acid,1,chemical,BC5CDR
http://id.nlm.nih.gov/mesh/C017296,http://snomed.info/id/115502007,skos:closeMatch,0.90,shared_cui,C017296,115502007,Estrone sulfate,1,chemical,BioRED
http://id.nlm.nih.gov/mesh/C017610,http://snomed.info/id/111125005,skos:closeMatch,0.90,shared_cui,C017610,111125005,Fluphenazine enanthate,1,chemical,BC5CDR
http://id.nlm.nih.gov/mesh/C017807,http://snomed.info/id/105590001,skos:relatedMatch,0.40,sty_fallback:Organic Chemical,C017807,105590001,Substance,1,chemical,BC5CDR
http://id.nlm.nih.gov/mesh/C018021,http://snomed.info/id/255839000,skos:closeMatch,0.90,shared_cui,C018021,255839000,Cobalt chloride,1,chemical,BC5CDR
http://id.nlm.nih.gov/mesh/C020047,http://snomed.info/id/70695005,skos:closeMatch,0.90,shared_cui,C020047,70695005,Dihydropyrimidinase,1,chemical,BC5CDR
http://id.nlm.nih.gov/mesh/C020243,http://snomed.info/id/44044007,skos:closeMatch,0.90,shared_cui,C020243,44044007,Calcium phosphate,1,chemical,BC5CDR
http://id.nlm.nih.gov/mesh/C021270,http://snomed.info/id/395902007,skos:closeMatch,0.90,shared_cui,C021270,395902007,Tiaprofenic acid,1,chemical,BC5CDR
http://id.nlm.nih.gov/mesh/C021650,http://snomed.info/id/79380007,skos:closeMatch,0.90,shared_cui,C021650,79380007,Hydrocortisone acetate,1,chemical,BC5CDR
http://id.nlm.nih.gov/mesh/C023023,http://snomed.info/id/3325005,skos:broadMatch,0.65,mrrel_rb,C023023,3325005,Lipopolysaccharide,1,chemical,BioRED
http://id.nlm.nih.gov/mesh/C024829,http://snomed.info/id/20672004,skos:broadMatch,0.65,mrrel_rb,C024829,20672004,Guanine,1,chemical,BioRED
http://id.nlm.nih.gov/mesh/C025136,http://snomed.info/id/115448001,skos:closeMatch,0.90,shared_cui,C025136,115448001,Phenylacetate,1,chemical,BC5CDR
http://id.nlm.nih.gov/mesh/C025483,http://snomed.info/id/126172005,skos:broadMatch,0.65,mrrel_rb,C025483,126172005,Estradiol,1,chemical,BioRED
http://id.nlm.nih.gov/mesh/C028322,http://snomed.info/id/372810006,skos:broadMatch,0.65,mrrel_rb,C028322,372810006,Theophylline,1,chemical,BC5CDR
http://id.nlm.nih.gov/mesh/C028889,http://snomed.info/id/373265006,skos:broadMatch,0.65,mrrel_rb,C028889,373265006,Analgesic,1,chemical,BC5CDR
http://id.nlm.nih.gov/mesh/C028911,http://snomed.info/id/406959000,skos:closeMatch,0.90,shared_cui,C028911,406959000,Cresyl violet stain,1,chemical,BC5CDR
http://id.nlm.nih.gov/mesh/C030123,http://snomed.info/id/766936008,skos:closeMatch,0.90,shared_cui,C030123,766936008,Coumarin,1,chemical,BC5CDR
http://id.nlm.nih.gov/mesh/C030290,http://snomed.info/id/102648007,skos:closeMatch,0.90,shared_cui,C030290,102648007,Malonic acid,1,chemical,BioRED
http://id.nlm.nih.gov/mesh/C032109,http://snomed.info/id/43688007,skos:broadMatch,0.65,mrrel_rb,C032109,43688007,Testosterone,1,chemical,BC5CDR
http://id.nlm.nih.gov/mesh/C032368,http://snomed.info/id/373275009,skos:broadMatch,0.65,mrrel_rb,C032368,373275009,Alpha adrenergic receptor antagonist,1,chemical,BC5CDR
http://id.nlm.nih.gov/mesh/C032943,http://snomed.info/id/373781002,skos:closeMatch,0.90,shared_cui,C032943,373781002,Metocurine,1,chemical,BC5CDR
http://id.nlm.nih.gov/mesh/C034318,http://snomed.info/id/373265006,skos:broadMatch,0.65,mrrel_rb,C034318,373265006,Analgesic,1,chemical,BC5CDR
http://id.nlm.nih.gov/mesh/C034347,http://snomed.info/id/372580007,skos:broadMatch,0.65,mrrel_rb,C034347,372580007,Bronchodilator,1,chemical,BC5CDR
http://id.nlm.nih.gov/mesh/C036067,http://snomed.info/id/422102009,skos:broadMatch,0.65,mrrel_rb,C036067,422102009,Indazole,1,chemical,BC5CDR
http://id.nlm.nih.gov/mesh/C036139,http://snomed.info/id/96206009,skos:closeMatch,0.90,shared_cui,C036139,96206009,Norfluoxetine,1,chemical,BC5CDR
http://id.nlm.nih.gov/mesh/C036432,http://snomed.info/id/61742009,skos:closeMatch,0.90,shared_cui,C036432,61742009,Biperiden lactate,1,chemical,BC5CDR
http://id.nlm.nih.gov/mesh/C038936,http://snomed.info/id/105590001,skos:relatedMatch,0.40,sty_fallback:Organic Chemical,C038936,105590001,Substance,1,chemical,BC5CDR
http://id.nlm.nih.gov/mesh/C043104,http://snomed.info/id/387220006,skos:broadMatch,0.65,mrrel_rb,C043104,387220006,Phenytoin,1,chemical,BC5CDR
http://id.nlm.nih.gov/mesh/C044946,http://snomed.info/id/372511001,skos:closeMatch,0.90,shared_cui,C044946,372511001,Benazepril,1,chemical,BC5CDR
http://id.nlm.nih.gov/mesh/C046728,http://snomed.info/id/413501004,skos:broadMatch,0.65,mrrel_rb,C046728,413501004,Amidine,1,chemical,BC5CDR
http://id.nlm.nih.gov/mesh/C050313,http://snomed.info/id/105590001,skos:relatedMatch,0.40,sty_fallback:Organic Chemical,C050313,105590001,Substance,1,chemical,BC5CDR
http://id.nlm.nih.gov/mesh/C053519,http://snomed.info/id/372843005,skos:broadMatch,0.65,mrrel_rb,C053519,372843005,Bleomycin,1,chemical,BC5CDR
http://id.nlm.nih.gov/mesh/C058121,http://snomed.info/id/1156664003,skos:broadMatch,0.65,mrrel_rb,C058121,1156664003,Phenylurea compound,1,chemical,BioRED
http://id.nlm.nih.gov/mesh/C058895,http://snomed.info/id/105590001,skos:relatedMatch,0.40,sty_fallback:Organic Chemical,C058895,105590001,Substance,1,chemical,BC5CDR
http://id.nlm.nih.gov/mesh/C064210,http://snomed.info/id/360207000,skos:closeMatch,0.90,shared_cui,C064210,360207000,Oxazolidine,1,chemical,BC5CDR
http://id.nlm.nih.gov/mesh/C066430,http://snomed.info/id/419450001,skos:broadMatch,0.65,mrrel_rb,C066430,419450001,GABA receptor antagonist,1,chemical,BC5CDR
http://id.nlm.nih.gov/mesh/C072790,http://snomed.info/id/105590001,skos:relatedMatch,0.40,sty_fallback:Organic Chemical,C072790,105590001,Substance,1,chemical,BC5CDR
http://id.nlm.nih.gov/mesh/C075773,http://snomed.info/id/782571009,skos:closeMatch,0.90,shared_cui,C075773,782571009,Phenylbutyrate,1,chemical,BC5CDR
http://id.nlm.nih.gov/mesh/C079014,http://snomed.info/id/105590001,skos:relatedMatch,0.40,"sty_fallback:Amino Acid, Peptide, or Protein",C079014,105590001,Substance,1,chemical,BC5CDR
http://id.nlm.nih.gov/mesh/C079282,http://snomed.info/id/416590002,skos:broadMatch,0.65,mrrel_rb,C079282,416590002,Cyclic peptide,1,chemical,BioRED
http://id.nlm.nih.gov/mesh/C080985,http://snomed.info/id/63004003,skos:broadMatch,0.65,mrrel_rb,C080985,63004003,Phenylalanine,1,chemical,BioRED
http://id.nlm.nih.gov/mesh/C084773,http://snomed.info/id/105590001,skos:relatedMatch,0.40,sty_fallback:Organic Chemical,C084773,105590001,Substance,1,chemical,BC5CDR
http://id.nlm.nih.gov/mesh/C085527,http://snomed.info/id/105590001,skos:relatedMatch,0.40,sty_fallback:Organic Chemical,C085527,105590001,Substance,1,chemical,BC5CDR
http://id.nlm.nih.gov/mesh/C086276,http://snomed.info/id/373443008,skos:closeMatch,0.90,shared_cui,C086276,373443008,Cerivastatin,1,chemical,BioRED
http://id.nlm.nih.gov/mesh/C098725,http://snomed.info/id/105590001,skos:relatedMatch,0.40,sty_fallback:Organic Chemical,C098725,105590001,Substance,1,chemical,BC5CDR
http://id.nlm.nih.gov/mesh/C100416,http://snomed.info/id/421559001,skos:closeMatch,0.90,shared_cui,C100416,421559001,Peginterferon alfa-2a,1,chemical,BC5CDR
http://id.nlm.nih.gov/mesh/C101425,http://snomed.info/id/421747003,skos:closeMatch,0.90,shared_cui,C101425,421747003,Posaconazole,1,chemical,BC5CDR
http://id.nlm.nih.gov/mesh/C103872,http://snomed.info/id/84698008,skos:broadMatch,0.65,mrrel_rb,C103872,84698008,Cholesterol,1,chemical,BC5CDR
http://id.nlm.nih.gov/mesh/C106746,http://snomed.info/id/105590001,skos:relatedMatch,0.40,sty_fallback:Organic Chemical,C106746,105590001,Substance,1,chemical,BC5CDR
http://id.nlm.nih.gov/mesh/C117268,http://snomed.info/id/385580005,skos:closeMatch,0.90,shared_cui,C117268,385580005,Pimecrolimus,1,chemical,BC5CDR
http://id.nlm.nih.gov/mesh/C402343,http://snomed.info/id/105590001,skos:relatedMatch,0.40,sty_fallback:Organic Chemical,C402343,105590001,Substance,1,chemical,BC5CDR
http://id.nlm.nih.gov/mesh/C402896,http://snomed.info/id/15331006,skos:broadMatch,0.65,mrrel_rb,C402896,15331006,Glycine,1,chemical,BC5CDR
http://id.nlm.nih.gov/mesh/C409648,http://snomed.info/id/105590001,skos:relatedMatch,0.40,sty_fallback:Organic Chemical,C409648,105590001,Substance,1,chemical,BioRED
http://id.nlm.nih.gov/mesh/C419410,http://snomed.info/id/414000001,skos:broadMatch,0.65,mrrel_rb,C419410,414000001,Dipeptide,1,chemical,BioRED
http://id.nlm.nih.gov/mesh/C426686,http://snomed.info/id/415853004,skos:closeMatch,0.90,shared_cui,C426686,415853004,Ximelagatran,1,chemical,BC5CDR
http://id.nlm.nih.gov/mesh/C441200,http://snomed.info/id/429343000,skos:broadMatch,0.65,mrrel_rb,C441200,429343000,Isoxazole,1,chemical,BC5CDR
http://id.nlm.nih.gov/mesh/C479958,http://snomed.info/id/46075000,skos:broadMatch,0.65,mrrel_rb,C479958,46075000,Oligosaccharide,1,chemical,BC5CDR
http://id.nlm.nih.gov/mesh/C495469,http://snomed.info/id/766803008,skos:closeMatch,0.90,shared_cui,C495469,766803008,p-coumaric acid,1,chemical,BioRED
http://id.nlm.nih.gov/mesh/C504380,http://snomed.info/id/105590001,skos:relatedMatch,0.40,"sty_fallback:Amino Acid, Peptide, or Protein",C504380,105590001,Substance,1,chemical,BC5CDR
http://id.nlm.nih.gov/mesh/C512273,http://snomed.info/id/47826006,skos:broadMatch,0.65,mrrel_rb,C512273,47826006,Thiourea,1,chemical,BioRED
http://id.nlm.nih.gov/mesh/C515050,http://snomed.info/id/395929002,skos:closeMatch,0.90,shared_cui,C515050,395929002,Zopiclone,1,chemical,BC5CDR
http://id.nlm.nih.gov/mesh/C535280,http://snomed.info/id/190502001,skos:broadMatch,0.65,mrrel_rb,C535280,190502001,Pituitary dependent hypercortisolism,1,disease,BioRED
http://id.nlm.nih.gov/mesh/C535342,http://snomed.info/id/38054002,skos:closeMatch,0.90,shared_cui,C535342,38054002,Zonular cataract,1,disease,BioRED
http://id.nlm.nih.gov/mesh/C535531,http://snomed.info/id/36427004,skos:closeMatch,0.90,shared_cui,C535531,36427004,Intervertebral disc disorder,1,disease,BioRED
http://id.nlm.nih.gov/mesh/C535610,http://snomed.info/id/402694007,skos:broadMatch,0.65,mrrel_rb,C535610,402694007,Dermatosis of scalp,1,disease,BC5CDR
http://id.nlm.nih.gov/mesh/C535670,http://snomed.info/id/1237226008,skos:closeMatch,0.90,shared_cui,C535670,1237226008,Isotretinoin syndrome,1,disease,BC5CDR
http://id.nlm.nih.gov/mesh/C535683,http://snomed.info/id/240063002,skos:closeMatch,0.90,shared_cui,C535683,240063002,Eichsfeld type congenital muscular dystrophy,1,disease,BioRED
http://id.nlm.nih.gov/mesh/C535720,http://snomed.info/id/73120006,skos:closeMatch,0.90,shared_cui,C535720,73120006,Stenosis of duodenum,1,disease,BioRED
http://id.nlm.nih.gov/mesh/C535761,http://snomed.info/id/48796009,skos:closeMatch,0.90,shared_cui,C535761,48796009,Congenital nephrotic syndrome,1,disease,BioRED
http://id.nlm.nih.gov/mesh/C535781,http://snomed.info/id/109420003,skos:broadMatch,0.65,mrrel_rb,C535781,109420003,Dysostosis,1,disease,BioRED
http://id.nlm.nih.gov/mesh/C536132,http://snomed.info/id/253101008,skos:broadMatch,0.65,mrrel_rb,C536132,253101008,Congenital cerebral hernia,1,disease,BioRED
http://id.nlm.nih.gov/mesh/C536202,http://snomed.info/id/49428008,skos:closeMatch,0.90,shared_cui,C536202,49428008,Elastosis perforans serpiginosa,1,disease,BC5CDR
http://id.nlm.nih.gov/mesh/C536214,http://snomed.info/id/725097006,skos:closeMatch,0.90,shared_cui,C536214,725097006,Crisponi syndrome,1,disease,BC5CDR
http://id.nlm.nih.gov/mesh/C536409,http://snomed.info/id/89369001,skos:broadMatch,0.65,mrrel_rb,C536409,89369001,Anencephalus,1,disease,BC5CDR
http://id.nlm.nih.gov/mesh/C536649,http://snomed.info/id/18911002,skos:broadMatch,0.65,mrrel_rb,C536649,18911002,Penile structure,1,disease,BioRED
http://id.nlm.nih.gov/mesh/C537048,http://snomed.info/id/702397002,skos:closeMatch,0.90,shared_cui,C537048,702397002,Renal tubular dysgenesis,1,disease,BioRED
http://id.nlm.nih.gov/mesh/C537304,http://snomed.info/id/419039007,skos:closeMatch,0.90,shared_cui,C537304,419039007,Granular corneal dystrophy type I,1,disease,BioRED
http://id.nlm.nih.gov/mesh/C537464,http://snomed.info/id/438504004,skos:closeMatch,0.90,shared_cui,C537464,438504004,Lenz microphthalmia syndrome,1,disease,BioRED
http://id.nlm.nih.gov/mesh/C537475,http://snomed.info/id/237988006,skos:closeMatch,0.90,shared_cui,C537475,237988006,Nicotinamide adenine dinucleotide coenzyme Q reductase deficiency,1,disease,BioRED
http://id.nlm.nih.gov/mesh/C537540,http://snomed.info/id/91175000,skos:broadMatch,0.65,mrrel_rb,C537540,91175000,Seizure,1,disease,BioRED
http://id.nlm.nih.gov/mesh/C537580,http://snomed.info/id/236531005,skos:closeMatch,0.90,shared_cui,C537580,236531005,Renal dysplasia and retinal aplasia,1,disease,BioRED
http://id.nlm.nih.gov/mesh/C537689,http://snomed.info/id/90708001,skos:broadMatch,0.65,mrrel_rb,C537689,90708001,Kidney disease,1,disease,BioRED
http://id.nlm.nih.gov/mesh/C537761,http://snomed.info/id/699669001,skos:closeMatch,0.90,shared_cui,C537761,699669001,Renpenning syndrome,1,disease,BioRED
http://id.nlm.nih.gov/mesh/C538178,http://snomed.info/id/37702000,skos:closeMatch,0.90,shared_cui,C538178,37702000,Hereditary acrodermatitis enteropathica,1,disease,BC5CDR
http://id.nlm.nih.gov/mesh/C538238,http://snomed.info/id/97881000119105,skos:closeMatch,0.90,shared_cui,C538238,97881000119105,Adrenal incidentaloma,1,disease,BioRED
http://id.nlm.nih.gov/mesh/C538458,http://snomed.info/id/236432001,skos:closeMatch,0.90,shared_cui,C538458,236432001,Pulmonary renal syndrome,1,disease,BC5CDR
http://id.nlm.nih.gov/mesh/C538525,http://snomed.info/id/447292006,skos:broadMatch,0.65,mrrel_rb,C538525,447292006,Mitochondrial encephalomyopathy,1,disease,BioRED
http://id.nlm.nih.gov/mesh/C540694,http://snomed.info/id/439698008,skos:closeMatch,0.90,shared_cui,C540694,439698008,Hereditary thrombophilia,1,disease,BioRED
http://id.nlm.nih.gov/mesh/C540770,http://snomed.info/id/240096000,skos:closeMatch,0.90,shared_cui,C540770,240096000,Mitochondrial cytopathy,1,disease,BC5CDR
http://id.nlm.nih.gov/mesh/C541795,http://snomed.info/id/58674002,skos:broadMatch,0.65,mrrel_rb,C541795,58674002,Naphthol,1,chemical,BioRED
http://id.nlm.nih.gov/mesh/C563492,http://snomed.info/id/77157004,skos:broadMatch,0.65,mrrel_rb,C563492,77157004,Disorder of optic nerve,1,disease,BC5CDR
http://id.nlm.nih.gov/mesh/C563781,http://snomed.info/id/782957005,skos:broadMatch,0.65,mrrel_rb,C563781,782957005,Ichthyosis,1,disease,BioRED
http://id.nlm.nih.gov/mesh/C563797,http://snomed.info/id/764962002,skos:closeMatch,0.90,shared_cui,C563797,764962002,Hepatoencephalopathy due to combined oxidative phosphorylation defect type 1,1,disease,BioRED
http://id.nlm.nih.gov/mesh/C563897,http://snomed.info/id/38341003,skos:broadMatch,0.65,mrrel_rb,C563897,38341003,Hypertensive disorder,1,disease,BC5CDR
http://id.nlm.nih.gov/mesh/C564088,http://snomed.info/id/17450006,skos:broadMatch,0.65,mrrel_rb,C564088,17450006,Myoclonus,1,disease,BC5CDR
http://id.nlm.nih.gov/mesh/C564969,http://snomed.info/id/16110005,skos:broadMatch,0.65,mrrel_rb,C564969,16110005,Ophthalmoplegia,1,disease,BioRED
http://id.nlm.nih.gov/mesh/C565222,http://snomed.info/id/31996006,skos:broadMatch,0.65,mrrel_rb,C565222,31996006,Vasculitis,1,disease,BC5CDR
http://id.nlm.nih.gov/mesh/C565367,http://snomed.info/id/70528007,skos:broadMatch,0.65,mrrel_rb,C565367,70528007,Mucolipidosis,1,disease,BioRED
http://id.nlm.nih.gov/mesh/C565469,http://snomed.info/id/234532001,skos:broadMatch,0.65,mrrel_rb,C565469,234532001,Immunodeficiency disorder,1,disease,BC5CDR
http://id.nlm.nih.gov/mesh/C565497,http://snomed.info/id/38101003,skos:broadMatch,0.65,mrrel_rb,C565497,38101003,Hypermetropia,1,disease,BioRED
http://id.nlm.nih.gov/mesh/C566121,http://snomed.info/id/80281008,skos:broadMatch,0.65,mrrel_rb,C566121,80281008,Cleft lip,1,disease,BioRED
http://id.nlm.nih.gov/mesh/C566321,http://snomed.info/id/702375004,skos:closeMatch,0.90,shared_cui,C566321,702375004,Familial isolated pituitary adenoma,1,disease,BioRED
http://id.nlm.nih.gov/mesh/C566404,http://snomed.info/id/24079001,skos:broadMatch,0.65,mrrel_rb,C566404,24079001,Atopic dermatitis,1,disease,BioRED
http://id.nlm.nih.gov/mesh/C576203,http://snomed.info/id/609437000,skos:broadMatch,0.65,mrrel_rb,C576203,609437000,Fetal Alcohol Spectrum Disorder,1,disease,BioRED
http://id.nlm.nih.gov/mesh/C580162,http://snomed.info/id/860812002,skos:closeMatch,0.90,shared_cui,C580162,860812002,Hereditary sensory autonomic neuropathy type IE,1,disease,BC5CDR
http://id.nlm.nih.gov/mesh/D000052,http://snomed.info/id/402599005,skos:closeMatch,0.90,shared_cui,D000052,402599005,Acanthosis nigricans,1,disease,BioRED
http://id.nlm.nih.gov/mesh/D000160,http://snomed.info/id/35141006,skos:closeMatch,0.90,shared_cui,D000160,35141006,Cochlear nerve disorder,1,disease,BC5CDR
http://id.nlm.nih.gov/mesh/D000167,http://snomed.info/id/412535007,skos:closeMatch,0.90,shared_cui,D000167,412535007,Acriflavine,1,chemical,BC5CDR
http://id.nlm.nih.gov/mesh/D000224,http://snomed.info/id/363732003,skos:closeMatch,0.90,shared_cui,D000224,363732003,Addison's disease,1,disease,BioRED
http://id.nlm.nih.gov/mesh/D000249,http://snomed.info/id/4864008,skos:closeMatch,0.90,shared_cui,D000249,4864008,Adenylic acid,1,chemical,BC5CDR
http://id.nlm.nih.gov/mesh/D000362,http://snomed.info/id/10249006,skos:closeMatch,0.90,shared_cui,D000362,10249006,Agar,1,chemical,BioRED
http://id.nlm.nih.gov/mesh/D000432,http://snomed.info/id/259221006,skos:closeMatch,0.90,shared_cui,D000432,259221006,Methanol,1,chemical,BioRED
http://id.nlm.nih.gov/mesh/D000435,http://snomed.info/id/25702006,skos:closeMatch,0.90,shared_cui,D000435,25702006,Alcohol intoxication,1,disease,BC5CDR
http://id.nlm.nih.gov/mesh/D000468,http://snomed.info/id/63813000,skos:closeMatch,0.90,shared_cui,D000468,63813000,Alkali,1,chemical,BC5CDR
http://id.nlm.nih.gov/mesh/D000469,http://snomed.info/id/57056007,skos:closeMatch,0.90,shared_cui,D000469,57056007,Alkaline phosphatase,1,chemical,BioRED
http://id.nlm.nih.gov/mesh/D000530,http://snomed.info/id/125994005,skos:closeMatch,0.90,shared_cui,D000530,125994005,SAFFAN,1,chemical,BC5CDR
http://id.nlm.nih.gov/mesh/D000535,http://snomed.info/id/12503006,skos:closeMatch,0.90,shared_cui,D000535,12503006,Aluminum,1,chemical,BC5CDR
http://id.nlm.nih.gov/mesh/D000542,http://snomed.info/id/37471005,skos:closeMatch,0.90,shared_cui,D000542,37471005,Hypersensitivity pneumonitis,1,disease,BC5CDR
http://id.nlm.nih.gov/mesh/D000550,http://snomed.info/id/246623008,skos:closeMatch,0.90,shared_cui,D000550,246623008,Lazy eye,1,disease,BC5CDR
http://id.nlm.nih.gov/mesh/D000614,http://snomed.info/id/703390006,skos:narrowMatch,0.55,mrrel_rn,D000614,703390006,Acexamic acid,1,chemical,BC5CDR
http://id.nlm.nih.gov/mesh/D000643,http://snomed.info/id/51366003,skos:closeMatch,0.90,shared_cui,D000643,51366003,Ammonium chloride,1,chemical,BC5CDR
http://id.nlm.nih.gov/mesh/D000648,http://snomed.info/id/51921000,skos:closeMatch,0.90,shared_cui,D000648,51921000,Retrograde amnesia,1,disease,BC5CDR
http://id.nlm.nih.gov/mesh/D000677,http://snomed.info/id/391774005,skos:closeMatch,0.90,shared_cui,D000677,391774005,Amsacrine,1,chemical,BC5CDR
http://id.nlm.nih.gov/mesh/D000748,http://snomed.info/id/83414005,skos:closeMatch,0.90,shared_cui,D000748,83414005,Macrocytic anemia,1,disease,BC5CDR
http://id.nlm.nih.gov/mesh/D000789,http://snomed.info/id/25106000,skos:closeMatch,0.90,shared_cui,D000789,25106000,Impending infarction,1,disease,BC5CDR
http://id.nlm.nih.gov/mesh/D000841,http://snomed.info/id/372857007,skos:broadMatch,0.65,mrrel_rb,D000841,372857007,Antiprotozoal,1,chemical,BioRED
http://id.nlm.nih.gov/mesh/D000889,http://snomed.info/id/372813008,skos:closeMatch,0.90,shared_cui,D000889,372813008,Antiarrhythmic agent,1,chemical,BioRED
http://id.nlm.nih.gov/mesh/D000983,http://snomed.info/id/55486005,skos:closeMatch,0.90,shared_cui,D000983,55486005,Antipyrine,1,chemical,BC5CDR
http://id.nlm.nih.gov/mesh/D000998,http://snomed.info/id/372701006,skos:closeMatch,0.90,shared_cui,D000998,372701006,Antiviral,1,chemical,BioRED
http://id.nlm.nih.gov/mesh/D001102,http://snomed.info/id/40610006,skos:closeMatch,0.90,shared_cui,D001102,40610006,Arbovirus infection,1,disease,BioRED
http://id.nlm.nih.gov/mesh/D001139,http://snomed.info/id/253184003,skos:closeMatch,0.90,shared_cui,D001139,253184003,Chiari malformation,1,disease,BC5CDR
http://id.nlm.nih.gov/mesh/D001161,http://snomed.info/id/28960008,skos:closeMatch,0.90,shared_cui,D001161,28960008,Arteriosclerosis,1,disease,BioRED
http://id.nlm.nih.gov/mesh/D001216,http://snomed.info/id/87136001,skos:closeMatch,0.90,shared_cui,D001216,87136001,Asparagine,1,chemical,BioRED
http://id.nlm.nih.gov/mesh/D001237,http://snomed.info/id/271877004,skos:closeMatch,0.90,shared_cui,D001237,271877004,Suffocating,1,disease,BC5CDR
http://id.nlm.nih.gov/mesh/D001247,http://snomed.info/id/13791008,skos:closeMatch,0.90,shared_cui,D001247,13791008,Asthenia,1,disease,BC5CDR
http://id.nlm.nih.gov/mesh/D001393,http://snomed.info/id/300903003,skos:closeMatch,0.90,shared_cui,D001393,300903003,Azole,1,chemical,BC5CDR
http://id.nlm.nih.gov/mesh/D001534,http://snomed.info/id/6237004,skos:closeMatch,0.90,shared_cui,D001534,6237004,Bemegride,1,chemical,BC5CDR
http://id.nlm.nih.gov/mesh/D001549,http://snomed.info/id/20691000122100,skos:narrowMatch,0.55,mrrel_rn,D001549,20691000122100,Itopride,1,chemical,BioRED
http://id.nlm.nih.gov/mesh/D001564,http://snomed.info/id/105590001,skos:relatedMatch,0.40,sty_fallback:Organic Chemical,D001564,105590001,Substance,1,chemical,BC5CDR
http://id.nlm.nih.gov/mesh/D001639,http://snomed.info/id/68615006,skos:closeMatch,0.90,shared_cui,D001639,68615006,Bicarbonate,1,chemical,BC5CDR
http://id.nlm.nih.gov/mesh/D001656,http://snomed.info/id/77480004,skos:closeMatch,0.90,shared_cui,D001656,77480004,Congenital biliary atresia,1,disease,BC5CDR
http://id.nlm.nih.gov/mesh/D001744,http://snomed.info/id/70650003,skos:closeMatch,0.90,shared_cui,D001744,70650003,Urinary bladder stone,1,disease,BC5CDR
http://id.nlm.nih.gov/mesh/D001763,http://snomed.info/id/11934000,skos:closeMatch,0.90,shared_cui,D001763,11934000,Ptosis of eyelid,1,disease,BC5CDR
http://id.nlm.nih.gov/mesh/D001941,http://snomed.info/id/79604008,skos:closeMatch,0.90,shared_cui,D001941,79604008,Disorder of breast,1,disease,BioRED
http://id.nlm.nih.gov/mesh/D001965,http://snomed.info/id/16624005,skos:closeMatch,0.90,shared_cui,D001965,16624005,Bromide salt,1,chemical,BC5CDR
http://id.nlm.nih.gov/mesh/D001986,http://snomed.info/id/4386001,skos:closeMatch,0.90,shared_cui,D001986,4386001,Bronchospasm,1,disease,BC5CDR
http://id.nlm.nih.gov/mesh/D001987,http://snomed.info/id/12295008,skos:closeMatch,0.90,shared_cui,D001987,12295008,Bronchiectasis,1,disease,BC5CDR
http://id.nlm.nih.gov/mesh/D001989,http://snomed.info/id/52409006,skos:closeMatch,0.90,shared_cui,D001989,52409006,Bronchiolitis exudativa,1,disease,BC5CDR
http://id.nlm.nih.gov/mesh/D001991,http://snomed.info/id/32398004,skos:closeMatch,0.90,shared_cui,D001991,32398004,Bronchitis,1,disease,BC5CDR
http://id.nlm.nih.gov/mesh/D002108,http://snomed.info/id/105590001,skos:relatedMatch,0.40,"sty_fallback:Amino Acid, Peptide, or Protein",D002108,105590001,Substance,1,chemical,BC5CDR
http://id.nlm.nih.gov/mesh/D002166,http://snomed.info/id/95994003,skos:closeMatch,0.93,shared_cui_strict,D002166,95994003,Camptothecin,1,chemical,BioRED
http://id.nlm.nih.gov/mesh/D002244,http://snomed.info/id/87453002,skos:closeMatch,0.90,shared_cui,D002244,87453002,Carbon,1,chemical,BC5CDR
http://id.nlm.nih.gov/mesh/D002248,http://snomed.info/id/51765001,skos:closeMatch,0.93,shared_cui_strict,D002248,51765001,Carbon monoxide,1,chemical,BC5CDR
http://id.nlm.nih.gov/mesh/D002286,http://snomed.info/id/108369006,skos:relatedMatch,0.40,sty_fallback:Neoplastic Process,D002286,108369006,Neoplasm,1,disease,BC5CDR
http://id.nlm.nih.gov/mesh/D002305,http://snomed.info/id/35304003,skos:closeMatch,0.90,shared_cui,D002305,35304003,Cardiac tamponade,1,disease,BC5CDR
http://id.nlm.nih.gov/mesh/D002357,http://snomed.info/id/63198006,skos:closeMatch,0.90,shared_cui,D002357,63198006,Chondromalacia,1,disease,BioRED
http://id.nlm.nih.gov/mesh/D002494,http://snomed.info/id/128117002,skos:closeMatch,0.90,shared_cui,D002494,128117002,Infectious disease of central nervous system,1,disease,BioRED
http://id.nlm.nih.gov/mesh/D002569,http://snomed.info/id/373219008,skos:broadMatch,0.65,mrrel_rb,D002569,373219008,Antifungal,1,chemical,BioRED
http://id.nlm.nih.gov/mesh/D002606,http://snomed.info/id/32519007,skos:closeMatch,0.90,shared_cui,D002606,32519007,Activated charcoal,1,chemical,BC5CDR
http://id.nlm.nih.gov/mesh/D002635,http://snomed.info/id/82490009,skos:closeMatch,0.90,shared_cui,D002635,82490009,Chenodeoxycholic acid,1,chemical,BC5CDR
http://id.nlm.nih.gov/mesh/D002659,http://snomed.info/id/35919005,skos:closeMatch,0.90,shared_cui,D002659,35919005,Autism spectrum disorder,1,disease,BC5CDR
http://id.nlm.nih.gov/mesh/D002699,http://snomed.info/id/387249003,skos:closeMatch,0.90,shared_cui,D002699,387249003,Chlorambucil,1,chemical,BC5CDR
http://id.nlm.nih.gov/mesh/D002707,http://snomed.info/id/372866006,skos:closeMatch,0.90,shared_cui,D002707,372866006,Chlordiazepoxide,1,chemical,BC5CDR
http://id.nlm.nih.gov/mesh/D002754,http://snomed.info/id/204508009,skos:closeMatch,0.90,shared_cui,D002754,204508009,Choanal atresia,1,disease,BC5CDR
http://id.nlm.nih.gov/mesh/D002761,http://snomed.info/id/82403002,skos:closeMatch,0.90,shared_cui,D002761,82403002,Cholangitis,1,disease,BC5CDR
http://id.nlm.nih.gov/mesh/D002764,http://snomed.info/id/76581006,skos:closeMatch,0.90,shared_cui,D002764,76581006,Cholecystitis,1,disease,BC5CDR
http://id.nlm.nih.gov/mesh/D002822,http://snomed.info/id/1156971005,skos:closeMatch,0.90,shared_cui,D002822,1156971005,Choriocarcinoma,1,disease,BC5CDR
http://id.nlm.nih.gov/mesh/D002908,http://snomed.info/id/27624003,skos:closeMatch,0.93,shared_cui_strict,D002908,27624003,Chronic disease,1,disease,BC5CDR
http://id.nlm.nih.gov/mesh/D002952,http://snomed.info/id/129911007,skos:closeMatch,0.90,shared_cui,D002952,129911007,Krebs cycle pathway,1,chemical,BC5CDR
http://id.nlm.nih.gov/mesh/D003006,http://snomed.info/id/387566002,skos:closeMatch,0.90,shared_cui,D003006,387566002,Clopenthixol,1,chemical,BC5CDR
http://id.nlm.nih.gov/mesh/D003025,http://snomed.info/id/397932003,skos:closeMatch,0.90,shared_cui,D003025,397932003,Talipes equinovarus,1,disease,BC5CDR
http://id.nlm.nih.gov/mesh/D003035,http://snomed.info/id/54808007,skos:closeMatch,0.90,shared_cui,D003035,54808007,Cobalt,1,chemical,BC5CDR
http://id.nlm.nih.gov/mesh/D003047,http://snomed.info/id/60826002,skos:closeMatch,0.90,shared_cui,D003047,60826002,Coccidioidomycosis,1,disease,BC5CDR
http://id.nlm.nih.gov/mesh/D003091,http://snomed.info/id/387412007,skos:closeMatch,0.90,shared_cui,D003091,387412007,Colistin,1,chemical,BC5CDR
http://id.nlm.nih.gov/mesh/D003092,http://snomed.info/id/64226004,skos:closeMatch,0.93,shared_cui_strict,D003092,64226004,Colitis,1,disease,BioRED
http://id.nlm.nih.gov/mesh/D003095,http://snomed.info/id/81573002,skos:closeMatch,0.90,shared_cui,D003095,81573002,Collagen disease,1,disease,BC5CDR
http://id.nlm.nih.gov/mesh/D003229,http://snomed.info/id/59698003,skos:closeMatch,0.90,shared_cui,D003229,59698003,Disorder of conjunctiva,1,disease,BC5CDR
http://id.nlm.nih.gov/mesh/D003240,http://snomed.info/id/105969002,skos:closeMatch,0.90,shared_cui,D003240,105969002,Disorder of connective tissue,1,disease,BC5CDR
http://id.nlm.nih.gov/mesh/D003318,http://snomed.info/id/64634000,skos:closeMatch,0.90,shared_cui,D003318,64634000,Corneal opacity,1,disease,BC5CDR
http://id.nlm.nih.gov/mesh/D003371,http://snomed.info/id/49727002,skos:closeMatch,0.90,shared_cui,D003371,49727002,Cough,1,disease,BC5CDR
http://id.nlm.nih.gov/mesh/D003487,http://snomed.info/id/79549001,skos:closeMatch,0.90,shared_cui,D003487,79549001,Cyanoacrylate,1,chemical,BC5CDR
http://id.nlm.nih.gov/mesh/D003533,http://snomed.info/id/372683000,skos:closeMatch,0.90,shared_cui,D003533,372683000,Cyproheptadine,1,chemical,BC5CDR
http://id.nlm.nih.gov/mesh/D003571,http://snomed.info/id/373873005,skos:relatedMatch,0.40,sty_fallback:Pharmacologic Substance,D003571,373873005,Pharmaceutical / biologic product,1,chemical,BioRED
http://id.nlm.nih.gov/mesh/D003596,http://snomed.info/id/72069001,skos:closeMatch,0.93,shared_cui_strict,D003596,72069001,Cytosine,1,chemical,BC5CDR
http://id.nlm.nih.gov/mesh/D003620,http://snomed.info/id/372819007,skos:closeMatch,0.90,shared_cui,D003620,372819007,Dantrolene,1,chemical,BC5CDR
http://id.nlm.nih.gov/mesh/D003715,http://snomed.info/id/38362002,skos:closeMatch,0.90,shared_cui,D003715,38362002,Dengue,1,disease,BioRED
http://id.nlm.nih.gov/mesh/D003853,http://snomed.info/id/24903001,skos:closeMatch,0.90,shared_cui,D003853,24903001,Deoxyribonucleoside,1,chemical,BioRED
http://id.nlm.nih.gov/mesh/D003894,http://snomed.info/id/126189002,skos:closeMatch,0.90,shared_cui,D003894,126189002,Desmopressin,1,chemical,BC5CDR
http://id.nlm.nih.gov/mesh/D004002,http://snomed.info/id/418080006,skos:closeMatch,0.90,shared_cui,D004002,418080006,Clodronate,1,chemical,BioRED
http://id.nlm.nih.gov/mesh/D004076,http://snomed.info/id/105590001,skos:relatedMatch,0.40,sty_fallback:Organic Chemical,D004076,105590001,Substance,1,chemical,BC5CDR
http://id.nlm.nih.gov/mesh/D004091,http://snomed.info/id/44508008,skos:closeMatch,0.90,shared_cui,D004091,44508008,Hydromorphone,1,chemical,BC5CDR
http://id.nlm.nih.gov/mesh/D004229,http://snomed.info/id/105590001,skos:relatedMatch,0.40,sty_fallback:Organic Chemical,D004229,105590001,Substance,1,chemical,BC5CDR
http://id.nlm.nih.gov/mesh/D004374,http://snomed.info/id/83330001,skos:closeMatch,0.90,shared_cui,D004374,83330001,Patent ductus arteriosus,1,disease,BC5CDR
http://id.nlm.nih.gov/mesh/D004387,http://snomed.info/id/203045001,skos:closeMatch,0.90,shared_cui,D004387,203045001,Dupuytren's disease of palm,1,disease,BC5CDR
http://id.nlm.nih.gov/mesh/D004392,http://snomed.info/id/237836003,skos:closeMatch,0.90,shared_cui,D004392,237836003,Short stature disorder,1,disease,BioRED
http://id.nlm.nih.gov/mesh/D004426,http://snomed.info/id/109907005,skos:closeMatch,0.90,shared_cui,D004426,109907005,Acquired anomaly of ear,1,disease,BioRED
http://id.nlm.nih.gov/mesh/D004427,http://snomed.info/id/25906001,skos:closeMatch,0.90,shared_cui,D004427,25906001,Disorder of ear,1,disease,BioRED
http://id.nlm.nih.gov/mesh/D004476,http://snomed.info/id/254237003,skos:closeMatch,0.90,shared_cui,D004476,254237003,Aplasia of skin,1,disease,BioRED
http://id.nlm.nih.gov/mesh/D004485,http://snomed.info/id/43116000,skos:closeMatch,0.90,shared_cui,D004485,43116000,Eczema,1,disease,BC5CDR
http://id.nlm.nih.gov/mesh/D004630,http://snomed.info/id/64572001,skos:relatedMatch,0.40,sty_fallback:Pathologic Function,D004630,64572001,Disease,1,disease,BC5CDR
http://id.nlm.nih.gov/mesh/D004640,http://snomed.info/id/373466009,skos:closeMatch,0.90,shared_cui,D004640,373466009,Emetine,1,chemical,BioRED
http://id.nlm.nih.gov/mesh/D004678,http://snomed.info/id/58762006,skos:closeMatch,0.93,shared_cui_strict,D004678,58762006,Encephalomalacia,1,disease,BC5CDR
http://id.nlm.nih.gov/mesh/D004694,http://snomed.info/id/15459006,skos:closeMatch,0.90,shared_cui,D004694,15459006,Endocardial cushion defect,1,disease,BioRED
http://id.nlm.nih.gov/mesh/D004774,http://snomed.info/id/33168009,skos:closeMatch,0.90,shared_cui,D004774,33168009,Entropion,1,disease,BC5CDR
http://id.nlm.nih.gov/mesh/D004775,http://snomed.info/id/139398002,skos:closeMatch,0.90,shared_cui,D004775,139398002,Enuresis,1,disease,BC5CDR
http://id.nlm.nih.gov/mesh/D004801,http://snomed.info/id/256012001,skos:closeMatch,0.90,shared_cui,D004801,256012001,Eosine,1,chemical,BC5CDR
http://id.nlm.nih.gov/mesh/D004819,http://snomed.info/id/19138001,skos:closeMatch,0.93,shared_cui_strict,D004819,19138001,Epidermodysplasia verruciformis,1,disease,BioRED
http://id.nlm.nih.gov/mesh/D004938,http://snomed.info/id/126817006,skos:closeMatch,0.90,shared_cui,D004938,126817006,Neoplasm of esophagus,1,disease,BC5CDR
http://id.nlm.nih.gov/mesh/D004952,http://snomed.info/id/45120003,skos:closeMatch,0.90,shared_cui,D004952,45120003,Ester,1,chemical,BioRED
http://id.nlm.nih.gov/mesh/D005030,http://snomed.info/id/20761000,skos:narrowMatch,0.55,mrrel_rn,D005030,20761000,Ketene,1,chemical,BioRED
http://id.nlm.nih.gov/mesh/D005070,http://snomed.info/id/22931006,skos:closeMatch,0.90,shared_cui,D005070,22931006,Evans blue stain,1,chemical,BC5CDR
http://id.nlm.nih.gov/mesh/D005096,http://snomed.info/id/416189003,skos:closeMatch,0.90,shared_cui,D005096,416189003,Exostosis,1,disease,BioRED
http://id.nlm.nih.gov/mesh/D005217,http://snomed.info/id/409429004,skos:closeMatch,0.90,shared_cui,D005217,409429004,Intravenous fat emulsion,1,chemical,BioRED
http://id.nlm.nih.gov/mesh/D005279,http://snomed.info/id/373525006,skos:closeMatch,0.90,shared_cui,D005279,373525006,Fenoprofen,1,chemical,BC5CDR
http://id.nlm.nih.gov/mesh/D005357,http://snomed.info/id/789439000,skos:closeMatch,0.90,shared_cui,D005357,789439000,Fibrous dysplasia,1,disease,BioRED
http://id.nlm.nih.gov/mesh/D005368,http://snomed.info/id/105706003,skos:closeMatch,0.90,shared_cui,D005368,105706003,Disease caused by Filarioidea,1,disease,BC5CDR
http://id.nlm.nih.gov/mesh/D005406,http://snomed.info/id/105590001,skos:relatedMatch,0.40,sty_fallback:Organic Chemical,D005406,105590001,Substance,1,chemical,BC5CDR
http://id.nlm.nih.gov/mesh/D005444,http://snomed.info/id/418221001,skos:closeMatch,0.90,shared_cui,D005444,418221001,Flunarizine,1,chemical,BC5CDR
http://id.nlm.nih.gov/mesh/D005463,http://snomed.info/id/43161001,skos:closeMatch,0.90,shared_cui,D005463,43161001,Fluoroacetate,1,chemical,BC5CDR
http://id.nlm.nih.gov/mesh/D005530,http://snomed.info/id/229844004,skos:closeMatch,0.90,shared_cui,D005530,229844004,Deformity of foot,1,disease,BC5CDR
http://id.nlm.nih.gov/mesh/D005682,http://snomed.info/id/58281002,skos:closeMatch,0.93,shared_cui_strict,D005682,58281002,Gadolinium,1,chemical,BC5CDR
http://id.nlm.nih.gov/mesh/D005687,http://snomed.info/id/155965001,skos:closeMatch,0.90,shared_cui,D005687,155965001,Galactorrhea,1,disease,BC5CDR
http://id.nlm.nih.gov/mesh/D005759,http://snomed.info/id/25374005,skos:closeMatch,0.90,shared_cui,D005759,25374005,Gastroenteritis,1,disease,BC5CDR
http://id.nlm.nih.gov/mesh/D005833,http://snomed.info/id/126907002,skos:closeMatch,0.90,shared_cui,D005833,126907002,Neoplasm of female genital organ,1,disease,BioRED
http://id.nlm.nih.gov/mesh/D005922,http://snomed.info/id/236407003,skos:closeMatch,0.90,shared_cui,D005922,236407003,IgA nephropathy,1,disease,BC5CDR
http://id.nlm.nih.gov/mesh/D005973,http://snomed.info/id/25761002,skos:closeMatch,0.90,shared_cui,D005973,25761002,Glutamine,1,chemical,BioRED
http://id.nlm.nih.gov/mesh/D005990,http://snomed.info/id/80582002,skos:closeMatch,0.90,shared_cui,D005990,80582002,Glycerin,1,chemical,BC5CDR
http://id.nlm.nih.gov/mesh/D006003,http://snomed.info/id/36998008,skos:closeMatch,0.93,shared_cui_strict,D006003,36998008,Glycogen,1,chemical,BioRED
http://id.nlm.nih.gov/mesh/D006025,http://snomed.info/id/82565009,skos:closeMatch,0.90,shared_cui,D006025,82565009,Mucopolysaccharide,1,chemical,BC5CDR
http://id.nlm.nih.gov/mesh/D006069,http://snomed.info/id/15628003,skos:closeMatch,0.90,shared_cui,D006069,15628003,Gonorrhea,1,disease,BioRED
http://id.nlm.nih.gov/mesh/D006106,http://snomed.info/id/18861007,skos:closeMatch,0.90,shared_cui,D006106,18861007,"Granulosa cell tumor, malignant",1,disease,BC5CDR
http://id.nlm.nih.gov/mesh/D006145,http://snomed.info/id/387456007,skos:closeMatch,0.90,shared_cui,D006145,387456007,Guanethidine,1,chemical,BC5CDR
http://id.nlm.nih.gov/mesh/D006151,http://snomed.info/id/529003,skos:closeMatch,0.93,shared_cui_strict,D006151,529003,Guanosine,1,chemical,BC5CDR
http://id.nlm.nih.gov/mesh/D006344,http://snomed.info/id/17718000,skos:closeMatch,0.90,shared_cui,D006344,17718000,Ostium primum defect,1,disease,BC5CDR
http://id.nlm.nih.gov/mesh/D006392,http://snomed.info/id/33377007,skos:closeMatch,0.90,shared_cui,D006392,33377007,Cavernous hemangioma,1,disease,BioRED
http://id.nlm.nih.gov/mesh/D006416,http://snomed.info/id/12710003,skos:closeMatch,0.90,shared_cui,D006416,12710003,Hematoxylin stain,1,chemical,BC5CDR
http://id.nlm.nih.gov/mesh/D006469,http://snomed.info/id/66857006,skos:closeMatch,0.90,shared_cui,D006469,66857006,Hemoptysis,1,disease,BC5CDR
http://id.nlm.nih.gov/mesh/D006482,http://snomed.info/id/240523007,skos:closeMatch,0.90,shared_cui,D006482,240523007,Viral hemorrhagic fever,1,disease,BC5CDR
http://id.nlm.nih.gov/mesh/D006519,http://snomed.info/id/235875008,skos:closeMatch,0.90,shared_cui,D006519,235875008,Alcoholic hepatitis,1,disease,BC5CDR
http://id.nlm.nih.gov/mesh/D006547,http://snomed.info/id/414403008,skos:closeMatch,0.90,shared_cui,D006547,414403008,Hernia,1,disease,BC5CDR
http://id.nlm.nih.gov/mesh/D006548,http://snomed.info/id/39839004,skos:closeMatch,0.90,shared_cui,D006548,39839004,Diaphragmatic hernia,1,disease,BC5CDR
http://id.nlm.nih.gov/mesh/D006562,http://snomed.info/id/4740000,skos:closeMatch,0.90,shared_cui,D006562,4740000,Herpes zoster,1,disease,BC5CDR
http://id.nlm.nih.gov/mesh/D006601,http://snomed.info/id/116259001,skos:closeMatch,0.90,shared_cui,D006601,116259001,Hexose,1,chemical,BioRED
http://id.nlm.nih.gov/mesh/D006603,http://snomed.info/id/105590001,skos:relatedMatch,0.40,sty_fallback:Organic Chemical,D006603,105590001,Substance,1,chemical,BC5CDR
http://id.nlm.nih.gov/mesh/D006820,http://snomed.info/id/38218009,skos:closeMatch,0.90,shared_cui,D006820,38218009,Hyaluronic acid,1,chemical,BC5CDR
http://id.nlm.nih.gov/mesh/D006843,http://snomed.info/id/56181003,skos:closeMatch,0.90,shared_cui,D006843,56181003,Chlorinated hydrocarbon,1,chemical,BioRED
http://id.nlm.nih.gov/mesh/D006851,http://snomed.info/id/27763000,skos:closeMatch,0.90,shared_cui,D006851,27763000,Hydrochloric acid,1,chemical,BC5CDR
http://id.nlm.nih.gov/mesh/D006919,http://snomed.info/id/372856003,skos:closeMatch,0.90,shared_cui,D006919,372856003,Hydroxyzine,1,chemical,BC5CDR
http://id.nlm.nih.gov/mesh/D006929,http://snomed.info/id/88213004,skos:closeMatch,0.90,shared_cui,D006929,88213004,Hyperaldosteronism,1,disease,BC5CDR
http://id.nlm.nih.gov/mesh/D006941,http://snomed.info/id/14151009,skos:closeMatch,0.90,shared_cui,D006941,14151009,Hyperesthesia,1,disease,BC5CDR
http://id.nlm.nih.gov/mesh/D006951,http://snomed.info/id/3744001,skos:closeMatch,0.90,shared_cui,D006951,3744001,Hyperlipoproteinemia,1,disease,BC5CDR
http://id.nlm.nih.gov/mesh/D006963,http://snomed.info/id/58424009,skos:closeMatch,0.90,shared_cui,D006963,58424009,Overeating,1,disease,BC5CDR
http://id.nlm.nih.gov/mesh/D006972,http://snomed.info/id/22006008,skos:closeMatch,0.90,shared_cui,D006972,22006008,Hypertelorism,1,disease,BC5CDR
http://id.nlm.nih.gov/mesh/D006975,http://snomed.info/id/34742003,skos:closeMatch,0.90,shared_cui,D006975,34742003,Portal hypertension,1,disease,BC5CDR
http://id.nlm.nih.gov/mesh/D007006,http://snomed.info/id/48130008,skos:closeMatch,0.93,shared_cui_strict,D007006,48130008,Hypogonadism,1,disease,BC5CDR
http://id.nlm.nih.gov/mesh/D007018,http://snomed.info/id/74728003,skos:closeMatch,0.90,shared_cui,D007018,74728003,Hypopituitarism,1,disease,BioRED
http://id.nlm.nih.gov/mesh/D007021,http://snomed.info/id/416010008,skos:closeMatch,0.90,shared_cui,D007021,416010008,Hypospadias,1,disease,BioRED
http://id.nlm.nih.gov/mesh/D007027,http://snomed.info/id/111568001,skos:closeMatch,0.90,shared_cui,D007027,111568001,Hypothalamic syndrome,1,disease,BC5CDR
http://id.nlm.nih.gov/mesh/D007049,http://snomed.info/id/12456005,skos:closeMatch,0.90,shared_cui,D007049,12456005,Iatrogenic disorder,1,disease,BC5CDR
http://id.nlm.nih.gov/mesh/D007057,http://snomed.info/id/782957005,skos:closeMatch,0.93,shared_cui_strict,D007057,782957005,Ichthyosis,1,disease,BioRED
http://id.nlm.nih.gov/mesh/D007244,http://snomed.info/id/271558008,skos:closeMatch,0.90,shared_cui,D007244,271558008,Infectious mononucleosis,1,disease,BC5CDR
http://id.nlm.nih.gov/mesh/D007455,http://snomed.info/id/44588005,skos:closeMatch,0.90,shared_cui,D007455,44588005,Iodine,1,chemical,BC5CDR
http://id.nlm.nih.gov/mesh/D007499,http://snomed.info/id/85478004,skos:closeMatch,0.90,shared_cui,D007499,85478004,Disorder of iris,1,disease,BioRED
http://id.nlm.nih.gov/mesh/D007516,http://snomed.info/id/399528006,skos:closeMatch,0.90,shared_cui,D007516,399528006,Islet cell neoplasm,1,disease,BioRED
http://id.nlm.nih.gov/mesh/D007547,http://snomed.info/id/386853004,skos:closeMatch,0.90,shared_cui,D007547,386853004,Isosorbide,1,chemical,BC5CDR
http://id.nlm.nih.gov/mesh/D007592,http://snomed.info/id/399269003,skos:closeMatch,0.90,shared_cui,D007592,399269003,Arthropathy,1,disease,BioRED
http://id.nlm.nih.gov/mesh/D007637,http://snomed.info/id/88151007,skos:closeMatch,0.90,shared_cui,D007637,88151007,Keratoconjunctivitis,1,disease,BC5CDR
http://id.nlm.nih.gov/mesh/D007644,http://snomed.info/id/48611009,skos:closeMatch,0.90,shared_cui,D007644,48611009,Darier disease,1,disease,BioRED
http://id.nlm.nih.gov/mesh/D007659,http://snomed.info/id/59431004,skos:closeMatch,0.90,shared_cui,D007659,59431004,Ketone,1,chemical,BC5CDR
http://id.nlm.nih.gov/mesh/D007662,http://snomed.info/id/213281004,skos:closeMatch,0.90,shared_cui,D007662,213281004,Ketonemia,1,disease,BC5CDR
http://id.nlm.nih.gov/mesh/D007673,http://snomed.info/id/444691002,skos:closeMatch,0.90,shared_cui,D007673,444691002,Renal cortical necrosis,1,disease,BioRED
http://id.nlm.nih.gov/mesh/D007710,http://snomed.info/id/721756002,skos:closeMatch,0.90,shared_cui,D007710,721756002,Infection caused by Klebsiella,1,disease,BioRED
http://id.nlm.nih.gov/mesh/D007737,http://snomed.info/id/707616007,skos:closeMatch,0.93,shared_cui_strict,D007737,707616007,Kynurenine,1,chemical,BC5CDR
http://id.nlm.nih.gov/mesh/D007770,http://snomed.info/id/259319003,skos:closeMatch,0.90,shared_cui,D007770,259319003,Lactate dehydrogenase,1,chemical,BioRED
http://id.nlm.nih.gov/mesh/D007775,http://snomed.info/id/199004,skos:closeMatch,0.90,shared_cui,D007775,199004,Decreased lactation,1,disease,BC5CDR
http://id.nlm.nih.gov/mesh/D007785,http://snomed.info/id/47703008,skos:closeMatch,0.90,shared_cui,D007785,47703008,Lactose,1,chemical,BioRED
http://id.nlm.nih.gov/mesh/D007889,http://snomed.info/id/1162890002,skos:closeMatch,0.90,shared_cui,D007889,1162890002,Leiomyoma,1,disease,BioRED
http://id.nlm.nih.gov/mesh/D007890,http://snomed.info/id/1163022006,skos:closeMatch,0.90,shared_cui,D007890,1163022006,Leiomyosarcoma,1,disease,BC5CDR
http://id.nlm.nih.gov/mesh/D007939,http://snomed.info/id/108369006,skos:relatedMatch,0.40,sty_fallback:Neoplastic Process,D007939,108369006,Neoplasm,1,disease,BC5CDR
http://id.nlm.nih.gov/mesh/D007969,http://snomed.info/id/230769007,skos:closeMatch,0.90,shared_cui,D007969,230769007,Periventricular leukomalacia,1,disease,BC5CDR
http://id.nlm.nih.gov/mesh/D007978,http://snomed.info/id/387296006,skos:closeMatch,0.90,shared_cui,D007978,387296006,Levamisole,1,chemical,BioRED
http://id.nlm.nih.gov/mesh/D007981,http://snomed.info/id/387275004,skos:closeMatch,0.90,shared_cui,D007981,387275004,Levorphanol,1,chemical,BC5CDR
http://id.nlm.nih.gov/mesh/D008060,http://snomed.info/id/71325002,skos:closeMatch,0.90,shared_cui,D008060,71325002,Lipodystrophy,1,disease,BioRED
http://id.nlm.nih.gov/mesh/D008076,http://snomed.info/id/102737005,skos:closeMatch,0.90,shared_cui,D008076,102737005,HDL cholesterol,1,chemical,BioRED
http://id.nlm.nih.gov/mesh/D008100,http://snomed.info/id/27916005,skos:closeMatch,0.90,shared_cui,D008100,27916005,Abscess of liver,1,disease,BC5CDR
http://id.nlm.nih.gov/mesh/D008104,http://snomed.info/id/420054005,skos:closeMatch,0.90,shared_cui,D008104,420054005,Alcoholic cirrhosis,1,disease,BC5CDR
http://id.nlm.nih.gov/mesh/D008118,http://snomed.info/id/44250009,skos:closeMatch,0.90,shared_cui,D008118,44250009,Infection by Loa loa,1,disease,BC5CDR
http://id.nlm.nih.gov/mesh/D008173,http://snomed.info/id/64572001,skos:relatedMatch,0.40,sty_fallback:Disease or Syndrome,D008173,64572001,Disease,1,disease,BC5CDR
http://id.nlm.nih.gov/mesh/D008199,http://snomed.info/id/19471005,skos:closeMatch,0.90,shared_cui,D008199,19471005,Lymphadenitis,1,disease,BC5CDR
http://id.nlm.nih.gov/mesh/D008207,http://snomed.info/id/94392001,skos:closeMatch,0.90,shared_cui,D008207,94392001,Metastatic malignant neoplasm to lymph node,1,disease,BioRED
http://id.nlm.nih.gov/mesh/D008231,http://snomed.info/id/48813009,skos:closeMatch,0.90,shared_cui,D008231,48813009,Lymphocytopenia,1,disease,BC5CDR
http://id.nlm.nih.gov/mesh/D008269,http://snomed.info/id/193387007,skos:closeMatch,0.90,shared_cui,D008269,193387007,Cystoid macular edema,1,disease,BC5CDR
http://id.nlm.nih.gov/mesh/D008357,http://snomed.info/id/105590001,skos:relatedMatch,0.40,sty_fallback:Organic Chemical,D008357,105590001,Substance,1,chemical,BioRED
http://id.nlm.nih.gov/mesh/D008358,http://snomed.info/id/63089006,skos:closeMatch,0.93,shared_cui_strict,D008358,63089006,Mannose,1,chemical,BioRED
http://id.nlm.nih.gov/mesh/D008413,http://snomed.info/id/155952005,skos:closeMatch,0.90,shared_cui,D008413,155952005,Mastitis,1,disease,BC5CDR
http://id.nlm.nih.gov/mesh/D008415,http://snomed.info/id/127581004,skos:closeMatch,0.90,shared_cui,D008415,127581004,Mastocytosis,1,disease,BC5CDR
http://id.nlm.nih.gov/mesh/D008469,http://snomed.info/id/117178002,skos:closeMatch,0.90,shared_cui,D008469,117178002,Meclofenamate,1,chemical,BC5CDR
http://id.nlm.nih.gov/mesh/D008577,http://snomed.info/id/126965008,skos:closeMatch,0.90,shared_cui,D008577,126965008,Neoplasm of meninges,1,disease,BC5CDR
http://id.nlm.nih.gov/mesh/D008594,http://snomed.info/id/373717006,skos:closeMatch,0.90,shared_cui,D008594,373717006,Premature menopause,1,disease,BC5CDR
http://id.nlm.nih.gov/mesh/D008628,http://snomed.info/id/45262002,skos:closeMatch,0.93,shared_cui_strict,D008628,45262002,Mercury,1,chemical,BC5CDR
http://id.nlm.nih.gov/mesh/D008661,http://snomed.info/id/86095007,skos:closeMatch,0.90,shared_cui,D008661,86095007,Inborn error of metabolism,1,disease,BioRED
http://id.nlm.nih.gov/mesh/D008696,http://snomed.info/id/126126006,skos:closeMatch,0.90,shared_cui,D008696,126126006,Methandrostenolone,1,chemical,BC5CDR
http://id.nlm.nih.gov/mesh/D008708,http://snomed.info/id/38959009,skos:closeMatch,0.90,shared_cui,D008708,38959009,Methemoglobinemia,1,disease,BC5CDR
http://id.nlm.nih.gov/mesh/D008764,http://snomed.info/id/52841006,skos:closeMatch,0.90,shared_cui,D008764,52841006,Methyl malonic acid,1,chemical,BioRED
http://id.nlm.nih.gov/mesh/D008803,http://snomed.info/id/387565003,skos:closeMatch,0.90,shared_cui,D008803,387565003,Mianserin,1,chemical,BC5CDR
http://id.nlm.nih.gov/mesh/D008995,http://snomed.info/id/4824009,skos:closeMatch,0.90,shared_cui,D008995,4824009,Amine oxidase (flavin-containing),1,chemical,BC5CDR
http://id.nlm.nih.gov/mesh/D009005,http://snomed.info/id/116257004,skos:closeMatch,0.90,shared_cui,D009005,116257004,Monosaccharide,1,chemical,BC5CDR
http://id.nlm.nih.gov/mesh/D009041,http://snomed.info/id/17783003,skos:closeMatch,0.90,shared_cui,D009041,17783003,Car sickness,1,disease,BioRED
http://id.nlm.nih.gov/mesh/D009074,http://snomed.info/id/46015007,skos:closeMatch,0.90,shared_cui,D009074,46015007,Melanocyte stimulating hormone,1,chemical,BC5CDR
http://id.nlm.nih.gov/mesh/D009102,http://snomed.info/id/57653000,skos:closeMatch,0.90,shared_cui,D009102,57653000,Multiple organ failure,1,disease,BC5CDR
http://id.nlm.nih.gov/mesh/D009103,http://snomed.info/id/24700007,skos:closeMatch,0.90,shared_cui,D009103,24700007,Multiple sclerosis,1,disease,BC5CDR
http://id.nlm.nih.gov/mesh/D009116,http://snomed.info/id/59755005,skos:closeMatch,0.93,shared_cui_strict,D009116,59755005,Muscarine,1,chemical,BC5CDR
http://id.nlm.nih.gov/mesh/D009139,http://snomed.info/id/73573004,skos:closeMatch,0.90,shared_cui,D009139,73573004,Congenital anomaly of musculoskeletal system,1,disease,BC5CDR
http://id.nlm.nih.gov/mesh/D009216,http://snomed.info/id/57190000,skos:closeMatch,0.90,shared_cui,D009216,57190000,Myopia,1,disease,BioRED
http://id.nlm.nih.gov/mesh/D009248,http://snomed.info/id/387482003,skos:closeMatch,0.90,shared_cui,D009248,387482003,Nadolol,1,chemical,BC5CDR
http://id.nlm.nih.gov/mesh/D009377,http://snomed.info/id/60549007,skos:closeMatch,0.90,shared_cui,D009377,60549007,Multiple endocrine adenomas,1,disease,BioRED
http://id.nlm.nih.gov/mesh/D009386,http://snomed.info/id/699346009,skos:closeMatch,0.90,shared_cui,D009386,699346009,Hereditary cancer-predisposing syndrome,1,disease,BioRED
http://id.nlm.nih.gov/mesh/D009400,http://snomed.info/id/32916005,skos:closeMatch,0.90,shared_cui,D009400,32916005,Nephrosclerosis,1,disease,BC5CDR
http://id.nlm.nih.gov/mesh/D009472,http://snomed.info/id/42012007,skos:closeMatch,0.90,shared_cui,D009472,42012007,Neuronal ceroid lipofuscinosis,1,disease,BC5CDR
http://id.nlm.nih.gov/mesh/D009602,http://snomed.info/id/25931000,skos:closeMatch,0.90,shared_cui,D009602,25931000,Nitrosamine,1,chemical,BioRED
http://id.nlm.nih.gov/mesh/D009627,http://snomed.info/id/725728003,skos:closeMatch,0.93,shared_cui_strict,D009627,725728003,Nomifensine,1,chemical,BC5CDR
http://id.nlm.nih.gov/mesh/D009640,http://snomed.info/id/126102009,skos:closeMatch,0.90,shared_cui,D009640,126102009,Norethindrone,1,chemical,BC5CDR
http://id.nlm.nih.gov/mesh/D009647,http://snomed.info/id/24939007,skos:closeMatch,0.93,shared_cui_strict,D009647,24939007,Normetanephrine,1,chemical,BC5CDR
http://id.nlm.nih.gov/mesh/D009755,http://snomed.info/id/65194006,skos:closeMatch,0.90,shared_cui,D009755,65194006,Night blindness,1,disease,BioRED
http://id.nlm.nih.gov/mesh/D009839,http://snomed.info/id/52073004,skos:closeMatch,0.90,shared_cui,D009839,52073004,Oligomenorrhea,1,disease,BC5CDR
http://id.nlm.nih.gov/mesh/D009921,http://snomed.info/id/372797004,skos:closeMatch,0.90,shared_cui,D009921,372797004,Metaproterenol,1,chemical,BC5CDR
http://id.nlm.nih.gov/mesh/D009952,http://snomed.info/id/8514004,skos:closeMatch,0.93,shared_cui_strict,D009952,8514004,Ornithine,1,chemical,BC5CDR
http://id.nlm.nih.gov/mesh/D010018,http://snomed.info/id/392559009,skos:narrowMatch,0.55,mrrel_rn,D010018,392559009,Tumor-induced osteomalacia,1,disease,BioRED
http://id.nlm.nih.gov/mesh/D010020,http://snomed.info/id/397758007,skos:closeMatch,0.90,shared_cui,D010020,397758007,Osteonecrosis,1,disease,BC5CDR
http://id.nlm.nih.gov/mesh/D010076,http://snomed.info/id/387455006,skos:closeMatch,0.90,shared_cui,D010076,387455006,Oxazepam,1,chemical,BC5CDR
http://id.nlm.nih.gov/mesh/D010168,http://snomed.info/id/87044003,skos:closeMatch,0.90,shared_cui,D010168,87044003,Palmitate,1,chemical,BioRED
http://id.nlm.nih.gov/mesh/D010182,http://snomed.info/id/3855007,skos:closeMatch,0.90,shared_cui,D010182,3855007,Disorder of pancreas,1,disease,BioRED
http://id.nlm.nih.gov/mesh/D010198,http://snomed.info/id/127034005,skos:closeMatch,0.90,shared_cui,D010198,127034005,Pancytopenia,1,disease,BC5CDR
http://id.nlm.nih.gov/mesh/D010279,http://snomed.info/id/73132005,skos:closeMatch,0.90,shared_cui,D010279,73132005,Disorder of parathyroid gland,1,disease,BioRED
http://id.nlm.nih.gov/mesh/D010309,http://snomed.info/id/14756005,skos:closeMatch,0.90,shared_cui,D010309,14756005,Parotitis,1,disease,BC5CDR
http://id.nlm.nih.gov/mesh/D010409,http://snomed.info/id/33958003,skos:closeMatch,0.90,shared_cui,D010409,33958003,Disorder of penis,1,disease,BC5CDR
http://id.nlm.nih.gov/mesh/D010504,http://snomed.info/id/105590001,skos:relatedMatch,0.40,"sty_fallback:Indicator, Reagent, or Diagnostic Aid",D010504,105590001,Substance,1,chemical,BC5CDR
http://id.nlm.nih.gov/mesh/D010538,http://snomed.info/id/48661000,skos:closeMatch,0.90,shared_cui,D010538,48661000,Peritonitis,1,disease,BioRED
http://id.nlm.nih.gov/mesh/D010567,http://snomed.info/id/396433007,skos:closeMatch,0.90,shared_cui,D010567,396433007,Pertussis vaccine,1,chemical,BC5CDR
http://id.nlm.nih.gov/mesh/D010575,http://snomed.info/id/59545008,skos:closeMatch,0.90,shared_cui,D010575,59545008,Pesticide,1,chemical,BioRED
http://id.nlm.nih.gov/mesh/D010580,http://snomed.info/id/54411001,skos:closeMatch,0.90,shared_cui,D010580,54411001,Peutz-Jeghers syndrome,1,disease,BioRED
http://id.nlm.nih.gov/mesh/D010636,http://snomed.info/id/300070004,skos:closeMatch,0.90,shared_cui,D010636,300070004,Phenol and derivatives,1,chemical,BC5CDR
http://id.nlm.nih.gov/mesh/D010645,http://snomed.info/id/373343009,skos:closeMatch,0.90,shared_cui,D010645,373343009,Phentermine,1,chemical,BC5CDR
http://id.nlm.nih.gov/mesh/D010649,http://snomed.info/id/63004003,skos:closeMatch,0.90,shared_cui,D010649,63004003,Phenylalanine,1,chemical,BC5CDR
http://id.nlm.nih.gov/mesh/D010677,http://snomed.info/id/64572001,skos:relatedMatch,0.40,sty_fallback:Pathologic Function,D010677,64572001,Disease,1,disease,BC5CDR
http://id.nlm.nih.gov/mesh/D010714,http://snomed.info/id/23349009,skos:closeMatch,0.90,shared_cui,D010714,23349009,Phosphatidyl ethanolamine,1,chemical,BioRED
http://id.nlm.nih.gov/mesh/D010787,http://snomed.info/id/22649008,skos:closeMatch,0.90,shared_cui,D010787,22649008,Photodermatitis,1,disease,BC5CDR
http://id.nlm.nih.gov/mesh/D010868,http://snomed.info/id/386848009,skos:closeMatch,0.90,shared_cui,D010868,386848009,Pimozide,1,chemical,BC5CDR
http://id.nlm.nih.gov/mesh/D010889,http://snomed.info/id/395833008,skos:closeMatch,0.90,shared_cui,D010889,395833008,Piracetam,1,chemical,BC5CDR
http://id.nlm.nih.gov/mesh/D010954,http://snomed.info/id/1187107005,skos:closeMatch,0.90,shared_cui,D010954,1187107005,Plasmacytoma,1,disease,BC5CDR
http://id.nlm.nih.gov/mesh/D010975,http://snomed.info/id/771452004,skos:closeMatch,0.90,shared_cui,D010975,771452004,Platelet aggregation inhibitor,1,chemical,BC5CDR
http://id.nlm.nih.gov/mesh/D011134,http://snomed.info/id/71544008,skos:closeMatch,0.90,shared_cui,D011134,71544008,Polysaccharide,1,chemical,BioRED
http://id.nlm.nih.gov/mesh/D011206,http://snomed.info/id/386989006,skos:closeMatch,0.90,shared_cui,D011206,386989006,Povidone iodine,1,chemical,BC5CDR
http://id.nlm.nih.gov/mesh/D011225,http://snomed.info/id/398254007,skos:closeMatch,0.90,shared_cui,D011225,398254007,Pre-eclampsia,1,disease,BC5CDR
http://id.nlm.nih.gov/mesh/D011398,http://snomed.info/id/372871004,skos:closeMatch,0.90,shared_cui,D011398,372871004,Promethazine,1,chemical,BC5CDR
http://id.nlm.nih.gov/mesh/D011458,http://snomed.info/id/418517007,skos:closeMatch,0.90,shared_cui,D011458,418517007,Prostaglandin group E,1,chemical,BC5CDR
http://id.nlm.nih.gov/mesh/D011472,http://snomed.info/id/9713002,skos:closeMatch,0.90,shared_cui,D011472,9713002,Prostatitis,1,disease,BC5CDR
http://id.nlm.nih.gov/mesh/D011512,http://snomed.info/id/186437007,skos:closeMatch,0.90,shared_cui,D011512,186437007,Proteus infection,1,disease,BC5CDR
http://id.nlm.nih.gov/mesh/D011552,http://snomed.info/id/63398001,skos:closeMatch,0.90,shared_cui,D011552,63398001,Bacterial infection caused by Pseudomonas,1,disease,BC5CDR
http://id.nlm.nih.gov/mesh/D011619,http://snomed.info/id/418183005,skos:closeMatch,0.90,shared_cui,D011619,418183005,Psychotropic agent,1,chemical,BioRED
http://id.nlm.nih.gov/mesh/D011628,http://snomed.info/id/400003000,skos:closeMatch,0.90,shared_cui,D011628,400003000,Delayed puberty,1,disease,BC5CDR
http://id.nlm.nih.gov/mesh/D011660,http://snomed.info/id/83291003,skos:closeMatch,0.90,shared_cui,D011660,83291003,Cor pulmonale,1,disease,BC5CDR
http://id.nlm.nih.gov/mesh/D011695,http://snomed.info/id/191306005,skos:closeMatch,0.90,shared_cui,D011695,191306005,Immunoglobulin A vasculitis,1,disease,BC5CDR
http://id.nlm.nih.gov/mesh/D011696,http://snomed.info/id/302873008,skos:closeMatch,0.90,shared_cui,D011696,302873008,Thrombocytopenic purpura,1,disease,BioRED
http://id.nlm.nih.gov/mesh/D011697,http://snomed.info/id/373420004,skos:closeMatch,0.90,shared_cui,D011697,373420004,Upshaw-Schulman syndrome,1,disease,BC5CDR
http://id.nlm.nih.gov/mesh/D011730,http://snomed.info/id/430926008,skos:closeMatch,0.90,shared_cui,D011730,430926008,Pyridoxal,1,chemical,BC5CDR
http://id.nlm.nih.gov/mesh/D011928,http://snomed.info/id/195295006,skos:closeMatch,0.90,shared_cui,D011928,195295006,Raynaud's disease,1,disease,BC5CDR
http://id.nlm.nih.gov/mesh/D012001,http://snomed.info/id/25289003,skos:closeMatch,0.90,shared_cui,D012001,25289003,Hyperacusis,1,disease,BC5CDR
http://id.nlm.nih.gov/mesh/D012019,http://snomed.info/id/734947007,skos:closeMatch,0.90,shared_cui,D012019,734947007,Complex regional pain syndrome type I,1,disease,BC5CDR
http://id.nlm.nih.gov/mesh/D012120,http://snomed.info/id/50043002,skos:closeMatch,0.90,shared_cui,D012120,50043002,Disorder of respiratory system,1,disease,BC5CDR
http://id.nlm.nih.gov/mesh/D012135,http://snomed.info/id/70407001,skos:closeMatch,0.90,shared_cui,D012135,70407001,Stridor,1,disease,BC5CDR
http://id.nlm.nih.gov/mesh/D012141,http://snomed.info/id/275498002,skos:closeMatch,0.90,shared_cui,D012141,275498002,Respiratory tract infection,1,disease,BC5CDR
http://id.nlm.nih.gov/mesh/D012173,http://snomed.info/id/399463004,skos:closeMatch,0.90,shared_cui,D012173,399463004,Retinitis,1,disease,BC5CDR
http://id.nlm.nih.gov/mesh/D012176,http://snomed.info/id/372579009,skos:closeMatch,0.90,shared_cui,D012176,372579009,Retinoid,1,chemical,BioRED
http://id.nlm.nih.gov/mesh/D012213,http://snomed.info/id/58718002,skos:closeMatch,0.90,shared_cui,D012213,58718002,Rheumatic fever,1,disease,BC5CDR
http://id.nlm.nih.gov/mesh/D012214,http://snomed.info/id/23685000,skos:closeMatch,0.90,shared_cui,D012214,23685000,Rheumatic heart disease,1,disease,BC5CDR
http://id.nlm.nih.gov/mesh/D012256,http://snomed.info/id/13235001,skos:closeMatch,0.90,shared_cui,D012256,13235001,Riboflavin,1,chemical,BC5CDR
http://id.nlm.nih.gov/mesh/D012279,http://snomed.info/id/41345002,skos:closeMatch,0.90,shared_cui,D012279,41345002,Rickets,1,disease,BioRED
http://id.nlm.nih.gov/mesh/D012428,http://snomed.info/id/7446004,skos:closeMatch,0.93,shared_cui_strict,D012428,7446004,Ruthenium,1,chemical,BC5CDR
http://id.nlm.nih.gov/mesh/D012700,http://snomed.info/id/370469003,skos:closeMatch,0.93,shared_cui_strict,D012700,370469003,Serositis,1,disease,BC5CDR
http://id.nlm.nih.gov/mesh/D012873,http://snomed.info/id/239001006,skos:closeMatch,0.90,shared_cui,D012873,239001006,Genodermatosis,1,disease,BioRED
http://id.nlm.nih.gov/mesh/D012891,http://snomed.info/id/73430006,skos:closeMatch,0.90,shared_cui,D012891,73430006,Sleep apnea,1,disease,BC5CDR
http://id.nlm.nih.gov/mesh/D012972,http://snomed.info/id/23423003,skos:closeMatch,0.93,shared_cui_strict,D012972,23423003,Sodium hydroxide,1,chemical,BC5CDR
http://id.nlm.nih.gov/mesh/D013001,http://snomed.info/id/397826007,skos:closeMatch,0.90,shared_cui,D013001,397826007,Briquet's syndrome,1,disease,BC5CDR
http://id.nlm.nih.gov/mesh/D013036,http://snomed.info/id/400948003,skos:closeMatch,0.90,shared_cui,D013036,400948003,Spasmus nutans,1,disease,BC5CDR
http://id.nlm.nih.gov/mesh/D013132,http://snomed.info/id/763597000,skos:closeMatch,0.90,shared_cui,D013132,763597000,Hereditary ataxia,1,disease,BioRED
http://id.nlm.nih.gov/mesh/D013163,http://snomed.info/id/16294009,skos:closeMatch,0.90,shared_cui,D013163,16294009,Splenomegaly,1,disease,BC5CDR
http://id.nlm.nih.gov/mesh/D013174,http://snomed.info/id/42094007,skos:closeMatch,0.90,shared_cui,D013174,42094007,Sporotrichosis,1,disease,BC5CDR
http://id.nlm.nih.gov/mesh/D013196,http://snomed.info/id/103042004,skos:closeMatch,0.90,shared_cui,D013196,103042004,Androstanolone,1,chemical,BioRED
http://id.nlm.nih.gov/mesh/D013281,http://snomed.info/id/110426005,skos:closeMatch,0.90,shared_cui,D013281,110426005,Aphtha,1,disease,BC5CDR
http://id.nlm.nih.gov/mesh/D013327,http://snomed.info/id/105590001,skos:relatedMatch,0.40,sty_fallback:Organic Chemical,D013327,105590001,Substance,1,chemical,BC5CDR
http://id.nlm.nih.gov/mesh/D013392,http://snomed.info/id/387387008,skos:closeMatch,0.90,shared_cui,D013392,387387008,Sucralfate,1,chemical,BC5CDR
http://id.nlm.nih.gov/mesh/D013402,http://snomed.info/id/116267009,skos:closeMatch,0.90,shared_cui,D013402,116267009,Sugar alcohol,1,chemical,BC5CDR
http://id.nlm.nih.gov/mesh/D013420,http://snomed.info/id/363528007,skos:closeMatch,0.90,shared_cui,D013420,363528007,Sulfamethoxazole,1,chemical,BC5CDR
http://id.nlm.nih.gov/mesh/D013471,http://snomed.info/id/156345009,skos:closeMatch,0.90,shared_cui,D013471,156345009,Sunburn,1,disease,BC5CDR
http://id.nlm.nih.gov/mesh/D013498,http://snomed.info/id/714082002,skos:closeMatch,0.90,shared_cui,D013498,714082002,Suramin,1,chemical,BC5CDR
http://id.nlm.nih.gov/mesh/D013651,http://snomed.info/id/11193009,skos:closeMatch,0.90,shared_cui,D013651,11193009,Metallic taste,1,disease,BC5CDR
http://id.nlm.nih.gov/mesh/D013705,http://snomed.info/id/41888000,skos:closeMatch,0.90,shared_cui,D013705,41888000,Temporomandibular joint disorder,1,disease,BC5CDR
http://id.nlm.nih.gov/mesh/D013755,http://snomed.info/id/88376000,skos:broadMatch,0.65,mrrel_rb,D013755,88376000,Carcinogen,1,chemical,BioRED
http://id.nlm.nih.gov/mesh/D013760,http://snomed.info/id/23816007,skos:closeMatch,0.93,shared_cui_strict,D013760,23816007,Tetrahydrocortisol,1,chemical,BioRED
http://id.nlm.nih.gov/mesh/D013761,http://snomed.info/id/46654009,skos:closeMatch,0.93,shared_cui_strict,D013761,46654009,Tetrahydrocortisone,1,chemical,BioRED
http://id.nlm.nih.gov/mesh/D013771,http://snomed.info/id/86299006,skos:closeMatch,0.90,shared_cui,D013771,86299006,Tetralogy of Fallot,1,disease,BioRED
http://id.nlm.nih.gov/mesh/D013779,http://snomed.info/id/59149006,skos:closeMatch,0.93,shared_cui_strict,D013779,59149006,Tetrodotoxin,1,chemical,BioRED
http://id.nlm.nih.gov/mesh/D013786,http://snomed.info/id/88269008,skos:closeMatch,0.90,shared_cui,D013786,88269008,Thalamic syndrome,1,disease,BC5CDR
http://id.nlm.nih.gov/mesh/D013864,http://snomed.info/id/425526007,skos:closeMatch,0.90,shared_cui,D013864,425526007,Thioglycolate,1,chemical,BioRED
http://id.nlm.nih.gov/mesh/D013901,http://snomed.info/id/128210009,skos:closeMatch,0.90,shared_cui,D013901,128210009,Thoracic outlet syndrome,1,disease,BC5CDR
http://id.nlm.nih.gov/mesh/D013967,http://snomed.info/id/66944004,skos:closeMatch,0.90,shared_cui,D013967,66944004,Autoimmune thyroiditis,1,disease,BC5CDR
http://id.nlm.nih.gov/mesh/D014009,http://snomed.info/id/414941008,skos:closeMatch,0.90,shared_cui,D014009,414941008,Onychomycosis,1,disease,BC5CDR
http://id.nlm.nih.gov/mesh/D014060,http://snomed.info/id/32614006,skos:closeMatch,0.90,shared_cui,D014060,32614006,Microglossia,1,disease,BC5CDR
http://id.nlm.nih.gov/mesh/D014079,http://snomed.info/id/64572001,skos:relatedMatch,0.40,sty_fallback:Disease or Syndrome,D014079,64572001,Disease,1,disease,BioRED
http://id.nlm.nih.gov/mesh/D014123,http://snomed.info/id/187192000,skos:closeMatch,0.90,shared_cui,D014123,187192000,Toxoplasmosis,1,disease,BC5CDR
http://id.nlm.nih.gov/mesh/D014151,http://snomed.info/id/373282008,skos:closeMatch,0.90,shared_cui,D014151,373282008,Anxiolytic agent,1,chemical,BioRED
http://id.nlm.nih.gov/mesh/D014256,http://snomed.info/id/17155009,skos:closeMatch,0.90,shared_cui,D014256,17155009,Trichotillomania,1,disease,BC5CDR
http://id.nlm.nih.gov/mesh/D014388,http://snomed.info/id/10893003,skos:closeMatch,0.90,shared_cui,D014388,10893003,Tuberculous adenitis,1,disease,BC5CDR
http://id.nlm.nih.gov/mesh/D014530,http://snomed.info/id/65639002,skos:closeMatch,0.93,shared_cui_strict,D014530,65639002,Uridine diphosphate,1,chemical,BC5CDR
http://id.nlm.nih.gov/mesh/D014555,http://snomed.info/id/700242002,skos:narrowMatch,0.55,mrrel_rn,D014555,700242002,Fowler syndrome,1,disease,BC5CDR
http://id.nlm.nih.gov/mesh/D014570,http://snomed.info/id/128606002,skos:closeMatch,0.90,shared_cui,D014570,128606002,Disorder of urinary system,1,disease,BC5CDR
http://id.nlm.nih.gov/mesh/D014594,http://snomed.info/id/126908007,skos:closeMatch,0.90,shared_cui,D014594,126908007,Neoplasm of uterus,1,disease,BioRED
http://id.nlm.nih.gov/mesh/D014625,http://snomed.info/id/126921000,skos:closeMatch,0.90,shared_cui,D014625,126921000,Neoplasm of vagina,1,disease,BC5CDR
http://id.nlm.nih.gov/mesh/D014701,http://snomed.info/id/71756007,skos:closeMatch,0.93,shared_cui_strict,D014701,71756007,Veratridine,1,chemical,BC5CDR
http://id.nlm.nih.gov/mesh/D014717,http://snomed.info/id/399153001,skos:closeMatch,0.90,shared_cui,D014717,399153001,Vertigo,1,disease,BC5CDR
http://id.nlm.nih.gov/mesh/D014747,http://snomed.info/id/387051009,skos:closeMatch,0.90,shared_cui,D014747,387051009,Vinblastine,1,chemical,BioRED
http://id.nlm.nih.gov/mesh/D014748,http://snomed.info/id/61864009,skos:closeMatch,0.90,shared_cui,D014748,61864009,Vinca alkaloid,1,chemical,BC5CDR
http://id.nlm.nih.gov/mesh/D014923,http://snomed.info/id/36070007,skos:closeMatch,0.93,shared_cui_strict,D014923,36070007,Wiskott-Aldrich syndrome,1,disease,BC5CDR
http://id.nlm.nih.gov/mesh/D014973,http://snomed.info/id/63103006,skos:closeMatch,0.93,shared_cui_strict,D014973,63103006,Xanthomatosis,1,disease,BioRED
http://id.nlm.nih.gov/mesh/D014978,http://snomed.info/id/83598005,skos:closeMatch,0.90,shared_cui,D014978,83598005,Xenon,1,chemical,BC5CDR
http://id.nlm.nih.gov/mesh/D014985,http://snomed.info/id/363677007,skos:closeMatch,0.90,shared_cui,D014985,363677007,Xerophthalmia,1,disease,BC5CDR
http://id.nlm.nih.gov/mesh/D014991,http://snomed.info/id/782177004,skos:closeMatch,0.93,shared_cui_strict,D014991,782177004,Xylazine,1,chemical,BC5CDR
http://id.nlm.nih.gov/mesh/D015073,http://snomed.info/id/725541001,skos:closeMatch,0.90,shared_cui,D015073,725541001,2-acetamidofluorene,1,chemical,BC5CDR
http://id.nlm.nih.gov/mesh/D015103,http://snomed.info/id/426390004,skos:closeMatch,0.90,shared_cui,D015103,426390004,Droxidopa,1,chemical,BC5CDR
http://id.nlm.nih.gov/mesh/D015124,http://snomed.info/id/105590001,skos:relatedMatch,0.40,"sty_fallback:Nucleic Acid, Nucleoside, or Nucleotide",D015124,105590001,Substance,1,chemical,BC5CDR
http://id.nlm.nih.gov/mesh/D015242,http://snomed.info/id/387551000,skos:closeMatch,0.90,shared_cui,D015242,387551000,Ofloxacin,1,chemical,BC5CDR
http://id.nlm.nih.gov/mesh/D015306,http://snomed.info/id/105590001,skos:relatedMatch,0.40,sty_fallback:Organic Chemical,D015306,105590001,Substance,1,chemical,BC5CDR
http://id.nlm.nih.gov/mesh/D015363,http://snomed.info/id/387556005,skos:narrowMatch,0.55,mrrel_rn,D015363,387556005,Rosoxacin,1,chemical,BC5CDR
http://id.nlm.nih.gov/mesh/D015378,http://snomed.info/id/46558003,skos:closeMatch,0.90,shared_cui,D015378,46558003,Imipenem,1,chemical,BC5CDR
http://id.nlm.nih.gov/mesh/D015417,http://snomed.info/id/111499002,skos:closeMatch,0.90,shared_cui,D015417,111499002,Déjérine-Sottas disease,1,disease,BC5CDR
http://id.nlm.nih.gov/mesh/D015620,http://snomed.info/id/127070008,skos:closeMatch,0.90,shared_cui,D015620,127070008,Malignant histiocytic disorder,1,disease,BC5CDR
http://id.nlm.nih.gov/mesh/D015775,http://snomed.info/id/110398004,skos:closeMatch,0.90,shared_cui,D015775,110398004,Microfracture,1,disease,BC5CDR
http://id.nlm.nih.gov/mesh/D015877,http://snomed.info/id/63251006,skos:closeMatch,0.90,shared_cui,D015877,63251006,Persistent miosis,1,disease,BC5CDR
http://id.nlm.nih.gov/mesh/D016063,http://snomed.info/id/213261000,skos:closeMatch,0.90,shared_cui,D016063,213261000,Intraoperative hemorrhage,1,disease,BC5CDR
http://id.nlm.nih.gov/mesh/D016113,http://snomed.info/id/268282005,skos:closeMatch,0.90,shared_cui,D016113,268282005,Ichthyosiform erythroderma,1,disease,BioRED
http://id.nlm.nih.gov/mesh/D016179,http://snomed.info/id/80572003,skos:closeMatch,0.90,shared_cui,D016179,80572003,"Colony-stimulating factor, granulocytic",1,chemical,BC5CDR
http://id.nlm.nih.gov/mesh/D016257,http://snomed.info/id/105590001,skos:relatedMatch,0.40,sty_fallback:Organic Chemical,D016257,105590001,Substance,1,chemical,BioRED
http://id.nlm.nih.gov/mesh/D016491,http://snomed.info/id/400047006,skos:closeMatch,0.90,shared_cui,D016491,400047006,Peripheral vascular disease,1,disease,BC5CDR
http://id.nlm.nih.gov/mesh/D016677,http://snomed.info/id/372479006,skos:closeMatch,0.90,shared_cui,D016677,372479006,Tocainide,1,chemical,BC5CDR
http://id.nlm.nih.gov/mesh/D016736,http://snomed.info/id/26843008,skos:closeMatch,0.90,shared_cui,D016736,26843008,Antiphospholipid syndrome,1,disease,BC5CDR
http://id.nlm.nih.gov/mesh/D016751,http://snomed.info/id/7111000119109,skos:closeMatch,0.90,shared_cui,D016751,7111000119109,Viral hepatitis E,1,disease,BC5CDR
http://id.nlm.nih.gov/mesh/D016905,http://snomed.info/id/371583007,skos:closeMatch,0.90,shared_cui,D016905,371583007,Disease caused by Gram-negative bacteria,1,disease,BC5CDR
http://id.nlm.nih.gov/mesh/D016919,http://snomed.info/id/14232007,skos:closeMatch,0.90,shared_cui,D016919,14232007,Cryptococcal meningitis,1,disease,BC5CDR
http://id.nlm.nih.gov/mesh/D017258,http://snomed.info/id/126112002,skos:closeMatch,0.90,shared_cui,D017258,126112002,Medroxyprogesterone acetate,1,chemical,BC5CDR
http://id.nlm.nih.gov/mesh/D017279,http://snomed.info/id/105590001,skos:relatedMatch,0.40,"sty_fallback:Amino Acid, Peptide, or Protein",D017279,105590001,Substance,1,chemical,BioRED
http://id.nlm.nih.gov/mesh/D017298,http://snomed.info/id/386868003,skos:closeMatch,0.90,shared_cui,D017298,386868003,Bisoprolol,1,chemical,BC5CDR
http://id.nlm.nih.gov/mesh/D017325,http://snomed.info/id/871822003,skos:closeMatch,0.90,shared_cui,D017325,871822003,Hepatitis B virus antigen only vaccine product,1,chemical,BC5CDR
http://id.nlm.nih.gov/mesh/D017371,http://snomed.info/id/783923008,skos:broadMatch,0.65,mrrel_rb,D017371,783923008,Serotonin receptor agonist,1,chemical,BC5CDR
http://id.nlm.nih.gov/mesh/D017379,http://snomed.info/id/55827005,skos:closeMatch,0.90,shared_cui,D017379,55827005,Left ventricular hypertrophy,1,disease,BioRED
http://id.nlm.nih.gov/mesh/D017380,http://snomed.info/id/89792004,skos:closeMatch,0.90,shared_cui,D017380,89792004,Right ventricular hypertrophy,1,disease,BioRED
http://id.nlm.nih.gov/mesh/D017488,http://snomed.info/id/254167000,skos:closeMatch,0.90,shared_cui,D017488,254167000,Bullous ichthyosiform erythroderma,1,disease,BioRED
http://id.nlm.nih.gov/mesh/D017573,http://snomed.info/id/36949004,skos:closeMatch,0.90,shared_cui,D017573,36949004,Focal epithelial hyperplasia,1,disease,BC5CDR
http://id.nlm.nih.gov/mesh/D017699,http://snomed.info/id/30473006,skos:closeMatch,0.90,shared_cui,D017699,30473006,Pain in pelvis,1,disease,BC5CDR
http://id.nlm.nih.gov/mesh/D017880,http://snomed.info/id/60475009,skos:closeMatch,0.90,shared_cui,D017880,60475009,Congenital anomaly of limb,1,disease,BC5CDR
http://id.nlm.nih.gov/mesh/D018212,http://snomed.info/id/57500000,skos:closeMatch,0.90,shared_cui,D018212,57500000,Giant cell tumor of bone,1,disease,BioRED
http://id.nlm.nih.gov/mesh/D018233,http://snomed.info/id/14269005,skos:closeMatch,0.90,shared_cui,D018233,14269005,Embryonal rhabdomyosarcoma,1,disease,BC5CDR
http://id.nlm.nih.gov/mesh/D018256,http://snomed.info/id/82375006,skos:closeMatch,0.90,shared_cui,D018256,82375006,Adenomatous polyp,1,disease,BC5CDR
http://id.nlm.nih.gov/mesh/D018288,http://snomed.info/id/11010461000119101,skos:closeMatch,0.90,shared_cui,D018288,11010461000119101,Small cell neuroendocrine carcinoma,1,disease,BioRED
http://id.nlm.nih.gov/mesh/D018295,http://snomed.info/id/30649006,skos:closeMatch,0.90,shared_cui,D018295,30649006,Basal cell tumor,1,disease,BioRED
http://id.nlm.nih.gov/mesh/D018457,http://snomed.info/id/109894007,skos:closeMatch,0.90,shared_cui,D018457,109894007,Retained placenta,1,disease,BC5CDR
http://id.nlm.nih.gov/mesh/D018813,http://snomed.info/id/721188000,skos:closeMatch,0.93,shared_cui_strict,D018813,721188000,Multiple endocrine neoplasia type 2A,1,disease,BioRED
http://id.nlm.nih.gov/mesh/D018917,http://snomed.info/id/14357004,skos:closeMatch,0.90,shared_cui,D018917,14357004,Ischemic optic neuropathy,1,disease,BC5CDR
http://id.nlm.nih.gov/mesh/D019106,http://snomed.info/id/110265006,skos:closeMatch,0.90,shared_cui,D019106,110265006,Postoperative hemorrhage,1,disease,BC5CDR
http://id.nlm.nih.gov/mesh/D019161,http://snomed.info/id/372912004,skos:closeMatch,0.90,shared_cui,D019161,372912004,HMG-CoA reductase inhibitor,1,chemical,BC5CDR
http://id.nlm.nih.gov/mesh/D019207,http://snomed.info/id/103068006,skos:closeMatch,0.90,shared_cui,D019207,103068006,Betacarotene,1,chemical,BC5CDR
http://id.nlm.nih.gov/mesh/D019226,http://snomed.info/id/26284000,skos:closeMatch,0.90,shared_cui,D019226,26284000,Ulcer of mouth,1,disease,BC5CDR
http://id.nlm.nih.gov/mesh/D019284,http://snomed.info/id/407312007,skos:broadMatch,0.65,mrrel_rb,D019284,407312007,Enzyme inhibitor,1,chemical,BioRED
http://id.nlm.nih.gov/mesh/D019289,http://snomed.info/id/13784005,skos:closeMatch,0.93,shared_cui_strict,D019289,13784005,Pyruvic acid,1,chemical,BC5CDR
http://id.nlm.nih.gov/mesh/D019308,http://snomed.info/id/87044003,skos:closeMatch,0.93,shared_cui_strict,D019308,87044003,Palmitic acid,1,chemical,BioRED
http://id.nlm.nih.gov/mesh/D019329,http://snomed.info/id/372597001,skos:broadMatch,0.65,mrrel_rb,D019329,372597001,Alpha-2 adrenergic receptor antagonist,1,chemical,BC5CDR
http://id.nlm.nih.gov/mesh/D019446,http://snomed.info/id/371770009,skos:closeMatch,0.90,shared_cui,D019446,371770009,Endotoxemia,1,disease,BC5CDR
http://id.nlm.nih.gov/mesh/D019578,http://snomed.info/id/230297002,skos:closeMatch,0.93,shared_cui_strict,D019578,230297002,Multiple system atrophy,1,disease,BC5CDR
http://id.nlm.nih.gov/mesh/D019798,http://snomed.info/id/102694005,skos:closeMatch,0.93,shared_cui_strict,D019798,102694005,Neopterin,1,chemical,BioRED
http://id.nlm.nih.gov/mesh/D019818,http://snomed.info/id/395939008,skos:closeMatch,0.90,shared_cui,D019818,395939008,Clavulanic acid,1,chemical,BC5CDR
http://id.nlm.nih.gov/mesh/D019900,http://snomed.info/id/372586001,skos:broadMatch,0.65,mrrel_rb,D019900,372586001,Hypotensive agent,1,chemical,BC5CDR
http://id.nlm.nih.gov/mesh/D019946,http://snomed.info/id/13668001,skos:closeMatch,0.90,shared_cui,D019946,13668001,Propylene glycol,1,chemical,BC5CDR
http://id.nlm.nih.gov/mesh/D019954,http://snomed.info/id/404684003,skos:relatedMatch,0.40,sty_fallback:Sign or Symptom,D019954,404684003,Clinical finding,1,disease,BC5CDR
http://id.nlm.nih.gov/mesh/D019955,http://snomed.info/id/430909002,skos:closeMatch,0.90,shared_cui,D019955,430909002,Conduct disorder,1,disease,BC5CDR
http://id.nlm.nih.gov/mesh/D019967,http://snomed.info/id/74732009,skos:relatedMatch,0.40,sty_fallback:Mental or Behavioral Dysfunction,D019967,74732009,Mental disorder,1,disease,BC5CDR
http://id.nlm.nih.gov/mesh/D020031,http://snomed.info/id/240530001,skos:closeMatch,0.90,shared_cui,D020031,240530001,Epstein-Barr virus disease,1,disease,BC5CDR
http://id.nlm.nih.gov/mesh/D020078,http://snomed.info/id/417746004,skos:relatedMatch,0.40,sty_fallback:Injury or Poisoning,D020078,417746004,Traumatic injury,1,disease,BC5CDR
http://id.nlm.nih.gov/mesh/D020108,http://snomed.info/id/395809002,skos:closeMatch,0.90,shared_cui,D020108,395809002,Nicorandil,1,chemical,BC5CDR
http://id.nlm.nih.gov/mesh/D020109,http://snomed.info/id/327298003,skos:broadMatch,0.65,mrrel_rb,D020109,327298003,Hormone receptor antagonist-containing product,1,chemical,BioRED
http://id.nlm.nih.gov/mesh/D020146,http://snomed.info/id/451039008,skos:closeMatch,0.90,shared_cui,D020146,451039008,Hemorrhage in putamen,1,disease,BC5CDR
http://id.nlm.nih.gov/mesh/D020155,http://snomed.info/id/115361002,skos:closeMatch,0.90,shared_cui,D020155,115361002,3-hydroxybutyrate,1,chemical,BC5CDR
http://id.nlm.nih.gov/mesh/D020178,http://snomed.info/id/271794005,skos:closeMatch,0.90,shared_cui,D020178,271794005,Disorder of sleep-wake cycle,1,disease,BC5CDR
http://id.nlm.nih.gov/mesh/D020182,http://snomed.info/id/9741000119101,skos:closeMatch,0.90,shared_cui,D020182,9741000119101,Primary central sleep apnea,1,disease,BC5CDR
http://id.nlm.nih.gov/mesh/D020195,http://snomed.info/id/7689009,skos:closeMatch,0.90,shared_cui,D020195,7689009,Reading seizure,1,disease,BC5CDR
http://id.nlm.nih.gov/mesh/D020225,http://snomed.info/id/70607008,skos:closeMatch,0.90,shared_cui,D020225,70607008,Thrombosis of superior sagittal sinus,1,disease,BC5CDR
http://id.nlm.nih.gov/mesh/D020227,http://snomed.info/id/21258007,skos:closeMatch,0.90,shared_cui,D020227,21258007,Thrombosis of lateral venous sinus,1,disease,BC5CDR
http://id.nlm.nih.gov/mesh/D020271,http://snomed.info/id/784346006,skos:narrowMatch,0.55,mrrel_rn,D020271,784346006,Navajo neurohepatopathy,1,disease,BioRED
http://id.nlm.nih.gov/mesh/D020275,http://snomed.info/id/40956001,skos:closeMatch,0.90,shared_cui,D020275,40956001,Guillain-Barré syndrome,1,disease,BC5CDR
http://id.nlm.nih.gov/mesh/D020345,http://snomed.info/id/64572001,skos:relatedMatch,0.40,sty_fallback:Disease or Syndrome,D020345,64572001,Disease,1,disease,BC5CDR
http://id.nlm.nih.gov/mesh/D020355,http://snomed.info/id/17147002,skos:closeMatch,0.90,shared_cui,D020355,17147002,Cholate,1,chemical,BC5CDR
http://id.nlm.nih.gov/mesh/D020425,http://snomed.info/id/16644004,skos:closeMatch,0.93,shared_cui_strict,D020425,16644004,Radial neuropathy,1,disease,BC5CDR
http://id.nlm.nih.gov/mesh/D020511,http://snomed.info/id/128213006,skos:closeMatch,0.90,shared_cui,D020511,128213006,Neuromuscular junction disorder,1,disease,BC5CDR
http://id.nlm.nih.gov/mesh/D020767,http://snomed.info/id/155401002,skos:closeMatch,0.90,shared_cui,D020767,155401002,Cerebral thrombosis,1,disease,BC5CDR
http://id.nlm.nih.gov/mesh/D020773,http://snomed.info/id/230461009,skos:closeMatch,0.90,shared_cui,D020773,230461009,Headache disorder,1,disease,BioRED
http://id.nlm.nih.gov/mesh/D020833,http://snomed.info/id/417746004,skos:relatedMatch,0.40,sty_fallback:Injury or Poisoning,D020833,417746004,Traumatic injury,1,disease,BioRED
http://id.nlm.nih.gov/mesh/D020875,http://snomed.info/id/372813008,skos:broadMatch,0.65,mrrel_rb,D020875,372813008,Antiarrhythmic agent,1,chemical,BC5CDR
http://id.nlm.nih.gov/mesh/D020881,http://snomed.info/id/3622004,skos:broadMatch,0.65,mrrel_rb,D020881,3622004,Opioid analgesics,1,chemical,BC5CDR
http://id.nlm.nih.gov/mesh/D020891,http://snomed.info/id/129512009,skos:closeMatch,0.90,shared_cui,D020891,129512009,Carbon (11-C) raclopride,1,chemical,BC5CDR
http://id.nlm.nih.gov/mesh/D020910,http://snomed.info/id/372501008,skos:closeMatch,0.90,shared_cui,D020910,372501008,Ketorolac,1,chemical,BC5CDR
http://id.nlm.nih.gov/mesh/D020922,http://snomed.info/id/277181009,skos:closeMatch,0.90,shared_cui,D020922,277181009,Sleep starts,1,disease,BC5CDR
http://id.nlm.nih.gov/mesh/D020926,http://snomed.info/id/782158001,skos:closeMatch,0.90,shared_cui,D020926,782158001,Medetomidine,1,chemical,BC5CDR
http://id.nlm.nih.gov/mesh/D024505,http://snomed.info/id/37237003,skos:closeMatch,0.90,shared_cui,D024505,37237003,Tocopherol,1,chemical,BC5CDR
http://id.nlm.nih.gov/mesh/D025101,http://snomed.info/id/259662009,skos:closeMatch,0.90,shared_cui,D025101,259662009,Vitamin B6,1,chemical,BC5CDR
http://id.nlm.nih.gov/mesh/D025242,http://snomed.info/id/372109003,skos:closeMatch,0.90,shared_cui,D025242,372109003,Disorder of joint of spine,1,disease,BC5CDR
http://id.nlm.nih.gov/mesh/D026902,http://snomed.info/id/415152007,skos:closeMatch,0.90,shared_cui,D026902,415152007,Potassium channel blocker,1,chemical,BioRED
http://id.nlm.nih.gov/mesh/D029502,http://snomed.info/id/88854002,skos:closeMatch,0.90,shared_cui,D029502,88854002,Familial hypoplastic anemia,1,disease,BioRED
http://id.nlm.nih.gov/mesh/D031901,http://snomed.info/id/416402001,skos:closeMatch,0.90,shared_cui,D031901,416402001,Gestational trophoblastic disease,1,disease,BC5CDR
http://id.nlm.nih.gov/mesh/D034341,http://snomed.info/id/1204053009,skos:narrowMatch,0.55,mrrel_rn,D034341,1204053009,Aristolochic acid,1,chemical,BC5CDR
http://id.nlm.nih.gov/mesh/D034721,http://snomed.info/id/1255137009,skos:closeMatch,0.90,shared_cui,D034721,1255137009,Systemic mastocytosis,1,disease,BC5CDR
http://id.nlm.nih.gov/mesh/D034801,http://snomed.info/id/63175003,skos:closeMatch,0.90,shared_cui,D034801,63175003,Localized extracutaneous mastocytosis,1,disease,BC5CDR
http://id.nlm.nih.gov/mesh/D040181,http://snomed.info/id/128430005,skos:closeMatch,0.90,shared_cui,D040181,128430005,X-linked hereditary disease,1,disease,BioRED
http://id.nlm.nih.gov/mesh/D044182,http://snomed.info/id/36824004,skos:narrowMatch,0.55,mrrel_rn,D044182,36824004,Dauricine,1,chemical,BC5CDR
http://id.nlm.nih.gov/mesh/D044242,http://snomed.info/id/436831000124108,skos:closeMatch,0.90,shared_cui,D044242,436831000124108,Trans fat,1,chemical,BioRED
http://id.nlm.nih.gov/mesh/D044348,http://snomed.info/id/105590001,skos:relatedMatch,0.40,"sty_fallback:Amino Acid, Peptide, or Protein",D044348,105590001,Substance,1,chemical,BC5CDR
http://id.nlm.nih.gov/mesh/D044903,http://snomed.info/id/360339005,skos:closeMatch,0.90,shared_cui,D044903,360339005,Congenital hyperinsulinism,1,disease,BioRED
http://id.nlm.nih.gov/mesh/D044945,http://snomed.info/id/725534007,skos:narrowMatch,0.55,mrrel_rn,D044945,725534007,Crofelemer,1,chemical,BC5CDR
http://id.nlm.nih.gov/mesh/D045262,http://snomed.info/id/46049004,skos:closeMatch,0.90,shared_cui,D045262,46049004,Reticulocytosis,1,disease,BC5CDR
http://id.nlm.nih.gov/mesh/D045304,http://snomed.info/id/105590001,skos:relatedMatch,0.40,"sty_fallback:Amino Acid, Peptide, or Protein",D045304,105590001,Substance,1,chemical,BioRED
http://id.nlm.nih.gov/mesh/D047069,http://snomed.info/id/105590001,skos:relatedMatch,0.40,sty_fallback:Organic Chemical,D047069,105590001,Substance,1,chemical,BC5CDR
http://id.nlm.nih.gov/mesh/D048288,http://snomed.info/id/105590001,skos:relatedMatch,0.40,sty_fallback:Organic Chemical,D048288,105590001,Substance,1,chemical,BC5CDR
http://id.nlm.nih.gov/mesh/D048550,http://snomed.info/id/59927004,skos:closeMatch,0.90,shared_cui,D048550,59927004,Hepatic insufficiency,1,disease,BC5CDR
http://id.nlm.nih.gov/mesh/D048909,http://snomed.info/id/74627003,skos:closeMatch,0.90,shared_cui,D048909,74627003,Complication due to diabetes mellitus,1,disease,BC5CDR
http://id.nlm.nih.gov/mesh/D049994,http://snomed.info/id/372691009,skos:closeMatch,0.90,shared_cui,D049994,372691009,Loop diuretic,1,chemical,BC5CDR
http://id.nlm.nih.gov/mesh/D050033,http://snomed.info/id/367524008,skos:closeMatch,0.90,shared_cui,D050033,367524008,Hypoplasia of thyroid,1,disease,BioRED
http://id.nlm.nih.gov/mesh/D050497,http://snomed.info/id/237364002,skos:closeMatch,0.90,shared_cui,D050497,237364002,Stillbirth,1,disease,BC5CDR
http://id.nlm.nih.gov/mesh/D051270,http://snomed.info/id/122711000119109,skos:closeMatch,0.90,shared_cui,D051270,122711000119109,Hypnic headache,1,disease,BC5CDR
http://id.nlm.nih.gov/mesh/D052439,http://snomed.info/id/267431006,skos:closeMatch,0.90,shared_cui,D052439,267431006,Disorder of lipid metabolism,1,disease,BioRED
http://id.nlm.nih.gov/mesh/D053158,http://snomed.info/id/139394000,skos:closeMatch,0.90,shared_cui,D053158,139394000,Nocturia,1,disease,BC5CDR
http://id.nlm.nih.gov/mesh/D053498,http://snomed.info/id/105590001,skos:relatedMatch,0.40,"sty_fallback:Amino Acid, Peptide, or Protein",D053498,105590001,Substance,1,chemical,BioRED
http://id.nlm.nih.gov/mesh/D053565,http://snomed.info/id/71938000,skos:closeMatch,0.90,shared_cui,D053565,71938000,Hypercalciuria,1,disease,BioRED
http://id.nlm.nih.gov/mesh/D053610,http://snomed.info/id/395994000,skos:closeMatch,0.90,shared_cui,D053610,395994000,Opium alkaloid,1,chemical,BioRED
http://id.nlm.nih.gov/mesh/D054092,http://snomed.info/id/204317008,skos:closeMatch,0.90,shared_cui,D054092,204317008,Patent foramen ovale,1,disease,BC5CDR
http://id.nlm.nih.gov/mesh/D054828,http://snomed.info/id/764504006,skos:closeMatch,0.90,shared_cui,D054828,764504006,Histamine H3 receptor antagonist,1,chemical,BioRED
http://id.nlm.nih.gov/mesh/D055191,http://snomed.info/id/16629000,skos:closeMatch,0.90,shared_cui,D055191,16629000,Delayed recovery from anesthesia,1,disease,BioRED
http://id.nlm.nih.gov/mesh/D056487,http://snomed.info/id/235889003,skos:closeMatch,0.90,shared_cui,D056487,235889003,Drug-induced chronic hepatitis,1,disease,BC5CDR
http://id.nlm.nih.gov/mesh/D056810,http://snomed.info/id/24686008,skos:closeMatch,0.90,shared_cui,D056810,24686008,Acaricide,1,chemical,BioRED
http://id.nlm.nih.gov/mesh/D056824,http://snomed.info/id/128054009,skos:closeMatch,0.90,shared_cui,D056824,128054009,Deep venous thrombosis of upper extremity,1,disease,BC5CDR
http://id.nlm.nih.gov/mesh/D057085,http://snomed.info/id/53963006,skos:closeMatch,0.90,shared_cui,D057085,53963006,Tooth wear,1,disease,BC5CDR
http://id.nlm.nih.gov/mesh/D058065,http://snomed.info/id/788878000,skos:closeMatch,0.90,shared_cui,D058065,788878000,Diabetic cardiomyopathy,1,disease,BioRED
http://id.nlm.nih.gov/mesh/D058627,http://snomed.info/id/12138000,skos:closeMatch,0.90,shared_cui,D058627,12138000,Large head,1,disease,BioRED
http://id.nlm.nih.gov/mesh/D058633,http://snomed.info/id/76644002,skos:closeMatch,0.90,shared_cui,D058633,76644002,Antipyretic,1,chemical,BioRED
http://id.nlm.nih.gov/mesh/D058647,http://snomed.info/id/372548005,skos:closeMatch,0.90,shared_cui,D058647,372548005,Alpha-2 adrenergic receptor agonist,1,chemical,BC5CDR
http://id.nlm.nih.gov/mesh/D058825,http://snomed.info/id/108405004,skos:closeMatch,0.90,shared_cui,D058825,108405004,Serotonin 5-HT1 receptor agonist,1,chemical,BC5CDR
http://id.nlm.nih.gov/mesh/D058914,http://snomed.info/id/373873005,skos:relatedMatch,0.40,sty_fallback:Pharmacologic Substance,D058914,373873005,Pharmaceutical / biologic product,1,chemical,BioRED
http://id.nlm.nih.gov/mesh/D059413,http://snomed.info/id/128070006,skos:closeMatch,0.90,shared_cui,D059413,128070006,Infectious disease of abdomen,1,disease,BC5CDR
http://id.nlm.nih.gov/mesh/D060085,http://snomed.info/id/264569006,skos:closeMatch,0.90,shared_cui,D060085,264569006,Secondary infection,1,disease,BC5CDR
http://id.nlm.nih.gov/mesh/D060172,http://snomed.info/id/1179224007,skos:narrowMatch,0.55,mrrel_rn,D060172,1179224007,Casimersen,1,chemical,BioRED
http://id.nlm.nih.gov/mesh/D060845,http://snomed.info/id/248025009,skos:closeMatch,0.93,shared_cui_strict,D060845,248025009,Hoarding,1,disease,BC5CDR
http://id.nlm.nih.gov/mesh/D061218,http://snomed.info/id/1153570009,skos:closeMatch,0.90,shared_cui,D061218,1153570009,Treatment resistant depression,1,disease,BC5CDR
http://id.nlm.nih.gov/mesh/D062907,http://snomed.info/id/47097008,skos:closeMatch,0.93,shared_cui_strict,D062907,47097008,Oxaloacetic acid,1,chemical,BC5CDR
http://id.nlm.nih.gov/mesh/D064751,http://snomed.info/id/116770007,skos:closeMatch,0.90,shared_cui,D064751,116770007,Ammonium ion,1,chemical,BC5CDR
http://id.nlm.nih.gov/mesh/D065098,http://snomed.info/id/372646000,skos:closeMatch,0.90,shared_cui,D065098,372646000,Catechol-O-methyltransferase inhibitor,1,chemical,BioRED
http://id.nlm.nih.gov/mesh/D066087,http://snomed.info/id/276506001,skos:closeMatch,0.90,shared_cui,D066087,276506001,Neonatal death,1,disease,BioRED
